date,store_id,sku_id,units_sold,price,promo_flag
2024-01-01,STORE-DEL-01,SKU-MILK-1L,66,28.00,1
2024-01-02,STORE-DEL-01,SKU-MILK-1L,53,28.00,0
2024-01-03,STORE-DEL-01,SKU-MILK-1L,49,28.00,1
2024-01-04,STORE-DEL-01,SKU-MILK-1L,35,28.00,0
2024-01-05,STORE-DEL-01,SKU-MILK-1L,60,28.00,0
2024-01-06,STORE-DEL-01,SKU-MILK-1L,77,28.00,0
2024-01-07,STORE-DEL-01,SKU-MILK-1L,72,28.00,0
2024-01-08,STORE-DEL-01,SKU-MILK-1L,33,28.00,0
2024-01-09,STORE-DEL-01,SKU-MILK-1L,29,28.00,0
2024-01-10,STORE-DEL-01,SKU-MILK-1L,46,28.00,1
2024-01-11,STORE-DEL-01,SKU-MILK-1L,44,28.00,0
2024-01-12,STORE-DEL-01,SKU-MILK-1L,50,28.00,0
2024-01-13,STORE-DEL-01,SKU-MILK-1L,48,28.00,0
2024-01-14,STORE-DEL-01,SKU-MILK-1L,66,28.00,0
2024-01-15,STORE-DEL-01,SKU-MILK-1L,88,28.00,0
2024-01-16,STORE-DEL-01,SKU-MILK-1L,42,28.00,0
2024-01-17,STORE-DEL-01,SKU-MILK-1L,0,28.00,0
2024-01-18,STORE-DEL-01,SKU-MILK-1L,45,28.00,0
2024-01-19,STORE-DEL-01,SKU-MILK-1L,37,28.00,0
2024-01-20,STORE-DEL-01,SKU-MILK-1L,39,28.00,0
2024-01-21,STORE-DEL-01,SKU-MILK-1L,51,28.00,0
2024-01-22,STORE-DEL-01,SKU-MILK-1L,59,28.00,0
2024-01-23,STORE-DEL-01,SKU-MILK-1L,45,28.00,0
2024-01-24,STORE-DEL-01,SKU-MILK-1L,57,28.00,0
2024-01-25,STORE-DEL-01,SKU-MILK-1L,56,28.00,0
2024-01-26,STORE-DEL-01,SKU-MILK-1L,48,28.00,0
2024-01-27,STORE-DEL-01,SKU-MILK-1L,53,28.00,0
2024-01-28,STORE-DEL-01,SKU-MILK-1L,54,28.00,0
2024-01-29,STORE-DEL-01,SKU-MILK-1L,57,28.00,0
2024-01-30,STORE-DEL-01,SKU-MILK-1L,38,28.00,0
2024-01-31,STORE-DEL-01,SKU-MILK-1L,0,28.00,0
2024-02-01,STORE-DEL-01,SKU-MILK-1L,36,28.00,0
2024-02-02,STORE-DEL-01,SKU-MILK-1L,40,28.00,0
2024-02-03,STORE-DEL-01,SKU-MILK-1L,42,28.00,0
2024-02-04,STORE-DEL-01,SKU-MILK-1L,49,28.00,0
2024-02-05,STORE-DEL-01,SKU-MILK-1L,59,28.00,0
2024-02-06,STORE-DEL-01,SKU-MILK-1L,67,28.00,0
2024-02-07,STORE-DEL-01,SKU-MILK-1L,26,28.00,0
2024-02-08,STORE-DEL-01,SKU-MILK-1L,40,28.00,0
2024-02-09,STORE-DEL-01,SKU-MILK-1L,33,28.00,0
2024-02-10,STORE-DEL-01,SKU-MILK-1L,36,28.00,0
2024-02-11,STORE-DEL-01,SKU-MILK-1L,37,28.00,0
2024-02-12,STORE-DEL-01,SKU-MILK-1L,49,28.00,0
2024-02-13,STORE-DEL-01,SKU-MILK-1L,38,28.00,0
2024-02-14,STORE-DEL-01,SKU-MILK-1L,55,28.00,0
2024-02-15,STORE-DEL-01,SKU-MILK-1L,33,28.00,0
2024-02-16,STORE-DEL-01,SKU-MILK-1L,40,28.00,0
2024-02-17,STORE-DEL-01,SKU-MILK-1L,54,28.00,0
2024-02-18,STORE-DEL-01,SKU-MILK-1L,24,28.00,0
2024-02-19,STORE-DEL-01,SKU-MILK-1L,52,28.00,0
2024-02-20,STORE-DEL-01,SKU-MILK-1L,43,28.00,0
2024-02-21,STORE-DEL-01,SKU-MILK-1L,54,28.00,0
2024-02-22,STORE-DEL-01,SKU-MILK-1L,46,28.00,0
2024-02-23,STORE-DEL-01,SKU-MILK-1L,47,28.00,0
2024-02-24,STORE-DEL-01,SKU-MILK-1L,67,28.00,0
2024-02-25,STORE-DEL-01,SKU-MILK-1L,36,28.00,0
2024-02-26,STORE-DEL-01,SKU-MILK-1L,74,28.00,0
2024-02-27,STORE-DEL-01,SKU-MILK-1L,46,28.00,0
2024-02-28,STORE-DEL-01,SKU-MILK-1L,38,28.00,0
2024-02-29,STORE-DEL-01,SKU-MILK-1L,75,28.00,0
2024-03-01,STORE-DEL-01,SKU-MILK-1L,33,28.00,1
2024-03-02,STORE-DEL-01,SKU-MILK-1L,80,28.00,0
2024-03-03,STORE-DEL-01,SKU-MILK-1L,54,28.00,0
2024-03-04,STORE-DEL-01,SKU-MILK-1L,30,28.00,0
2024-03-05,STORE-DEL-01,SKU-MILK-1L,54,28.00,0
2024-03-06,STORE-DEL-01,SKU-MILK-1L,54,28.00,0
2024-03-07,STORE-DEL-01,SKU-MILK-1L,54,28.00,0
2024-03-08,STORE-DEL-01,SKU-MILK-1L,50,28.00,0
2024-03-09,STORE-DEL-01,SKU-MILK-1L,57,28.00,0
2024-03-10,STORE-DEL-01,SKU-MILK-1L,53,28.00,0
2024-03-11,STORE-DEL-01,SKU-MILK-1L,41,28.00,0
2024-03-12,STORE-DEL-01,SKU-MILK-1L,67,28.00,1
2024-03-13,STORE-DEL-01,SKU-MILK-1L,42,28.00,0
2024-03-14,STORE-DEL-01,SKU-MILK-1L,45,28.00,0
2024-03-15,STORE-DEL-01,SKU-MILK-1L,65,28.00,0
2024-03-16,STORE-DEL-01,SKU-MILK-1L,69,28.00,0
2024-03-17,STORE-DEL-01,SKU-MILK-1L,70,28.00,0
2024-03-18,STORE-DEL-01,SKU-MILK-1L,46,28.00,0
2024-03-19,STORE-DEL-01,SKU-MILK-1L,43,28.00,0
2024-03-20,STORE-DEL-01,SKU-MILK-1L,26,28.00,0
2024-03-21,STORE-DEL-01,SKU-MILK-1L,59,28.00,0
2024-03-22,STORE-DEL-01,SKU-MILK-1L,82,28.00,0
2024-03-23,STORE-DEL-01,SKU-MILK-1L,71,28.00,0
2024-03-24,STORE-DEL-01,SKU-MILK-1L,124,28.00,0
2024-03-25,STORE-DEL-01,SKU-MILK-1L,123,28.00,0
2024-03-26,STORE-DEL-01,SKU-MILK-1L,140,28.00,0
2024-03-27,STORE-DEL-01,SKU-MILK-1L,92,28.00,0
2024-03-28,STORE-DEL-01,SKU-MILK-1L,74,28.00,0
2024-03-29,STORE-DEL-01,SKU-MILK-1L,36,28.00,0
2024-03-30,STORE-DEL-01,SKU-MILK-1L,43,28.00,0
2024-03-31,STORE-DEL-01,SKU-MILK-1L,39,28.00,0
2024-04-01,STORE-DEL-01,SKU-MILK-1L,46,28.00,0
2024-04-02,STORE-DEL-01,SKU-MILK-1L,40,28.00,0
2024-04-03,STORE-DEL-01,SKU-MILK-1L,59,28.00,0
2024-04-04,STORE-DEL-01,SKU-MILK-1L,42,28.00,0
2024-04-05,STORE-DEL-01,SKU-MILK-1L,59,28.00,0
2024-04-06,STORE-DEL-01,SKU-MILK-1L,63,28.00,0
2024-04-07,STORE-DEL-01,SKU-MILK-1L,46,28.00,0
2024-04-08,STORE-DEL-01,SKU-MILK-1L,67,28.00,0
2024-04-09,STORE-DEL-01,SKU-MILK-1L,31,28.00,0
2024-04-10,STORE-DEL-01,SKU-MILK-1L,51,28.00,0
2024-04-11,STORE-DEL-01,SKU-MILK-1L,57,28.00,0
2024-04-12,STORE-DEL-01,SKU-MILK-1L,49,28.00,0
2024-04-13,STORE-DEL-01,SKU-MILK-1L,64,28.00,0
2024-04-14,STORE-DEL-01,SKU-MILK-1L,47,28.00,0
2024-04-15,STORE-DEL-01,SKU-MILK-1L,76,28.00,1
2024-04-16,STORE-DEL-01,SKU-MILK-1L,58,28.00,0
2024-04-17,STORE-DEL-01,SKU-MILK-1L,57,28.00,0
2024-04-18,STORE-DEL-01,SKU-MILK-1L,40,28.00,0
2024-04-19,STORE-DEL-01,SKU-MILK-1L,42,28.00,0
2024-04-20,STORE-DEL-01,SKU-MILK-1L,44,28.00,0
2024-04-21,STORE-DEL-01,SKU-MILK-1L,72,28.00,1
2024-04-22,STORE-DEL-01,SKU-MILK-1L,55,28.00,0
2024-04-23,STORE-DEL-01,SKU-MILK-1L,35,28.00,0
2024-04-24,STORE-DEL-01,SKU-MILK-1L,44,28.00,0
2024-04-25,STORE-DEL-01,SKU-MILK-1L,56,28.00,0
2024-04-26,STORE-DEL-01,SKU-MILK-1L,42,28.00,0
2024-04-27,STORE-DEL-01,SKU-MILK-1L,46,28.00,0
2024-04-28,STORE-DEL-01,SKU-MILK-1L,43,28.00,0
2024-04-29,STORE-DEL-01,SKU-MILK-1L,34,28.00,0
2024-04-30,STORE-DEL-01,SKU-MILK-1L,61,28.00,0
2024-05-01,STORE-DEL-01,SKU-MILK-1L,63,28.00,0
2024-05-02,STORE-DEL-01,SKU-MILK-1L,37,28.00,0
2024-05-03,STORE-DEL-01,SKU-MILK-1L,56,28.00,0
2024-05-04,STORE-DEL-01,SKU-MILK-1L,61,28.00,0
2024-05-05,STORE-DEL-01,SKU-MILK-1L,39,28.00,0
2024-05-06,STORE-DEL-01,SKU-MILK-1L,53,28.00,0
2024-05-07,STORE-DEL-01,SKU-MILK-1L,35,28.00,0
2024-05-08,STORE-DEL-01,SKU-MILK-1L,87,28.00,0
2024-05-09,STORE-DEL-01,SKU-MILK-1L,37,28.00,0
2024-05-10,STORE-DEL-01,SKU-MILK-1L,36,28.00,0
2024-05-11,STORE-DEL-01,SKU-MILK-1L,51,28.00,0
2024-05-12,STORE-DEL-01,SKU-MILK-1L,37,28.00,0
2024-05-13,STORE-DEL-01,SKU-MILK-1L,43,28.00,0
2024-05-14,STORE-DEL-01,SKU-MILK-1L,41,28.00,0
2024-05-15,STORE-DEL-01,SKU-MILK-1L,53,28.00,0
2024-05-16,STORE-DEL-01,SKU-MILK-1L,62,28.00,0
2024-05-17,STORE-DEL-01,SKU-MILK-1L,47,28.00,0
2024-05-18,STORE-DEL-01,SKU-MILK-1L,53,28.00,0
2024-05-19,STORE-DEL-01,SKU-MILK-1L,48,28.00,0
2024-05-20,STORE-DEL-01,SKU-MILK-1L,48,28.00,0
2024-05-21,STORE-DEL-01,SKU-MILK-1L,39,28.00,0
2024-05-22,STORE-DEL-01,SKU-MILK-1L,52,28.00,0
2024-05-23,STORE-DEL-01,SKU-MILK-1L,42,28.00,0
2024-05-24,STORE-DEL-01,SKU-MILK-1L,51,28.00,0
2024-05-25,STORE-DEL-01,SKU-MILK-1L,52,28.00,0
2024-05-26,STORE-DEL-01,SKU-MILK-1L,32,28.00,0
2024-05-27,STORE-DEL-01,SKU-MILK-1L,45,28.00,0
2024-05-28,STORE-DEL-01,SKU-MILK-1L,39,28.00,0
2024-05-29,STORE-DEL-01,SKU-MILK-1L,53,28.00,0
2024-05-30,STORE-DEL-01,SKU-MILK-1L,56,28.00,1
2024-05-31,STORE-DEL-01,SKU-MILK-1L,39,28.00,0
2024-06-01,STORE-DEL-01,SKU-MILK-1L,43,28.00,0
2024-06-02,STORE-DEL-01,SKU-MILK-1L,31,28.00,0
2024-06-03,STORE-DEL-01,SKU-MILK-1L,52,28.00,0
2024-06-04,STORE-DEL-01,SKU-MILK-1L,42,28.00,0
2024-06-05,STORE-DEL-01,SKU-MILK-1L,31,28.00,0
2024-06-06,STORE-DEL-01,SKU-MILK-1L,31,28.00,0
2024-06-07,STORE-DEL-01,SKU-MILK-1L,54,28.00,1
2024-06-08,STORE-DEL-01,SKU-MILK-1L,62,28.00,0
2024-06-09,STORE-DEL-01,SKU-MILK-1L,0,28.00,0
2024-06-10,STORE-DEL-01,SKU-MILK-1L,45,28.00,0
2024-06-11,STORE-DEL-01,SKU-MILK-1L,52,28.00,0
2024-06-12,STORE-DEL-01,SKU-MILK-1L,39,28.00,0
2024-06-13,STORE-DEL-01,SKU-MILK-1L,38,28.00,0
2024-06-14,STORE-DEL-01,SKU-MILK-1L,28,28.00,0
2024-06-15,STORE-DEL-01,SKU-MILK-1L,70,28.00,0
2024-06-16,STORE-DEL-01,SKU-MILK-1L,44,28.00,0
2024-06-17,STORE-DEL-01,SKU-MILK-1L,43,28.00,0
2024-06-18,STORE-DEL-01,SKU-MILK-1L,42,28.00,0
2024-06-19,STORE-DEL-01,SKU-MILK-1L,20,28.00,0
2024-06-20,STORE-DEL-01,SKU-MILK-1L,50,28.00,0
2024-06-21,STORE-DEL-01,SKU-MILK-1L,69,28.00,0
2024-06-22,STORE-DEL-01,SKU-MILK-1L,76,28.00,0
2024-06-23,STORE-DEL-01,SKU-MILK-1L,51,28.00,0
2024-06-24,STORE-DEL-01,SKU-MILK-1L,34,28.00,0
2024-06-25,STORE-DEL-01,SKU-MILK-1L,55,28.00,0
2024-06-26,STORE-DEL-01,SKU-MILK-1L,50,28.00,0
2024-06-27,STORE-DEL-01,SKU-MILK-1L,21,28.00,0
2024-06-28,STORE-DEL-01,SKU-MILK-1L,53,28.00,0
2024-06-29,STORE-DEL-01,SKU-MILK-1L,0,28.00,0
2024-06-30,STORE-DEL-01,SKU-MILK-1L,49,28.00,0
2024-07-01,STORE-DEL-01,SKU-MILK-1L,35,28.00,0
2024-07-02,STORE-DEL-01,SKU-MILK-1L,40,28.00,0
2024-07-03,STORE-DEL-01,SKU-MILK-1L,39,28.00,0
2024-07-04,STORE-DEL-01,SKU-MILK-1L,26,28.00,0
2024-07-05,STORE-DEL-01,SKU-MILK-1L,37,28.00,0
2024-07-06,STORE-DEL-01,SKU-MILK-1L,54,28.00,0
2024-07-07,STORE-DEL-01,SKU-MILK-1L,39,28.00,0
2024-07-08,STORE-DEL-01,SKU-MILK-1L,19,28.00,0
2024-07-09,STORE-DEL-01,SKU-MILK-1L,38,28.00,0
2024-07-10,STORE-DEL-01,SKU-MILK-1L,27,28.00,0
2024-07-11,STORE-DEL-01,SKU-MILK-1L,48,28.00,0
2024-07-12,STORE-DEL-01,SKU-MILK-1L,59,28.00,0
2024-07-13,STORE-DEL-01,SKU-MILK-1L,39,28.00,0
2024-07-14,STORE-DEL-01,SKU-MILK-1L,48,28.00,0
2024-07-15,STORE-DEL-01,SKU-MILK-1L,24,28.00,0
2024-07-16,STORE-DEL-01,SKU-MILK-1L,41,28.00,0
2024-07-17,STORE-DEL-01,SKU-MILK-1L,50,28.00,0
2024-07-18,STORE-DEL-01,SKU-MILK-1L,0,28.00,0
2024-07-19,STORE-DEL-01,SKU-MILK-1L,33,28.00,0
2024-07-20,STORE-DEL-01,SKU-MILK-1L,43,28.00,0
2024-07-21,STORE-DEL-01,SKU-MILK-1L,48,28.00,0
2024-07-22,STORE-DEL-01,SKU-MILK-1L,41,28.00,0
2024-07-23,STORE-DEL-01,SKU-MILK-1L,29,28.00,0
2024-07-24,STORE-DEL-01,SKU-MILK-1L,45,28.00,0
2024-07-25,STORE-DEL-01,SKU-MILK-1L,26,28.00,0
2024-07-26,STORE-DEL-01,SKU-MILK-1L,36,28.00,0
2024-07-27,STORE-DEL-01,SKU-MILK-1L,55,28.00,0
2024-07-28,STORE-DEL-01,SKU-MILK-1L,56,28.00,0
2024-07-29,STORE-DEL-01,SKU-MILK-1L,34,28.00,0
2024-07-30,STORE-DEL-01,SKU-MILK-1L,70,28.00,0
2024-07-31,STORE-DEL-01,SKU-MILK-1L,64,28.00,0
2024-08-01,STORE-DEL-01,SKU-MILK-1L,39,28.00,0
2024-08-02,STORE-DEL-01,SKU-MILK-1L,27,28.00,0
2024-08-03,STORE-DEL-01,SKU-MILK-1L,46,28.00,0
2024-08-04,STORE-DEL-01,SKU-MILK-1L,46,28.00,0
2024-08-05,STORE-DEL-01,SKU-MILK-1L,61,28.00,0
2024-08-06,STORE-DEL-01,SKU-MILK-1L,37,28.00,0
2024-08-07,STORE-DEL-01,SKU-MILK-1L,36,28.00,0
2024-08-08,STORE-DEL-01,SKU-MILK-1L,30,28.00,0
2024-08-09,STORE-DEL-01,SKU-MILK-1L,52,28.00,0
2024-08-10,STORE-DEL-01,SKU-MILK-1L,54,28.00,0
2024-08-11,STORE-DEL-01,SKU-MILK-1L,50,28.00,0
2024-08-12,STORE-DEL-01,SKU-MILK-1L,39,28.00,0
2024-08-13,STORE-DEL-01,SKU-MILK-1L,55,28.00,0
2024-08-14,STORE-DEL-01,SKU-MILK-1L,41,28.00,0
2024-08-15,STORE-DEL-01,SKU-MILK-1L,41,28.00,0
2024-08-16,STORE-DEL-01,SKU-MILK-1L,49,28.00,0
2024-08-17,STORE-DEL-01,SKU-MILK-1L,92,28.00,0
2024-08-18,STORE-DEL-01,SKU-MILK-1L,65,28.00,0
2024-08-19,STORE-DEL-01,SKU-MILK-1L,93,28.00,0
2024-08-20,STORE-DEL-01,SKU-MILK-1L,78,28.00,0
2024-08-21,STORE-DEL-01,SKU-MILK-1L,71,28.00,0
2024-08-22,STORE-DEL-01,SKU-MILK-1L,0,28.00,0
2024-08-23,STORE-DEL-01,SKU-MILK-1L,29,28.00,0
2024-08-24,STORE-DEL-01,SKU-MILK-1L,33,28.00,0
2024-08-25,STORE-DEL-01,SKU-MILK-1L,28,28.00,0
2024-08-26,STORE-DEL-01,SKU-MILK-1L,37,28.00,0
2024-08-27,STORE-DEL-01,SKU-MILK-1L,37,28.00,0
2024-08-28,STORE-DEL-01,SKU-MILK-1L,42,28.00,0
2024-08-29,STORE-DEL-01,SKU-MILK-1L,38,28.00,0
2024-08-30,STORE-DEL-01,SKU-MILK-1L,33,28.00,0
2024-08-31,STORE-DEL-01,SKU-MILK-1L,40,28.00,0
2024-09-01,STORE-DEL-01,SKU-MILK-1L,37,28.00,0
2024-09-02,STORE-DEL-01,SKU-MILK-1L,36,28.00,0
2024-09-03,STORE-DEL-01,SKU-MILK-1L,41,28.00,0
2024-09-04,STORE-DEL-01,SKU-MILK-1L,31,28.00,0
2024-09-05,STORE-DEL-01,SKU-MILK-1L,34,28.00,0
2024-09-06,STORE-DEL-01,SKU-MILK-1L,34,28.00,0
2024-09-07,STORE-DEL-01,SKU-MILK-1L,38,28.00,0
2024-09-08,STORE-DEL-01,SKU-MILK-1L,49,28.00,0
2024-09-09,STORE-DEL-01,SKU-MILK-1L,42,28.00,0
2024-09-10,STORE-DEL-01,SKU-MILK-1L,57,28.00,1
2024-09-11,STORE-DEL-01,SKU-MILK-1L,34,28.00,0
2024-09-12,STORE-DEL-01,SKU-MILK-1L,39,28.00,0
2024-09-13,STORE-DEL-01,SKU-MILK-1L,29,28.00,0
2024-09-14,STORE-DEL-01,SKU-MILK-1L,34,28.00,0
2024-09-15,STORE-DEL-01,SKU-MILK-1L,37,28.00,0
2024-09-16,STORE-DEL-01,SKU-MILK-1L,28,28.00,0
2024-09-17,STORE-DEL-01,SKU-MILK-1L,41,28.00,0
2024-09-18,STORE-DEL-01,SKU-MILK-1L,28,28.00,0
2024-09-19,STORE-DEL-01,SKU-MILK-1L,33,28.00,0
2024-09-20,STORE-DEL-01,SKU-MILK-1L,36,28.00,0
2024-09-21,STORE-DEL-01,SKU-MILK-1L,25,28.00,0
2024-09-22,STORE-DEL-01,SKU-MILK-1L,58,28.00,0
2024-09-23,STORE-DEL-01,SKU-MILK-1L,35,28.00,0
2024-09-24,STORE-DEL-01,SKU-MILK-1L,32,28.00,0
2024-09-25,STORE-DEL-01,SKU-MILK-1L,58,28.00,0
2024-09-26,STORE-DEL-01,SKU-MILK-1L,32,28.00,0
2024-09-27,STORE-DEL-01,SKU-MILK-1L,19,28.00,0
2024-09-28,STORE-DEL-01,SKU-MILK-1L,54,28.00,0
2024-09-29,STORE-DEL-01,SKU-MILK-1L,43,28.00,0
2024-09-30,STORE-DEL-01,SKU-MILK-1L,24,28.00,0
2024-10-01,STORE-DEL-01,SKU-MILK-1L,42,28.00,0
2024-10-02,STORE-DEL-01,SKU-MILK-1L,47,28.00,1
2024-10-03,STORE-DEL-01,SKU-MILK-1L,31,28.00,0
2024-10-04,STORE-DEL-01,SKU-MILK-1L,35,28.00,0
2024-10-05,STORE-DEL-01,SKU-MILK-1L,29,28.00,0
2024-10-06,STORE-DEL-01,SKU-MILK-1L,35,28.00,0
2024-10-07,STORE-DEL-01,SKU-MILK-1L,39,28.00,0
2024-10-08,STORE-DEL-01,SKU-MILK-1L,47,28.00,0
2024-10-09,STORE-DEL-01,SKU-MILK-1L,45,28.00,0
2024-10-10,STORE-DEL-01,SKU-MILK-1L,38,28.00,0
2024-10-11,STORE-DEL-01,SKU-MILK-1L,24,28.00,0
2024-10-12,STORE-DEL-01,SKU-MILK-1L,33,28.00,0
2024-10-13,STORE-DEL-01,SKU-MILK-1L,35,28.00,0
2024-10-14,STORE-DEL-01,SKU-MILK-1L,34,28.00,0
2024-10-15,STORE-DEL-01,SKU-MILK-1L,30,28.00,0
2024-10-16,STORE-DEL-01,SKU-MILK-1L,30,28.00,0
2024-10-17,STORE-DEL-01,SKU-MILK-1L,28,28.00,0
2024-10-18,STORE-DEL-01,SKU-MILK-1L,58,28.00,0
2024-10-19,STORE-DEL-01,SKU-MILK-1L,27,28.00,0
2024-10-20,STORE-DEL-01,SKU-MILK-1L,48,28.00,0
2024-10-21,STORE-DEL-01,SKU-MILK-1L,43,28.00,0
2024-10-22,STORE-DEL-01,SKU-MILK-1L,36,28.00,0
2024-10-23,STORE-DEL-01,SKU-MILK-1L,21,28.00,0
2024-10-24,STORE-DEL-01,SKU-MILK-1L,41,28.00,0
2024-10-25,STORE-DEL-01,SKU-MILK-1L,36,28.00,0
2024-10-26,STORE-DEL-01,SKU-MILK-1L,54,28.00,0
2024-10-27,STORE-DEL-01,SKU-MILK-1L,35,28.00,0
2024-10-28,STORE-DEL-01,SKU-MILK-1L,60,28.00,0
2024-10-29,STORE-DEL-01,SKU-MILK-1L,70,28.00,0
2024-10-30,STORE-DEL-01,SKU-MILK-1L,65,28.00,0
2024-10-31,STORE-DEL-01,SKU-MILK-1L,111,28.00,0
2024-11-01,STORE-DEL-01,SKU-MILK-1L,58,28.00,0
2024-11-02,STORE-DEL-01,SKU-MILK-1L,115,28.00,0
2024-11-03,STORE-DEL-01,SKU-MILK-1L,71,28.00,0
2024-11-04,STORE-DEL-01,SKU-MILK-1L,79,28.00,0
2024-11-05,STORE-DEL-01,SKU-MILK-1L,48,28.00,0
2024-11-06,STORE-DEL-01,SKU-MILK-1L,52,28.00,0
2024-11-07,STORE-DEL-01,SKU-MILK-1L,28,28.00,0
2024-11-08,STORE-DEL-01,SKU-MILK-1L,32,28.00,0
2024-11-09,STORE-DEL-01,SKU-MILK-1L,37,28.00,0
2024-11-10,STORE-DEL-01,SKU-MILK-1L,24,28.00,0
2024-11-11,STORE-DEL-01,SKU-MILK-1L,28,28.00,0
2024-11-12,STORE-DEL-01,SKU-MILK-1L,42,28.00,0
2024-11-13,STORE-DEL-01,SKU-MILK-1L,43,28.00,0
2024-11-14,STORE-DEL-01,SKU-MILK-1L,49,28.00,0
2024-11-15,STORE-DEL-01,SKU-MILK-1L,25,28.00,0
2024-11-16,STORE-DEL-01,SKU-MILK-1L,33,28.00,0
2024-11-17,STORE-DEL-01,SKU-MILK-1L,40,28.00,0
2024-11-18,STORE-DEL-01,SKU-MILK-1L,0,28.00,0
2024-11-19,STORE-DEL-01,SKU-MILK-1L,44,28.00,0
2024-11-20,STORE-DEL-01,SKU-MILK-1L,51,28.00,0
2024-11-21,STORE-DEL-01,SKU-MILK-1L,66,28.00,0
2024-11-22,STORE-DEL-01,SKU-MILK-1L,38,28.00,0
2024-11-23,STORE-DEL-01,SKU-MILK-1L,45,28.00,0
2024-11-24,STORE-DEL-01,SKU-MILK-1L,29,28.00,0
2024-11-25,STORE-DEL-01,SKU-MILK-1L,40,28.00,0
2024-11-26,STORE-DEL-01,SKU-MILK-1L,39,28.00,0
2024-11-27,STORE-DEL-01,SKU-MILK-1L,55,28.00,1
2024-11-28,STORE-DEL-01,SKU-MILK-1L,65,28.00,0
2024-11-29,STORE-DEL-01,SKU-MILK-1L,36,28.00,0
2024-11-30,STORE-DEL-01,SKU-MILK-1L,44,28.00,0
2024-12-01,STORE-DEL-01,SKU-MILK-1L,40,28.00,0
2024-12-02,STORE-DEL-01,SKU-MILK-1L,41,28.00,0
2024-12-03,STORE-DEL-01,SKU-MILK-1L,32,28.00,0
2024-12-04,STORE-DEL-01,SKU-MILK-1L,51,28.00,0
2024-12-05,STORE-DEL-01,SKU-MILK-1L,46,28.00,0
2024-12-06,STORE-DEL-01,SKU-MILK-1L,48,28.00,0
2024-12-07,STORE-DEL-01,SKU-MILK-1L,64,28.00,0
2024-12-08,STORE-DEL-01,SKU-MILK-1L,42,28.00,0
2024-12-09,STORE-DEL-01,SKU-MILK-1L,44,28.00,0
2024-12-10,STORE-DEL-01,SKU-MILK-1L,29,28.00,0
2024-12-11,STORE-DEL-01,SKU-MILK-1L,31,28.00,0
2024-12-12,STORE-DEL-01,SKU-MILK-1L,27,28.00,0
2024-12-13,STORE-DEL-01,SKU-MILK-1L,39,28.00,0
2024-12-14,STORE-DEL-01,SKU-MILK-1L,28,28.00,0
2024-12-15,STORE-DEL-01,SKU-MILK-1L,46,28.00,0
2024-12-16,STORE-DEL-01,SKU-MILK-1L,33,28.00,0
2024-12-17,STORE-DEL-01,SKU-MILK-1L,47,28.00,0
2024-12-18,STORE-DEL-01,SKU-MILK-1L,42,28.00,0
2024-12-19,STORE-DEL-01,SKU-MILK-1L,59,28.00,0
2024-12-20,STORE-DEL-01,SKU-MILK-1L,44,28.00,0
2024-12-21,STORE-DEL-01,SKU-MILK-1L,47,28.00,0
2024-12-22,STORE-DEL-01,SKU-MILK-1L,44,28.00,0
2024-12-23,STORE-DEL-01,SKU-MILK-1L,94,28.00,0
2024-12-24,STORE-DEL-01,SKU-MILK-1L,40,28.00,0
2024-12-25,STORE-DEL-01,SKU-MILK-1L,51,28.00,0
2024-12-26,STORE-DEL-01,SKU-MILK-1L,59,28.00,0
2024-12-27,STORE-DEL-01,SKU-MILK-1L,42,28.00,0
2024-12-28,STORE-DEL-01,SKU-MILK-1L,41,28.00,0
2024-12-29,STORE-DEL-01,SKU-MILK-1L,53,28.00,0
2024-12-30,STORE-DEL-01,SKU-MILK-1L,48,28.00,0
2024-12-31,STORE-DEL-01,SKU-MILK-1L,74,28.00,1
2025-01-01,STORE-DEL-01,SKU-MILK-1L,35,28.00,0
2025-01-02,STORE-DEL-01,SKU-MILK-1L,49,28.00,0
2025-01-03,STORE-DEL-01,SKU-MILK-1L,45,28.00,0
2025-01-04,STORE-DEL-01,SKU-MILK-1L,45,28.00,0
2025-01-05,STORE-DEL-01,SKU-MILK-1L,30,28.00,0
2025-01-06,STORE-DEL-01,SKU-MILK-1L,47,28.00,0
2025-01-07,STORE-DEL-01,SKU-MILK-1L,51,28.00,0
2025-01-08,STORE-DEL-01,SKU-MILK-1L,58,28.00,0
2025-01-09,STORE-DEL-01,SKU-MILK-1L,54,28.00,0
2025-01-10,STORE-DEL-01,SKU-MILK-1L,55,28.00,0
2025-01-11,STORE-DEL-01,SKU-MILK-1L,68,28.00,0
2025-01-12,STORE-DEL-01,SKU-MILK-1L,48,28.00,0
2025-01-13,STORE-DEL-01,SKU-MILK-1L,39,28.00,0
2025-01-14,STORE-DEL-01,SKU-MILK-1L,64,28.00,0
2025-01-15,STORE-DEL-01,SKU-MILK-1L,0,28.00,0
2025-01-16,STORE-DEL-01,SKU-MILK-1L,50,28.00,0
2025-01-17,STORE-DEL-01,SKU-MILK-1L,47,28.00,0
2025-01-18,STORE-DEL-01,SKU-MILK-1L,29,28.00,0
2025-01-19,STORE-DEL-01,SKU-MILK-1L,59,28.00,0
2025-01-20,STORE-DEL-01,SKU-MILK-1L,31,28.00,0
2025-01-21,STORE-DEL-01,SKU-MILK-1L,44,28.00,0
2025-01-22,STORE-DEL-01,SKU-MILK-1L,62,28.00,0
2025-01-23,STORE-DEL-01,SKU-MILK-1L,40,28.00,0
2025-01-24,STORE-DEL-01,SKU-MILK-1L,49,28.00,0
2025-01-25,STORE-DEL-01,SKU-MILK-1L,60,28.00,0
2025-01-26,STORE-DEL-01,SKU-MILK-1L,59,28.00,0
2025-01-27,STORE-DEL-01,SKU-MILK-1L,38,28.00,0
2025-01-28,STORE-DEL-01,SKU-MILK-1L,69,28.00,0
2025-01-29,STORE-DEL-01,SKU-MILK-1L,76,28.00,0
2025-01-30,STORE-DEL-01,SKU-MILK-1L,45,28.00,0
2025-01-31,STORE-DEL-01,SKU-MILK-1L,39,28.00,0
2025-02-01,STORE-DEL-01,SKU-MILK-1L,76,28.00,0
2025-02-02,STORE-DEL-01,SKU-MILK-1L,47,28.00,0
2025-02-03,STORE-DEL-01,SKU-MILK-1L,60,28.00,0
2025-02-04,STORE-DEL-01,SKU-MILK-1L,51,28.00,0
2025-02-05,STORE-DEL-01,SKU-MILK-1L,55,28.00,0
2025-02-06,STORE-DEL-01,SKU-MILK-1L,39,28.00,0
2025-02-07,STORE-DEL-01,SKU-MILK-1L,65,28.00,0
2025-02-08,STORE-DEL-01,SKU-MILK-1L,53,28.00,0
2025-02-09,STORE-DEL-01,SKU-MILK-1L,41,28.00,0
2025-02-10,STORE-DEL-01,SKU-MILK-1L,69,28.00,1
2025-02-11,STORE-DEL-01,SKU-MILK-1L,47,28.00,0
2025-02-12,STORE-DEL-01,SKU-MILK-1L,37,28.00,0
2025-02-13,STORE-DEL-01,SKU-MILK-1L,43,28.00,0
2025-02-14,STORE-DEL-01,SKU-MILK-1L,41,28.00,0
2025-02-15,STORE-DEL-01,SKU-MILK-1L,55,28.00,0
2025-02-16,STORE-DEL-01,SKU-MILK-1L,60,28.00,0
2025-02-17,STORE-DEL-01,SKU-MILK-1L,35,28.00,0
2025-02-18,STORE-DEL-01,SKU-MILK-1L,54,28.00,0
2025-02-19,STORE-DEL-01,SKU-MILK-1L,39,28.00,0
2025-02-20,STORE-DEL-01,SKU-MILK-1L,44,28.00,0
2025-02-21,STORE-DEL-01,SKU-MILK-1L,44,28.00,0
2025-02-22,STORE-DEL-01,SKU-MILK-1L,66,28.00,0
2025-02-23,STORE-DEL-01,SKU-MILK-1L,58,28.00,0
2025-02-24,STORE-DEL-01,SKU-MILK-1L,37,28.00,0
2025-02-25,STORE-DEL-01,SKU-MILK-1L,56,28.00,0
2025-02-26,STORE-DEL-01,SKU-MILK-1L,56,28.00,0
2025-02-27,STORE-DEL-01,SKU-MILK-1L,47,28.00,0
2025-02-28,STORE-DEL-01,SKU-MILK-1L,47,28.00,0
2025-03-01,STORE-DEL-01,SKU-MILK-1L,43,28.00,0
2025-03-02,STORE-DEL-01,SKU-MILK-1L,69,28.00,0
2025-03-03,STORE-DEL-01,SKU-MILK-1L,56,28.00,0
2025-03-04,STORE-DEL-01,SKU-MILK-1L,57,28.00,0
2025-03-05,STORE-DEL-01,SKU-MILK-1L,57,28.00,0
2025-03-06,STORE-DEL-01,SKU-MILK-1L,35,28.00,0
2025-03-07,STORE-DEL-01,SKU-MILK-1L,42,28.00,0
2025-03-08,STORE-DEL-01,SKU-MILK-1L,80,28.00,0
2025-03-09,STORE-DEL-01,SKU-MILK-1L,52,28.00,0
2025-03-10,STORE-DEL-01,SKU-MILK-1L,40,28.00,0
2025-03-11,STORE-DEL-01,SKU-MILK-1L,62,28.00,0
2025-03-12,STORE-DEL-01,SKU-MILK-1L,97,28.00,0
2025-03-13,STORE-DEL-01,SKU-MILK-1L,122,28.00,0
2025-03-14,STORE-DEL-01,SKU-MILK-1L,128,28.00,0
2025-03-15,STORE-DEL-01,SKU-MILK-1L,109,28.00,0
2025-03-16,STORE-DEL-01,SKU-MILK-1L,121,28.00,0
2025-03-17,STORE-DEL-01,SKU-MILK-1L,74,28.00,0
2025-03-18,STORE-DEL-01,SKU-MILK-1L,51,28.00,0
2025-03-19,STORE-DEL-01,SKU-MILK-1L,56,28.00,0
2025-03-20,STORE-DEL-01,SKU-MILK-1L,61,28.00,0
2025-03-21,STORE-DEL-01,SKU-MILK-1L,51,28.00,0
2025-03-22,STORE-DEL-01,SKU-MILK-1L,65,28.00,0
2025-03-23,STORE-DEL-01,SKU-MILK-1L,83,28.00,0
2025-03-24,STORE-DEL-01,SKU-MILK-1L,51,28.00,0
2025-03-25,STORE-DEL-01,SKU-MILK-1L,80,28.00,0
2025-03-26,STORE-DEL-01,SKU-MILK-1L,33,28.00,0
2025-03-27,STORE-DEL-01,SKU-MILK-1L,57,28.00,0
2025-03-28,STORE-DEL-01,SKU-MILK-1L,31,28.00,0
2025-03-29,STORE-DEL-01,SKU-MILK-1L,44,28.00,0
2025-03-30,STORE-DEL-01,SKU-MILK-1L,63,28.00,0
2025-03-31,STORE-DEL-01,SKU-MILK-1L,43,28.00,0
2025-04-01,STORE-DEL-01,SKU-MILK-1L,92,28.00,0
2025-04-02,STORE-DEL-01,SKU-MILK-1L,50,28.00,0
2025-04-03,STORE-DEL-01,SKU-MILK-1L,53,28.00,0
2025-04-04,STORE-DEL-01,SKU-MILK-1L,41,28.00,0
2025-04-05,STORE-DEL-01,SKU-MILK-1L,47,28.00,0
2025-04-06,STORE-DEL-01,SKU-MILK-1L,68,28.00,0
2025-04-07,STORE-DEL-01,SKU-MILK-1L,42,28.00,0
2025-04-08,STORE-DEL-01,SKU-MILK-1L,43,28.00,0
2025-04-09,STORE-DEL-01,SKU-MILK-1L,41,28.00,0
2025-04-10,STORE-DEL-01,SKU-MILK-1L,63,28.00,0
2025-04-11,STORE-DEL-01,SKU-MILK-1L,57,28.00,0
2025-04-12,STORE-DEL-01,SKU-MILK-1L,53,28.00,0
2025-04-13,STORE-DEL-01,SKU-MILK-1L,61,28.00,0
2025-04-14,STORE-DEL-01,SKU-MILK-1L,49,28.00,0
2025-04-15,STORE-DEL-01,SKU-MILK-1L,65,28.00,0
2025-04-16,STORE-DEL-01,SKU-MILK-1L,41,28.00,0
2025-04-17,STORE-DEL-01,SKU-MILK-1L,64,28.00,0
2025-04-18,STORE-DEL-01,SKU-MILK-1L,45,28.00,0
2025-04-19,STORE-DEL-01,SKU-MILK-1L,64,28.00,1
2025-04-20,STORE-DEL-01,SKU-MILK-1L,77,28.00,0
2025-04-21,STORE-DEL-01,SKU-MILK-1L,85,28.00,0
2025-04-22,STORE-DEL-01,SKU-MILK-1L,60,28.00,0
2025-04-23,STORE-DEL-01,SKU-MILK-1L,47,28.00,0
2025-04-24,STORE-DEL-01,SKU-MILK-1L,35,28.00,0
2025-04-25,STORE-DEL-01,SKU-MILK-1L,69,28.00,0
2025-04-26,STORE-DEL-01,SKU-MILK-1L,51,28.00,0
2025-04-27,STORE-DEL-01,SKU-MILK-1L,58,28.00,0
2025-04-28,STORE-DEL-01,SKU-MILK-1L,38,28.00,0
2025-04-29,STORE-DEL-01,SKU-MILK-1L,36,28.00,0
2025-04-30,STORE-DEL-01,SKU-MILK-1L,19,28.00,0
2025-05-01,STORE-DEL-01,SKU-MILK-1L,40,28.00,0
2025-05-02,STORE-DEL-01,SKU-MILK-1L,58,28.00,0
2025-05-03,STORE-DEL-01,SKU-MILK-1L,53,28.00,0
2025-05-04,STORE-DEL-01,SKU-MILK-1L,27,28.00,0
2025-05-05,STORE-DEL-01,SKU-MILK-1L,45,28.00,0
2025-05-06,STORE-DEL-01,SKU-MILK-1L,51,28.00,0
2025-05-07,STORE-DEL-01,SKU-MILK-1L,0,28.00,0
2025-05-08,STORE-DEL-01,SKU-MILK-1L,47,28.00,0
2025-05-09,STORE-DEL-01,SKU-MILK-1L,44,28.00,0
2025-05-10,STORE-DEL-01,SKU-MILK-1L,60,28.00,0
2025-05-11,STORE-DEL-01,SKU-MILK-1L,46,28.00,0
2025-05-12,STORE-DEL-01,SKU-MILK-1L,62,28.00,0
2025-05-13,STORE-DEL-01,SKU-MILK-1L,90,28.00,0
2025-05-14,STORE-DEL-01,SKU-MILK-1L,75,28.00,0
2025-05-15,STORE-DEL-01,SKU-MILK-1L,62,28.00,0
2025-05-16,STORE-DEL-01,SKU-MILK-1L,38,28.00,0
2025-05-17,STORE-DEL-01,SKU-MILK-1L,50,28.00,0
2025-05-18,STORE-DEL-01,SKU-MILK-1L,73,28.00,0
2025-05-19,STORE-DEL-01,SKU-MILK-1L,47,28.00,0
2025-05-20,STORE-DEL-01,SKU-MILK-1L,41,28.00,0
2025-05-21,STORE-DEL-01,SKU-MILK-1L,40,28.00,0
2025-05-22,STORE-DEL-01,SKU-MILK-1L,60,28.00,0
2025-05-23,STORE-DEL-01,SKU-MILK-1L,48,28.00,0
2025-05-24,STORE-DEL-01,SKU-MILK-1L,46,28.00,0
2025-05-25,STORE-DEL-01,SKU-MILK-1L,81,28.00,0
2025-05-26,STORE-DEL-01,SKU-MILK-1L,50,28.00,0
2025-05-27,STORE-DEL-01,SKU-MILK-1L,80,28.00,1
2025-05-28,STORE-DEL-01,SKU-MILK-1L,79,28.00,0
2025-05-29,STORE-DEL-01,SKU-MILK-1L,56,28.00,0
2025-05-30,STORE-DEL-01,SKU-MILK-1L,46,28.00,0
2025-05-31,STORE-DEL-01,SKU-MILK-1L,37,28.00,0
2025-06-01,STORE-DEL-01,SKU-MILK-1L,79,28.00,1
2025-06-02,STORE-DEL-01,SKU-MILK-1L,32,28.00,0
2025-06-03,STORE-DEL-01,SKU-MILK-1L,53,28.00,0
2025-06-04,STORE-DEL-01,SKU-MILK-1L,60,28.00,0
2025-06-05,STORE-DEL-01,SKU-MILK-1L,39,28.00,0
2025-06-06,STORE-DEL-01,SKU-MILK-1L,0,28.00,0
2025-06-07,STORE-DEL-01,SKU-MILK-1L,72,28.00,0
2025-06-08,STORE-DEL-01,SKU-MILK-1L,46,28.00,0
2025-06-09,STORE-DEL-01,SKU-MILK-1L,49,28.00,0
2025-06-10,STORE-DEL-01,SKU-MILK-1L,37,28.00,0
2025-06-11,STORE-DEL-01,SKU-MILK-1L,58,28.00,0
2025-06-12,STORE-DEL-01,SKU-MILK-1L,33,28.00,0
2025-06-13,STORE-DEL-01,SKU-MILK-1L,48,28.00,0
2025-06-14,STORE-DEL-01,SKU-MILK-1L,37,28.00,0
2025-06-15,STORE-DEL-01,SKU-MILK-1L,65,28.00,0
2025-06-16,STORE-DEL-01,SKU-MILK-1L,36,28.00,0
2025-06-17,STORE-DEL-01,SKU-MILK-1L,74,28.00,0
2025-06-18,STORE-DEL-01,SKU-MILK-1L,37,28.00,0
2025-06-19,STORE-DEL-01,SKU-MILK-1L,62,28.00,0
2025-06-20,STORE-DEL-01,SKU-MILK-1L,61,28.00,1
2025-06-21,STORE-DEL-01,SKU-MILK-1L,39,28.00,0
2025-06-22,STORE-DEL-01,SKU-MILK-1L,48,28.00,0
2025-06-23,STORE-DEL-01,SKU-MILK-1L,51,28.00,0
2025-06-24,STORE-DEL-01,SKU-MILK-1L,43,28.00,0
2025-06-25,STORE-DEL-01,SKU-MILK-1L,45,28.00,0
2025-06-26,STORE-DEL-01,SKU-MILK-1L,31,28.00,0
2025-06-27,STORE-DEL-01,SKU-MILK-1L,41,28.00,0
2025-06-28,STORE-DEL-01,SKU-MILK-1L,39,28.00,0
2025-06-29,STORE-DEL-01,SKU-MILK-1L,45,28.00,0
2025-06-30,STORE-DEL-01,SKU-MILK-1L,38,28.00,0
2025-07-01,STORE-DEL-01,SKU-MILK-1L,42,28.00,0
2025-07-02,STORE-DEL-01,SKU-MILK-1L,68,28.00,0
2025-07-03,STORE-DEL-01,SKU-MILK-1L,35,28.00,0
2025-07-04,STORE-DEL-01,SKU-MILK-1L,45,28.00,0
2025-07-05,STORE-DEL-01,SKU-MILK-1L,53,28.00,0
2025-07-06,STORE-DEL-01,SKU-MILK-1L,60,28.00,0
2025-07-07,STORE-DEL-01,SKU-MILK-1L,53,28.00,0
2025-07-08,STORE-DEL-01,SKU-MILK-1L,58,28.00,0
2025-07-09,STORE-DEL-01,SKU-MILK-1L,38,28.00,0
2025-07-10,STORE-DEL-01,SKU-MILK-1L,38,28.00,0
2025-07-11,STORE-DEL-01,SKU-MILK-1L,25,28.00,0
2025-07-12,STORE-DEL-01,SKU-MILK-1L,61,28.00,0
2025-07-13,STORE-DEL-01,SKU-MILK-1L,50,28.00,1
2025-07-14,STORE-DEL-01,SKU-MILK-1L,35,28.00,0
2025-07-15,STORE-DEL-01,SKU-MILK-1L,0,28.00,0
2025-07-16,STORE-DEL-01,SKU-MILK-1L,70,28.00,0
2025-07-17,STORE-DEL-01,SKU-MILK-1L,25,28.00,0
2025-07-18,STORE-DEL-01,SKU-MILK-1L,75,28.00,0
2025-07-19,STORE-DEL-01,SKU-MILK-1L,45,28.00,0
2025-07-20,STORE-DEL-01,SKU-MILK-1L,54,28.00,0
2025-07-21,STORE-DEL-01,SKU-MILK-1L,58,28.00,0
2025-07-22,STORE-DEL-01,SKU-MILK-1L,52,28.00,0
2025-07-23,STORE-DEL-01,SKU-MILK-1L,28,28.00,0
2025-07-24,STORE-DEL-01,SKU-MILK-1L,47,28.00,0
2025-07-25,STORE-DEL-01,SKU-MILK-1L,57,28.00,0
2025-07-26,STORE-DEL-01,SKU-MILK-1L,76,28.00,0
2025-07-27,STORE-DEL-01,SKU-MILK-1L,52,28.00,0
2025-07-28,STORE-DEL-01,SKU-MILK-1L,51,28.00,0
2025-07-29,STORE-DEL-01,SKU-MILK-1L,83,28.00,1
2025-07-30,STORE-DEL-01,SKU-MILK-1L,49,28.00,0
2025-07-31,STORE-DEL-01,SKU-MILK-1L,52,28.00,1
2025-08-01,STORE-DEL-01,SKU-MILK-1L,36,28.00,0
2025-08-02,STORE-DEL-01,SKU-MILK-1L,39,28.00,0
2025-08-03,STORE-DEL-01,SKU-MILK-1L,42,28.00,0
2025-08-04,STORE-DEL-01,SKU-MILK-1L,43,28.00,0
2025-08-05,STORE-DEL-01,SKU-MILK-1L,33,28.00,0
2025-08-06,STORE-DEL-01,SKU-MILK-1L,48,28.00,0
2025-08-07,STORE-DEL-01,SKU-MILK-1L,65,28.00,0
2025-08-08,STORE-DEL-01,SKU-MILK-1L,174,28.00,1
2025-08-09,STORE-DEL-01,SKU-MILK-1L,151,28.00,0
2025-08-10,STORE-DEL-01,SKU-MILK-1L,117,28.00,0
2025-08-11,STORE-DEL-01,SKU-MILK-1L,71,28.00,0
2025-08-12,STORE-DEL-01,SKU-MILK-1L,26,28.00,0
2025-08-13,STORE-DEL-01,SKU-MILK-1L,36,28.00,0
2025-08-14,STORE-DEL-01,SKU-MILK-1L,54,28.00,0
2025-08-15,STORE-DEL-01,SKU-MILK-1L,0,28.00,0
2025-08-16,STORE-DEL-01,SKU-MILK-1L,53,28.00,0
2025-08-17,STORE-DEL-01,SKU-MILK-1L,44,28.00,0
2025-08-18,STORE-DEL-01,SKU-MILK-1L,65,28.00,0
2025-08-19,STORE-DEL-01,SKU-MILK-1L,34,28.00,0
2025-08-20,STORE-DEL-01,SKU-MILK-1L,44,28.00,0
2025-08-21,STORE-DEL-01,SKU-MILK-1L,42,28.00,0
2025-08-22,STORE-DEL-01,SKU-MILK-1L,39,28.00,0
2025-08-23,STORE-DEL-01,SKU-MILK-1L,37,28.00,0
2025-08-24,STORE-DEL-01,SKU-MILK-1L,46,28.00,0
2025-08-25,STORE-DEL-01,SKU-MILK-1L,51,28.00,0
2025-08-26,STORE-DEL-01,SKU-MILK-1L,48,28.00,0
2025-08-27,STORE-DEL-01,SKU-MILK-1L,23,28.00,0
2025-08-28,STORE-DEL-01,SKU-MILK-1L,41,28.00,0
2025-08-29,STORE-DEL-01,SKU-MILK-1L,33,28.00,0
2025-08-30,STORE-DEL-01,SKU-MILK-1L,50,28.00,0
2025-08-31,STORE-DEL-01,SKU-MILK-1L,33,28.00,0
2025-09-01,STORE-DEL-01,SKU-MILK-1L,45,28.00,0
2025-09-02,STORE-DEL-01,SKU-MILK-1L,41,28.00,0
2025-09-03,STORE-DEL-01,SKU-MILK-1L,57,28.00,0
2025-09-04,STORE-DEL-01,SKU-MILK-1L,36,28.00,0
2025-09-05,STORE-DEL-01,SKU-MILK-1L,26,28.00,0
2025-09-06,STORE-DEL-01,SKU-MILK-1L,44,28.00,0
2025-09-07,STORE-DEL-01,SKU-MILK-1L,51,28.00,0
2025-09-08,STORE-DEL-01,SKU-MILK-1L,21,28.00,0
2025-09-09,STORE-DEL-01,SKU-MILK-1L,33,28.00,0
2025-09-10,STORE-DEL-01,SKU-MILK-1L,57,28.00,0
2025-09-11,STORE-DEL-01,SKU-MILK-1L,44,28.00,0
2025-09-12,STORE-DEL-01,SKU-MILK-1L,33,28.00,0
2025-09-13,STORE-DEL-01,SKU-MILK-1L,45,28.00,0
2025-09-14,STORE-DEL-01,SKU-MILK-1L,34,28.00,0
2025-09-15,STORE-DEL-01,SKU-MILK-1L,41,28.00,0
2025-09-16,STORE-DEL-01,SKU-MILK-1L,45,28.00,0
2025-09-17,STORE-DEL-01,SKU-MILK-1L,54,28.00,0
2025-09-18,STORE-DEL-01,SKU-MILK-1L,46,28.00,0
2025-09-19,STORE-DEL-01,SKU-MILK-1L,32,28.00,0
2025-09-20,STORE-DEL-01,SKU-MILK-1L,34,28.00,0
2025-09-21,STORE-DEL-01,SKU-MILK-1L,73,28.00,1
2025-09-22,STORE-DEL-01,SKU-MILK-1L,42,28.00,0
2025-09-23,STORE-DEL-01,SKU-MILK-1L,50,28.00,0
2025-09-24,STORE-DEL-01,SKU-MILK-1L,52,28.00,1
2025-09-25,STORE-DEL-01,SKU-MILK-1L,64,28.00,0
2025-09-26,STORE-DEL-01,SKU-MILK-1L,30,28.00,0
2025-09-27,STORE-DEL-01,SKU-MILK-1L,56,28.00,0
2025-09-28,STORE-DEL-01,SKU-MILK-1L,72,28.00,0
2025-09-29,STORE-DEL-01,SKU-MILK-1L,55,28.00,0
2025-09-30,STORE-DEL-01,SKU-MILK-1L,61,28.00,0
2025-10-01,STORE-DEL-01,SKU-MILK-1L,36,28.00,0
2025-10-02,STORE-DEL-01,SKU-MILK-1L,61,28.00,1
2025-10-03,STORE-DEL-01,SKU-MILK-1L,38,28.00,0
2025-10-04,STORE-DEL-01,SKU-MILK-1L,37,28.00,0
2025-10-05,STORE-DEL-01,SKU-MILK-1L,66,28.00,0
2025-10-06,STORE-DEL-01,SKU-MILK-1L,40,28.00,0
2025-10-07,STORE-DEL-01,SKU-MILK-1L,35,28.00,0
2025-10-08,STORE-DEL-01,SKU-MILK-1L,45,28.00,0
2025-10-09,STORE-DEL-01,SKU-MILK-1L,38,28.00,0
2025-10-10,STORE-DEL-01,SKU-MILK-1L,48,28.00,0
2025-10-11,STORE-DEL-01,SKU-MILK-1L,59,28.00,0
2025-10-12,STORE-DEL-01,SKU-MILK-1L,44,28.00,0
2025-10-13,STORE-DEL-01,SKU-MILK-1L,41,28.00,0
2025-10-14,STORE-DEL-01,SKU-MILK-1L,24,28.00,0
2025-10-15,STORE-DEL-01,SKU-MILK-1L,44,28.00,0
2025-10-16,STORE-DEL-01,SKU-MILK-1L,26,28.00,0
2025-10-17,STORE-DEL-01,SKU-MILK-1L,45,28.00,0
2025-10-18,STORE-DEL-01,SKU-MILK-1L,91,28.00,0
2025-10-19,STORE-DEL-01,SKU-MILK-1L,93,28.00,0
2025-10-20,STORE-DEL-01,SKU-MILK-1L,79,28.00,0
2025-10-21,STORE-DEL-01,SKU-MILK-1L,124,28.00,0
2025-10-22,STORE-DEL-01,SKU-MILK-1L,120,28.00,0
2025-10-23,STORE-DEL-01,SKU-MILK-1L,62,28.00,0
2025-10-24,STORE-DEL-01,SKU-MILK-1L,63,28.00,0
2025-10-25,STORE-DEL-01,SKU-MILK-1L,72,28.00,0
2025-10-26,STORE-DEL-01,SKU-MILK-1L,57,28.00,0
2025-10-27,STORE-DEL-01,SKU-MILK-1L,50,28.00,0
2025-10-28,STORE-DEL-01,SKU-MILK-1L,65,28.00,0
2025-10-29,STORE-DEL-01,SKU-MILK-1L,60,28.00,0
2025-10-30,STORE-DEL-01,SKU-MILK-1L,35,28.00,0
2025-10-31,STORE-DEL-01,SKU-MILK-1L,35,28.00,0
2025-11-01,STORE-DEL-01,SKU-MILK-1L,39,28.00,0
2025-11-02,STORE-DEL-01,SKU-MILK-1L,69,28.00,0
2025-11-03,STORE-DEL-01,SKU-MILK-1L,54,28.00,0
2025-11-04,STORE-DEL-01,SKU-MILK-1L,40,28.00,0
2025-11-05,STORE-DEL-01,SKU-MILK-1L,48,28.00,0
2025-11-06,STORE-DEL-01,SKU-MILK-1L,43,28.00,0
2025-11-07,STORE-DEL-01,SKU-MILK-1L,47,28.00,0
2025-11-08,STORE-DEL-01,SKU-MILK-1L,26,28.00,0
2025-11-09,STORE-DEL-01,SKU-MILK-1L,47,28.00,0
2025-11-10,STORE-DEL-01,SKU-MILK-1L,80,28.00,0
2025-11-11,STORE-DEL-01,SKU-MILK-1L,58,28.00,1
2025-11-12,STORE-DEL-01,SKU-MILK-1L,36,28.00,0
2025-11-13,STORE-DEL-01,SKU-MILK-1L,42,28.00,0
2025-11-14,STORE-DEL-01,SKU-MILK-1L,52,28.00,0
2025-11-15,STORE-DEL-01,SKU-MILK-1L,30,28.00,0
2025-11-16,STORE-DEL-01,SKU-MILK-1L,71,28.00,0
2025-11-17,STORE-DEL-01,SKU-MILK-1L,38,28.00,0
2025-11-18,STORE-DEL-01,SKU-MILK-1L,56,28.00,0
2025-11-19,STORE-DEL-01,SKU-MILK-1L,49,28.00,0
2025-11-20,STORE-DEL-01,SKU-MILK-1L,47,28.00,0
2025-11-21,STORE-DEL-01,SKU-MILK-1L,55,28.00,0
2025-11-22,STORE-DEL-01,SKU-MILK-1L,72,28.00,0
2025-11-23,STORE-DEL-01,SKU-MILK-1L,44,28.00,0
2025-11-24,STORE-DEL-01,SKU-MILK-1L,40,28.00,0
2025-11-25,STORE-DEL-01,SKU-MILK-1L,40,28.00,0
2025-11-26,STORE-DEL-01,SKU-MILK-1L,34,28.00,0
2025-11-27,STORE-DEL-01,SKU-MILK-1L,35,28.00,0
2025-11-28,STORE-DEL-01,SKU-MILK-1L,41,28.00,0
2025-11-29,STORE-DEL-01,SKU-MILK-1L,75,28.00,0
2025-11-30,STORE-DEL-01,SKU-MILK-1L,58,28.00,0
2025-12-01,STORE-DEL-01,SKU-MILK-1L,46,28.00,0
2025-12-02,STORE-DEL-01,SKU-MILK-1L,60,28.00,0
2025-12-03,STORE-DEL-01,SKU-MILK-1L,35,28.00,0
2025-12-04,STORE-DEL-01,SKU-MILK-1L,44,28.00,0
2025-12-05,STORE-DEL-01,SKU-MILK-1L,42,28.00,0
2025-12-06,STORE-DEL-01,SKU-MILK-1L,68,28.00,0
2025-12-07,STORE-DEL-01,SKU-MILK-1L,38,28.00,0
2025-12-08,STORE-DEL-01,SKU-MILK-1L,42,28.00,0
2025-12-09,STORE-DEL-01,SKU-MILK-1L,35,28.00,0
2025-12-10,STORE-DEL-01,SKU-MILK-1L,51,28.00,0
2025-12-11,STORE-DEL-01,SKU-MILK-1L,59,28.00,0
2025-12-12,STORE-DEL-01,SKU-MILK-1L,57,28.00,0
2025-12-13,STORE-DEL-01,SKU-MILK-1L,52,28.00,0
2025-12-14,STORE-DEL-01,SKU-MILK-1L,63,28.00,0
2025-12-15,STORE-DEL-01,SKU-MILK-1L,41,28.00,0
2025-12-16,STORE-DEL-01,SKU-MILK-1L,41,28.00,0
2025-12-17,STORE-DEL-01,SKU-MILK-1L,59,28.00,0
2025-12-18,STORE-DEL-01,SKU-MILK-1L,36,28.00,0
2025-12-19,STORE-DEL-01,SKU-MILK-1L,44,28.00,0
2025-12-20,STORE-DEL-01,SKU-MILK-1L,52,28.00,0
2025-12-21,STORE-DEL-01,SKU-MILK-1L,53,28.00,0
2025-12-22,STORE-DEL-01,SKU-MILK-1L,46,28.00,0
2025-12-23,STORE-DEL-01,SKU-MILK-1L,41,28.00,0
2025-12-24,STORE-DEL-01,SKU-MILK-1L,40,28.00,0
2025-12-25,STORE-DEL-01,SKU-MILK-1L,39,28.00,0
2025-12-26,STORE-DEL-01,SKU-MILK-1L,51,28.00,0
2025-12-27,STORE-DEL-01,SKU-MILK-1L,23,28.00,0
2025-12-28,STORE-DEL-01,SKU-MILK-1L,47,28.00,0
2025-12-29,STORE-DEL-01,SKU-MILK-1L,46,28.00,0
2025-12-30,STORE-DEL-01,SKU-MILK-1L,64,28.00,0
2024-01-01,STORE-DEL-01,SKU-BREAD-400,29,35.00,1
2024-01-02,STORE-DEL-01,SKU-BREAD-400,21,35.00,0
2024-01-03,STORE-DEL-01,SKU-BREAD-400,26,35.00,0
2024-01-04,STORE-DEL-01,SKU-BREAD-400,19,35.00,0
2024-01-05,STORE-DEL-01,SKU-BREAD-400,34,35.00,0
2024-01-06,STORE-DEL-01,SKU-BREAD-400,27,35.00,0
2024-01-07,STORE-DEL-01,SKU-BREAD-400,29,35.00,0
2024-01-08,STORE-DEL-01,SKU-BREAD-400,46,35.00,0
2024-01-09,STORE-DEL-01,SKU-BREAD-400,35,35.00,0
2024-01-10,STORE-DEL-01,SKU-BREAD-400,34,35.00,0
2024-01-11,STORE-DEL-01,SKU-BREAD-400,32,35.00,0
2024-01-12,STORE-DEL-01,SKU-BREAD-400,34,35.00,0
2024-01-13,STORE-DEL-01,SKU-BREAD-400,35,35.00,0
2024-01-14,STORE-DEL-01,SKU-BREAD-400,42,35.00,0
2024-01-15,STORE-DEL-01,SKU-BREAD-400,45,35.00,0
2024-01-16,STORE-DEL-01,SKU-BREAD-400,51,35.00,0
2024-01-17,STORE-DEL-01,SKU-BREAD-400,24,35.00,0
2024-01-18,STORE-DEL-01,SKU-BREAD-400,27,35.00,0
2024-01-19,STORE-DEL-01,SKU-BREAD-400,35,35.00,0
2024-01-20,STORE-DEL-01,SKU-BREAD-400,54,35.00,0
2024-01-21,STORE-DEL-01,SKU-BREAD-400,48,35.00,0
2024-01-22,STORE-DEL-01,SKU-BREAD-400,49,35.00,1
2024-01-23,STORE-DEL-01,SKU-BREAD-400,38,35.00,0
2024-01-24,STORE-DEL-01,SKU-BREAD-400,0,35.00,0
2024-01-25,STORE-DEL-01,SKU-BREAD-400,27,35.00,0
2024-01-26,STORE-DEL-01,SKU-BREAD-400,29,35.00,0
2024-01-27,STORE-DEL-01,SKU-BREAD-400,44,35.00,0
2024-01-28,STORE-DEL-01,SKU-BREAD-400,31,35.00,0
2024-01-29,STORE-DEL-01,SKU-BREAD-400,15,35.00,0
2024-01-30,STORE-DEL-01,SKU-BREAD-400,30,35.00,0
2024-01-31,STORE-DEL-01,SKU-BREAD-400,40,35.00,0
2024-02-01,STORE-DEL-01,SKU-BREAD-400,20,35.00,0
2024-02-02,STORE-DEL-01,SKU-BREAD-400,30,35.00,0
2024-02-03,STORE-DEL-01,SKU-BREAD-400,26,35.00,0
2024-02-04,STORE-DEL-01,SKU-BREAD-400,33,35.00,0
2024-02-05,STORE-DEL-01,SKU-BREAD-400,36,35.00,0
2024-02-06,STORE-DEL-01,SKU-BREAD-400,23,35.00,0
2024-02-07,STORE-DEL-01,SKU-BREAD-400,0,35.00,0
2024-02-08,STORE-DEL-01,SKU-BREAD-400,30,35.00,0
2024-02-09,STORE-DEL-01,SKU-BREAD-400,37,35.00,0
2024-02-10,STORE-DEL-01,SKU-BREAD-400,23,35.00,0
2024-02-11,STORE-DEL-01,SKU-BREAD-400,22,35.00,0
2024-02-12,STORE-DEL-01,SKU-BREAD-400,32,35.00,0
2024-02-13,STORE-DEL-01,SKU-BREAD-400,25,35.00,0
2024-02-14,STORE-DEL-01,SKU-BREAD-400,18,35.00,0
2024-02-15,STORE-DEL-01,SKU-BREAD-400,52,35.00,1
2024-02-16,STORE-DEL-01,SKU-BREAD-400,20,35.00,0
2024-02-17,STORE-DEL-01,SKU-BREAD-400,44,35.00,0
2024-02-18,STORE-DEL-01,SKU-BREAD-400,39,35.00,0
2024-02-19,STORE-DEL-01,SKU-BREAD-400,20,35.00,0
2024-02-20,STORE-DEL-01,SKU-BREAD-400,42,35.00,0
2024-02-21,STORE-DEL-01,SKU-BREAD-400,63,35.00,1
2024-02-22,STORE-DEL-01,SKU-BREAD-400,0,35.00,0
2024-02-23,STORE-DEL-01,SKU-BREAD-400,23,35.00,0
2024-02-24,STORE-DEL-01,SKU-BREAD-400,37,35.00,0
2024-02-25,STORE-DEL-01,SKU-BREAD-400,39,35.00,0
2024-02-26,STORE-DEL-01,SKU-BREAD-400,24,35.00,0
2024-02-27,STORE-DEL-01,SKU-BREAD-400,30,35.00,0
2024-02-28,STORE-DEL-01,SKU-BREAD-400,16,35.00,0
2024-02-29,STORE-DEL-01,SKU-BREAD-400,25,35.00,0
2024-03-01,STORE-DEL-01,SKU-BREAD-400,22,35.00,0
2024-03-02,STORE-DEL-01,SKU-BREAD-400,43,35.00,0
2024-03-03,STORE-DEL-01,SKU-BREAD-400,50,35.00,0
2024-03-04,STORE-DEL-01,SKU-BREAD-400,35,35.00,0
2024-03-05,STORE-DEL-01,SKU-BREAD-400,27,35.00,0
2024-03-06,STORE-DEL-01,SKU-BREAD-400,33,35.00,0
2024-03-07,STORE-DEL-01,SKU-BREAD-400,52,35.00,0
2024-03-08,STORE-DEL-01,SKU-BREAD-400,32,35.00,0
2024-03-09,STORE-DEL-01,SKU-BREAD-400,29,35.00,0
2024-03-10,STORE-DEL-01,SKU-BREAD-400,27,35.00,0
2024-03-11,STORE-DEL-01,SKU-BREAD-400,31,35.00,0
2024-03-12,STORE-DEL-01,SKU-BREAD-400,28,35.00,0
2024-03-13,STORE-DEL-01,SKU-BREAD-400,35,35.00,0
2024-03-14,STORE-DEL-01,SKU-BREAD-400,31,35.00,0
2024-03-15,STORE-DEL-01,SKU-BREAD-400,33,35.00,0
2024-03-16,STORE-DEL-01,SKU-BREAD-400,32,35.00,0
2024-03-17,STORE-DEL-01,SKU-BREAD-400,35,35.00,0
2024-03-18,STORE-DEL-01,SKU-BREAD-400,38,35.00,0
2024-03-19,STORE-DEL-01,SKU-BREAD-400,47,35.00,0
2024-03-20,STORE-DEL-01,SKU-BREAD-400,59,35.00,1
2024-03-21,STORE-DEL-01,SKU-BREAD-400,46,35.00,0
2024-03-22,STORE-DEL-01,SKU-BREAD-400,60,35.00,0
2024-03-23,STORE-DEL-01,SKU-BREAD-400,110,35.00,0
2024-03-24,STORE-DEL-01,SKU-BREAD-400,125,35.00,0
2024-03-25,STORE-DEL-01,SKU-BREAD-400,83,35.00,0
2024-03-26,STORE-DEL-01,SKU-BREAD-400,130,35.00,1
2024-03-27,STORE-DEL-01,SKU-BREAD-400,63,35.00,0
2024-03-28,STORE-DEL-01,SKU-BREAD-400,41,35.00,0
2024-03-29,STORE-DEL-01,SKU-BREAD-400,64,35.00,0
2024-03-30,STORE-DEL-01,SKU-BREAD-400,38,35.00,0
2024-03-31,STORE-DEL-01,SKU-BREAD-400,37,35.00,0
2024-04-01,STORE-DEL-01,SKU-BREAD-400,42,35.00,0
2024-04-02,STORE-DEL-01,SKU-BREAD-400,29,35.00,0
2024-04-03,STORE-DEL-01,SKU-BREAD-400,16,35.00,0
2024-04-04,STORE-DEL-01,SKU-BREAD-400,0,35.00,0
2024-04-05,STORE-DEL-01,SKU-BREAD-400,28,35.00,0
2024-04-06,STORE-DEL-01,SKU-BREAD-400,51,35.00,0
2024-04-07,STORE-DEL-01,SKU-BREAD-400,43,35.00,0
2024-04-08,STORE-DEL-01,SKU-BREAD-400,37,35.00,0
2024-04-09,STORE-DEL-01,SKU-BREAD-400,36,35.00,0
2024-04-10,STORE-DEL-01,SKU-BREAD-400,35,35.00,0
2024-04-11,STORE-DEL-01,SKU-BREAD-400,20,35.00,0
2024-04-12,STORE-DEL-01,SKU-BREAD-400,33,35.00,0
2024-04-13,STORE-DEL-01,SKU-BREAD-400,49,35.00,0
2024-04-14,STORE-DEL-01,SKU-BREAD-400,43,35.00,0
2024-04-15,STORE-DEL-01,SKU-BREAD-400,52,35.00,0
2024-04-16,STORE-DEL-01,SKU-BREAD-400,28,35.00,0
2024-04-17,STORE-DEL-01,SKU-BREAD-400,55,35.00,0
2024-04-18,STORE-DEL-01,SKU-BREAD-400,24,35.00,0
2024-04-19,STORE-DEL-01,SKU-BREAD-400,36,35.00,0
2024-04-20,STORE-DEL-01,SKU-BREAD-400,35,35.00,0
2024-04-21,STORE-DEL-01,SKU-BREAD-400,40,35.00,0
2024-04-22,STORE-DEL-01,SKU-BREAD-400,30,35.00,0
2024-04-23,STORE-DEL-01,SKU-BREAD-400,38,35.00,0
2024-04-24,STORE-DEL-01,SKU-BREAD-400,0,35.00,0
2024-04-25,STORE-DEL-01,SKU-BREAD-400,59,35.00,0
2024-04-26,STORE-DEL-01,SKU-BREAD-400,21,35.00,0
2024-04-27,STORE-DEL-01,SKU-BREAD-400,46,35.00,0
2024-04-28,STORE-DEL-01,SKU-BREAD-400,41,35.00,0
2024-04-29,STORE-DEL-01,SKU-BREAD-400,40,35.00,0
2024-04-30,STORE-DEL-01,SKU-BREAD-400,30,35.00,1
2024-05-01,STORE-DEL-01,SKU-BREAD-400,33,35.00,0
2024-05-02,STORE-DEL-01,SKU-BREAD-400,42,35.00,0
2024-05-03,STORE-DEL-01,SKU-BREAD-400,21,35.00,0
2024-05-04,STORE-DEL-01,SKU-BREAD-400,20,35.00,0
2024-05-05,STORE-DEL-01,SKU-BREAD-400,32,35.00,0
2024-05-06,STORE-DEL-01,SKU-BREAD-400,38,35.00,0
2024-05-07,STORE-DEL-01,SKU-BREAD-400,35,35.00,0
2024-05-08,STORE-DEL-01,SKU-BREAD-400,34,35.00,0
2024-05-09,STORE-DEL-01,SKU-BREAD-400,21,35.00,0
2024-05-10,STORE-DEL-01,SKU-BREAD-400,0,35.00,1
2024-05-11,STORE-DEL-01,SKU-BREAD-400,41,35.00,0
2024-05-12,STORE-DEL-01,SKU-BREAD-400,23,35.00,0
2024-05-13,STORE-DEL-01,SKU-BREAD-400,33,35.00,0
2024-05-14,STORE-DEL-01,SKU-BREAD-400,29,35.00,0
2024-05-15,STORE-DEL-01,SKU-BREAD-400,29,35.00,0
2024-05-16,STORE-DEL-01,SKU-BREAD-400,28,35.00,0
2024-05-17,STORE-DEL-01,SKU-BREAD-400,25,35.00,0
2024-05-18,STORE-DEL-01,SKU-BREAD-400,38,35.00,0
2024-05-19,STORE-DEL-01,SKU-BREAD-400,28,35.00,0
2024-05-20,STORE-DEL-01,SKU-BREAD-400,34,35.00,0
2024-05-21,STORE-DEL-01,SKU-BREAD-400,21,35.00,0
2024-05-22,STORE-DEL-01,SKU-BREAD-400,29,35.00,0
2024-05-23,STORE-DEL-01,SKU-BREAD-400,39,35.00,0
2024-05-24,STORE-DEL-01,SKU-BREAD-400,21,35.00,0
2024-05-25,STORE-DEL-01,SKU-BREAD-400,37,35.00,0
2024-05-26,STORE-DEL-01,SKU-BREAD-400,29,35.00,0
2024-05-27,STORE-DEL-01,SKU-BREAD-400,42,35.00,0
2024-05-28,STORE-DEL-01,SKU-BREAD-400,42,35.00,0
2024-05-29,STORE-DEL-01,SKU-BREAD-400,35,35.00,0
2024-05-30,STORE-DEL-01,SKU-BREAD-400,25,35.00,0
2024-05-31,STORE-DEL-01,SKU-BREAD-400,22,35.00,0
2024-06-01,STORE-DEL-01,SKU-BREAD-400,33,35.00,0
2024-06-02,STORE-DEL-01,SKU-BREAD-400,24,35.00,0
2024-06-03,STORE-DEL-01,SKU-BREAD-400,22,35.00,0
2024-06-04,STORE-DEL-01,SKU-BREAD-400,26,35.00,0
2024-06-05,STORE-DEL-01,SKU-BREAD-400,34,35.00,0
2024-06-06,STORE-DEL-01,SKU-BREAD-400,17,35.00,0
2024-06-07,STORE-DEL-01,SKU-BREAD-400,32,35.00,0
2024-06-08,STORE-DEL-01,SKU-BREAD-400,52,35.00,0
2024-06-09,STORE-DEL-01,SKU-BREAD-400,28,35.00,0
2024-06-10,STORE-DEL-01,SKU-BREAD-400,32,35.00,0
2024-06-11,STORE-DEL-01,SKU-BREAD-400,15,35.00,0
2024-06-12,STORE-DEL-01,SKU-BREAD-400,24,35.00,0
2024-06-13,STORE-DEL-01,SKU-BREAD-400,22,35.00,0
2024-06-14,STORE-DEL-01,SKU-BREAD-400,23,35.00,0
2024-06-15,STORE-DEL-01,SKU-BREAD-400,35,35.00,0
2024-06-16,STORE-DEL-01,SKU-BREAD-400,39,35.00,0
2024-06-17,STORE-DEL-01,SKU-BREAD-400,22,35.00,0
2024-06-18,STORE-DEL-01,SKU-BREAD-400,28,35.00,0
2024-06-19,STORE-DEL-01,SKU-BREAD-400,27,35.00,0
2024-06-20,STORE-DEL-01,SKU-BREAD-400,28,35.00,0
2024-06-21,STORE-DEL-01,SKU-BREAD-400,30,35.00,0
2024-06-22,STORE-DEL-01,SKU-BREAD-400,36,35.00,0
2024-06-23,STORE-DEL-01,SKU-BREAD-400,33,35.00,0
2024-06-24,STORE-DEL-01,SKU-BREAD-400,25,35.00,0
2024-06-25,STORE-DEL-01,SKU-BREAD-400,28,35.00,0
2024-06-26,STORE-DEL-01,SKU-BREAD-400,48,35.00,0
2024-06-27,STORE-DEL-01,SKU-BREAD-400,38,35.00,0
2024-06-28,STORE-DEL-01,SKU-BREAD-400,27,35.00,1
2024-06-29,STORE-DEL-01,SKU-BREAD-400,42,35.00,0
2024-06-30,STORE-DEL-01,SKU-BREAD-400,48,35.00,0
2024-07-01,STORE-DEL-01,SKU-BREAD-400,30,35.00,0
2024-07-02,STORE-DEL-01,SKU-BREAD-400,35,35.00,0
2024-07-03,STORE-DEL-01,SKU-BREAD-400,49,35.00,0
2024-07-04,STORE-DEL-01,SKU-BREAD-400,17,35.00,0
2024-07-05,STORE-DEL-01,SKU-BREAD-400,28,35.00,0
2024-07-06,STORE-DEL-01,SKU-BREAD-400,31,35.00,0
2024-07-07,STORE-DEL-01,SKU-BREAD-400,47,35.00,0
2024-07-08,STORE-DEL-01,SKU-BREAD-400,25,35.00,0
2024-07-09,STORE-DEL-01,SKU-BREAD-400,48,35.00,0
2024-07-10,STORE-DEL-01,SKU-BREAD-400,19,35.00,0
2024-07-11,STORE-DEL-01,SKU-BREAD-400,26,35.00,0
2024-07-12,STORE-DEL-01,SKU-BREAD-400,32,35.00,0
2024-07-13,STORE-DEL-01,SKU-BREAD-400,0,35.00,0
2024-07-14,STORE-DEL-01,SKU-BREAD-400,48,35.00,0
2024-07-15,STORE-DEL-01,SKU-BREAD-400,45,35.00,0
2024-07-16,STORE-DEL-01,SKU-BREAD-400,26,35.00,0
2024-07-17,STORE-DEL-01,SKU-BREAD-400,23,35.00,0
2024-07-18,STORE-DEL-01,SKU-BREAD-400,0,35.00,0
2024-07-19,STORE-DEL-01,SKU-BREAD-400,26,35.00,0
2024-07-20,STORE-DEL-01,SKU-BREAD-400,29,35.00,0
2024-07-21,STORE-DEL-01,SKU-BREAD-400,34,35.00,0
2024-07-22,STORE-DEL-01,SKU-BREAD-400,38,35.00,0
2024-07-23,STORE-DEL-01,SKU-BREAD-400,0,35.00,0
2024-07-24,STORE-DEL-01,SKU-BREAD-400,48,35.00,0
2024-07-25,STORE-DEL-01,SKU-BREAD-400,50,35.00,0
2024-07-26,STORE-DEL-01,SKU-BREAD-400,26,35.00,0
2024-07-27,STORE-DEL-01,SKU-BREAD-400,36,35.00,0
2024-07-28,STORE-DEL-01,SKU-BREAD-400,29,35.00,0
2024-07-29,STORE-DEL-01,SKU-BREAD-400,38,35.00,1
2024-07-30,STORE-DEL-01,SKU-BREAD-400,29,35.00,0
2024-07-31,STORE-DEL-01,SKU-BREAD-400,17,35.00,0
2024-08-01,STORE-DEL-01,SKU-BREAD-400,37,35.00,0
2024-08-02,STORE-DEL-01,SKU-BREAD-400,33,35.00,0
2024-08-03,STORE-DEL-01,SKU-BREAD-400,28,35.00,0
2024-08-04,STORE-DEL-01,SKU-BREAD-400,40,35.00,1
2024-08-05,STORE-DEL-01,SKU-BREAD-400,26,35.00,0
2024-08-06,STORE-DEL-01,SKU-BREAD-400,25,35.00,0
2024-08-07,STORE-DEL-01,SKU-BREAD-400,17,35.00,0
2024-08-08,STORE-DEL-01,SKU-BREAD-400,27,35.00,0
2024-08-09,STORE-DEL-01,SKU-BREAD-400,27,35.00,0
2024-08-10,STORE-DEL-01,SKU-BREAD-400,28,35.00,0
2024-08-11,STORE-DEL-01,SKU-BREAD-400,37,35.00,0
2024-08-12,STORE-DEL-01,SKU-BREAD-400,39,35.00,1
2024-08-13,STORE-DEL-01,SKU-BREAD-400,24,35.00,0
2024-08-14,STORE-DEL-01,SKU-BREAD-400,47,35.00,0
2024-08-15,STORE-DEL-01,SKU-BREAD-400,29,35.00,0
2024-08-16,STORE-DEL-01,SKU-BREAD-400,45,35.00,0
2024-08-17,STORE-DEL-01,SKU-BREAD-400,76,35.00,0
2024-08-18,STORE-DEL-01,SKU-BREAD-400,56,35.00,0
2024-08-19,STORE-DEL-01,SKU-BREAD-400,86,35.00,0
2024-08-20,STORE-DEL-01,SKU-BREAD-400,92,35.00,0
2024-08-21,STORE-DEL-01,SKU-BREAD-400,72,35.00,0
2024-08-22,STORE-DEL-01,SKU-BREAD-400,32,35.00,0
2024-08-23,STORE-DEL-01,SKU-BREAD-400,33,35.00,0
2024-08-24,STORE-DEL-01,SKU-BREAD-400,36,35.00,1
2024-08-25,STORE-DEL-01,SKU-BREAD-400,29,35.00,0
2024-08-26,STORE-DEL-01,SKU-BREAD-400,18,35.00,0
2024-08-27,STORE-DEL-01,SKU-BREAD-400,20,35.00,0
2024-08-28,STORE-DEL-01,SKU-BREAD-400,22,35.00,0
2024-08-29,STORE-DEL-01,SKU-BREAD-400,41,35.00,0
2024-08-30,STORE-DEL-01,SKU-BREAD-400,23,35.00,0
2024-08-31,STORE-DEL-01,SKU-BREAD-400,30,35.00,0
2024-09-01,STORE-DEL-01,SKU-BREAD-400,35,35.00,0
2024-09-02,STORE-DEL-01,SKU-BREAD-400,33,35.00,0
2024-09-03,STORE-DEL-01,SKU-BREAD-400,27,35.00,0
2024-09-04,STORE-DEL-01,SKU-BREAD-400,27,35.00,0
2024-09-05,STORE-DEL-01,SKU-BREAD-400,34,35.00,0
2024-09-06,STORE-DEL-01,SKU-BREAD-400,43,35.00,0
2024-09-07,STORE-DEL-01,SKU-BREAD-400,32,35.00,0
2024-09-08,STORE-DEL-01,SKU-BREAD-400,27,35.00,0
2024-09-09,STORE-DEL-01,SKU-BREAD-400,17,35.00,0
2024-09-10,STORE-DEL-01,SKU-BREAD-400,30,35.00,0
2024-09-11,STORE-DEL-01,SKU-BREAD-400,35,35.00,0
2024-09-12,STORE-DEL-01,SKU-BREAD-400,31,35.00,0
2024-09-13,STORE-DEL-01,SKU-BREAD-400,41,35.00,0
2024-09-14,STORE-DEL-01,SKU-BREAD-400,52,35.00,0
2024-09-15,STORE-DEL-01,SKU-BREAD-400,21,35.00,0
2024-09-16,STORE-DEL-01,SKU-BREAD-400,18,35.00,0
2024-09-17,STORE-DEL-01,SKU-BREAD-400,28,35.00,0
2024-09-18,STORE-DEL-01,SKU-BREAD-400,17,35.00,0
2024-09-19,STORE-DEL-01,SKU-BREAD-400,17,35.00,0
2024-09-20,STORE-DEL-01,SKU-BREAD-400,21,35.00,0
2024-09-21,STORE-DEL-01,SKU-BREAD-400,22,35.00,0
2024-09-22,STORE-DEL-01,SKU-BREAD-400,25,35.00,0
2024-09-23,STORE-DEL-01,SKU-BREAD-400,20,35.00,0
2024-09-24,STORE-DEL-01,SKU-BREAD-400,35,35.00,0
2024-09-25,STORE-DEL-01,SKU-BREAD-400,13,35.00,0
2024-09-26,STORE-DEL-01,SKU-BREAD-400,18,35.00,0
2024-09-27,STORE-DEL-01,SKU-BREAD-400,18,35.00,0
2024-09-28,STORE-DEL-01,SKU-BREAD-400,24,35.00,0
2024-09-29,STORE-DEL-01,SKU-BREAD-400,18,35.00,0
2024-09-30,STORE-DEL-01,SKU-BREAD-400,22,35.00,0
2024-10-01,STORE-DEL-01,SKU-BREAD-400,31,35.00,0
2024-10-02,STORE-DEL-01,SKU-BREAD-400,40,35.00,0
2024-10-03,STORE-DEL-01,SKU-BREAD-400,32,35.00,1
2024-10-04,STORE-DEL-01,SKU-BREAD-400,37,35.00,0
2024-10-05,STORE-DEL-01,SKU-BREAD-400,31,35.00,0
2024-10-06,STORE-DEL-01,SKU-BREAD-400,51,35.00,0
2024-10-07,STORE-DEL-01,SKU-BREAD-400,28,35.00,0
2024-10-08,STORE-DEL-01,SKU-BREAD-400,25,35.00,0
2024-10-09,STORE-DEL-01,SKU-BREAD-400,32,35.00,0
2024-10-10,STORE-DEL-01,SKU-BREAD-400,21,35.00,0
2024-10-11,STORE-DEL-01,SKU-BREAD-400,13,35.00,0
2024-10-12,STORE-DEL-01,SKU-BREAD-400,24,35.00,0
2024-10-13,STORE-DEL-01,SKU-BREAD-400,33,35.00,0
2024-10-14,STORE-DEL-01,SKU-BREAD-400,20,35.00,0
2024-10-15,STORE-DEL-01,SKU-BREAD-400,12,35.00,0
2024-10-16,STORE-DEL-01,SKU-BREAD-400,31,35.00,0
2024-10-17,STORE-DEL-01,SKU-BREAD-400,18,35.00,0
2024-10-18,STORE-DEL-01,SKU-BREAD-400,17,35.00,0
2024-10-19,STORE-DEL-01,SKU-BREAD-400,44,35.00,0
2024-10-20,STORE-DEL-01,SKU-BREAD-400,31,35.00,0
2024-10-21,STORE-DEL-01,SKU-BREAD-400,31,35.00,0
2024-10-22,STORE-DEL-01,SKU-BREAD-400,17,35.00,0
2024-10-23,STORE-DEL-01,SKU-BREAD-400,18,35.00,0
2024-10-24,STORE-DEL-01,SKU-BREAD-400,32,35.00,0
2024-10-25,STORE-DEL-01,SKU-BREAD-400,24,35.00,0
2024-10-26,STORE-DEL-01,SKU-BREAD-400,51,35.00,0
2024-10-27,STORE-DEL-01,SKU-BREAD-400,33,35.00,0
2024-10-28,STORE-DEL-01,SKU-BREAD-400,21,35.00,0
2024-10-29,STORE-DEL-01,SKU-BREAD-400,49,35.00,0
2024-10-30,STORE-DEL-01,SKU-BREAD-400,73,35.00,0
2024-10-31,STORE-DEL-01,SKU-BREAD-400,90,35.00,0
2024-11-01,STORE-DEL-01,SKU-BREAD-400,88,35.00,0
2024-11-02,STORE-DEL-01,SKU-BREAD-400,77,35.00,0
2024-11-03,STORE-DEL-01,SKU-BREAD-400,78,35.00,0
2024-11-04,STORE-DEL-01,SKU-BREAD-400,23,35.00,0
2024-11-05,STORE-DEL-01,SKU-BREAD-400,19,35.00,0
2024-11-06,STORE-DEL-01,SKU-BREAD-400,35,35.00,0
2024-11-07,STORE-DEL-01,SKU-BREAD-400,25,35.00,0
2024-11-08,STORE-DEL-01,SKU-BREAD-400,27,35.00,0
2024-11-09,STORE-DEL-01,SKU-BREAD-400,41,35.00,0
2024-11-10,STORE-DEL-01,SKU-BREAD-400,46,35.00,0
2024-11-11,STORE-DEL-01,SKU-BREAD-400,0,35.00,0
2024-11-12,STORE-DEL-01,SKU-BREAD-400,21,35.00,0
2024-11-13,STORE-DEL-01,SKU-BREAD-400,19,35.00,0
2024-11-14,STORE-DEL-01,SKU-BREAD-400,24,35.00,0
2024-11-15,STORE-DEL-01,SKU-BREAD-400,15,35.00,0
2024-11-16,STORE-DEL-01,SKU-BREAD-400,35,35.00,0
2024-11-17,STORE-DEL-01,SKU-BREAD-400,13,35.00,0
2024-11-18,STORE-DEL-01,SKU-BREAD-400,25,35.00,0
2024-11-19,STORE-DEL-01,SKU-BREAD-400,35,35.00,0
2024-11-20,STORE-DEL-01,SKU-BREAD-400,22,35.00,0
2024-11-21,STORE-DEL-01,SKU-BREAD-400,28,35.00,0
2024-11-22,STORE-DEL-01,SKU-BREAD-400,37,35.00,0
2024-11-23,STORE-DEL-01,SKU-BREAD-400,44,35.00,0
2024-11-24,STORE-DEL-01,SKU-BREAD-400,22,35.00,0
2024-11-25,STORE-DEL-01,SKU-BREAD-400,39,35.00,0
2024-11-26,STORE-DEL-01,SKU-BREAD-400,16,35.00,0
2024-11-27,STORE-DEL-01,SKU-BREAD-400,54,35.00,0
2024-11-28,STORE-DEL-01,SKU-BREAD-400,35,35.00,0
2024-11-29,STORE-DEL-01,SKU-BREAD-400,41,35.00,0
2024-11-30,STORE-DEL-01,SKU-BREAD-400,53,35.00,0
2024-12-01,STORE-DEL-01,SKU-BREAD-400,27,35.00,0
2024-12-02,STORE-DEL-01,SKU-BREAD-400,33,35.00,0
2024-12-03,STORE-DEL-01,SKU-BREAD-400,38,35.00,0
2024-12-04,STORE-DEL-01,SKU-BREAD-400,18,35.00,0
2024-12-05,STORE-DEL-01,SKU-BREAD-400,40,35.00,0
2024-12-06,STORE-DEL-01,SKU-BREAD-400,35,35.00,0
2024-12-07,STORE-DEL-01,SKU-BREAD-400,29,35.00,0
2024-12-08,STORE-DEL-01,SKU-BREAD-400,22,35.00,0
2024-12-09,STORE-DEL-01,SKU-BREAD-400,34,35.00,0
2024-12-10,STORE-DEL-01,SKU-BREAD-400,48,35.00,1
2024-12-11,STORE-DEL-01,SKU-BREAD-400,36,35.00,0
2024-12-12,STORE-DEL-01,SKU-BREAD-400,0,35.00,0
2024-12-13,STORE-DEL-01,SKU-BREAD-400,21,35.00,0
2024-12-14,STORE-DEL-01,SKU-BREAD-400,16,35.00,0
2024-12-15,STORE-DEL-01,SKU-BREAD-400,40,35.00,0
2024-12-16,STORE-DEL-01,SKU-BREAD-400,34,35.00,0
2024-12-17,STORE-DEL-01,SKU-BREAD-400,28,35.00,0
2024-12-18,STORE-DEL-01,SKU-BREAD-400,28,35.00,0
2024-12-19,STORE-DEL-01,SKU-BREAD-400,18,35.00,0
2024-12-20,STORE-DEL-01,SKU-BREAD-400,21,35.00,0
2024-12-21,STORE-DEL-01,SKU-BREAD-400,55,35.00,0
2024-12-22,STORE-DEL-01,SKU-BREAD-400,34,35.00,0
2024-12-23,STORE-DEL-01,SKU-BREAD-400,26,35.00,0
2024-12-24,STORE-DEL-01,SKU-BREAD-400,25,35.00,0
2024-12-25,STORE-DEL-01,SKU-BREAD-400,24,35.00,0
2024-12-26,STORE-DEL-01,SKU-BREAD-400,19,35.00,0
2024-12-27,STORE-DEL-01,SKU-BREAD-400,50,35.00,0
2024-12-28,STORE-DEL-01,SKU-BREAD-400,37,35.00,0
2024-12-29,STORE-DEL-01,SKU-BREAD-400,39,35.00,0
2024-12-30,STORE-DEL-01,SKU-BREAD-400,49,35.00,0
2024-12-31,STORE-DEL-01,SKU-BREAD-400,32,35.00,0
2025-01-01,STORE-DEL-01,SKU-BREAD-400,38,35.00,0
2025-01-02,STORE-DEL-01,SKU-BREAD-400,26,35.00,0
2025-01-03,STORE-DEL-01,SKU-BREAD-400,20,35.00,0
2025-01-04,STORE-DEL-01,SKU-BREAD-400,44,35.00,0
2025-01-05,STORE-DEL-01,SKU-BREAD-400,44,35.00,0
2025-01-06,STORE-DEL-01,SKU-BREAD-400,35,35.00,0
2025-01-07,STORE-DEL-01,SKU-BREAD-400,39,35.00,0
2025-01-08,STORE-DEL-01,SKU-BREAD-400,26,35.00,0
2025-01-09,STORE-DEL-01,SKU-BREAD-400,28,35.00,0
2025-01-10,STORE-DEL-01,SKU-BREAD-400,38,35.00,0
2025-01-11,STORE-DEL-01,SKU-BREAD-400,22,35.00,0
2025-01-12,STORE-DEL-01,SKU-BREAD-400,35,35.00,0
2025-01-13,STORE-DEL-01,SKU-BREAD-400,31,35.00,0
2025-01-14,STORE-DEL-01,SKU-BREAD-400,50,35.00,0
2025-01-15,STORE-DEL-01,SKU-BREAD-400,28,35.00,0
2025-01-16,STORE-DEL-01,SKU-BREAD-400,0,35.00,0
2025-01-17,STORE-DEL-01,SKU-BREAD-400,21,35.00,0
2025-01-18,STORE-DEL-01,SKU-BREAD-400,27,35.00,0
2025-01-19,STORE-DEL-01,SKU-BREAD-400,50,35.00,0
2025-01-20,STORE-DEL-01,SKU-BREAD-400,47,35.00,0
2025-01-21,STORE-DEL-01,SKU-BREAD-400,19,35.00,0
2025-01-22,STORE-DEL-01,SKU-BREAD-400,34,35.00,0
2025-01-23,STORE-DEL-01,SKU-BREAD-400,15,35.00,0
2025-01-24,STORE-DEL-01,SKU-BREAD-400,33,35.00,1
2025-01-25,STORE-DEL-01,SKU-BREAD-400,50,35.00,0
2025-01-26,STORE-DEL-01,SKU-BREAD-400,45,35.00,0
2025-01-27,STORE-DEL-01,SKU-BREAD-400,15,35.00,0
2025-01-28,STORE-DEL-01,SKU-BREAD-400,33,35.00,0
2025-01-29,STORE-DEL-01,SKU-BREAD-400,40,35.00,0
2025-01-30,STORE-DEL-01,SKU-BREAD-400,37,35.00,0
2025-01-31,STORE-DEL-01,SKU-BREAD-400,0,35.00,0
2025-02-01,STORE-DEL-01,SKU-BREAD-400,34,35.00,0
2025-02-02,STORE-DEL-01,SKU-BREAD-400,63,35.00,0
2025-02-03,STORE-DEL-01,SKU-BREAD-400,45,35.00,0
2025-02-04,STORE-DEL-01,SKU-BREAD-400,27,35.00,0
2025-02-05,STORE-DEL-01,SKU-BREAD-400,41,35.00,0
2025-02-06,STORE-DEL-01,SKU-BREAD-400,26,35.00,0
2025-02-07,STORE-DEL-01,SKU-BREAD-400,19,35.00,0
2025-02-08,STORE-DEL-01,SKU-BREAD-400,31,35.00,0
2025-02-09,STORE-DEL-01,SKU-BREAD-400,42,35.00,0
2025-02-10,STORE-DEL-01,SKU-BREAD-400,36,35.00,0
2025-02-11,STORE-DEL-01,SKU-BREAD-400,25,35.00,0
2025-02-12,STORE-DEL-01,SKU-BREAD-400,14,35.00,0
2025-02-13,STORE-DEL-01,SKU-BREAD-400,33,35.00,0
2025-02-14,STORE-DEL-01,SKU-BREAD-400,38,35.00,0
2025-02-15,STORE-DEL-01,SKU-BREAD-400,34,35.00,0
2025-02-16,STORE-DEL-01,SKU-BREAD-400,81,35.00,0
2025-02-17,STORE-DEL-01,SKU-BREAD-400,45,35.00,0
2025-02-18,STORE-DEL-01,SKU-BREAD-400,41,35.00,0
2025-02-19,STORE-DEL-01,SKU-BREAD-400,44,35.00,0
2025-02-20,STORE-DEL-01,SKU-BREAD-400,30,35.00,0
2025-02-21,STORE-DEL-01,SKU-BREAD-400,18,35.00,1
2025-02-22,STORE-DEL-01,SKU-BREAD-400,32,35.00,0
2025-02-23,STORE-DEL-01,SKU-BREAD-400,46,35.00,0
2025-02-24,STORE-DEL-01,SKU-BREAD-400,41,35.00,0
2025-02-25,STORE-DEL-01,SKU-BREAD-400,40,35.00,0
2025-02-26,STORE-DEL-01,SKU-BREAD-400,30,35.00,0
2025-02-27,STORE-DEL-01,SKU-BREAD-400,32,35.00,0
2025-02-28,STORE-DEL-01,SKU-BREAD-400,31,35.00,0
2025-03-01,STORE-DEL-01,SKU-BREAD-400,28,35.00,0
2025-03-02,STORE-DEL-01,SKU-BREAD-400,36,35.00,0
2025-03-03,STORE-DEL-01,SKU-BREAD-400,13,35.00,0
2025-03-04,STORE-DEL-01,SKU-BREAD-400,41,35.00,0
2025-03-05,STORE-DEL-01,SKU-BREAD-400,32,35.00,0
2025-03-06,STORE-DEL-01,SKU-BREAD-400,52,35.00,0
2025-03-07,STORE-DEL-01,SKU-BREAD-400,31,35.00,0
2025-03-08,STORE-DEL-01,SKU-BREAD-400,28,35.00,0
2025-03-09,STORE-DEL-01,SKU-BREAD-400,53,35.00,0
2025-03-10,STORE-DEL-01,SKU-BREAD-400,28,35.00,0
2025-03-11,STORE-DEL-01,SKU-BREAD-400,61,35.00,0
2025-03-12,STORE-DEL-01,SKU-BREAD-400,47,35.00,0
2025-03-13,STORE-DEL-01,SKU-BREAD-400,46,35.00,0
2025-03-14,STORE-DEL-01,SKU-BREAD-400,103,35.00,0
2025-03-15,STORE-DEL-01,SKU-BREAD-400,124,35.00,0
2025-03-16,STORE-DEL-01,SKU-BREAD-400,51,35.00,0
2025-03-17,STORE-DEL-01,SKU-BREAD-400,81,35.00,0
2025-03-18,STORE-DEL-01,SKU-BREAD-400,38,35.00,0
2025-03-19,STORE-DEL-01,SKU-BREAD-400,37,35.00,0
2025-03-20,STORE-DEL-01,SKU-BREAD-400,19,35.00,0
2025-03-21,STORE-DEL-01,SKU-BREAD-400,30,35.00,0
2025-03-22,STORE-DEL-01,SKU-BREAD-400,43,35.00,0
2025-03-23,STORE-DEL-01,SKU-BREAD-400,43,35.00,0
2025-03-24,STORE-DEL-01,SKU-BREAD-400,40,35.00,0
2025-03-25,STORE-DEL-01,SKU-BREAD-400,53,35.00,0
2025-03-26,STORE-DEL-01,SKU-BREAD-400,40,35.00,0
2025-03-27,STORE-DEL-01,SKU-BREAD-400,29,35.00,0
2025-03-28,STORE-DEL-01,SKU-BREAD-400,30,35.00,0
2025-03-29,STORE-DEL-01,SKU-BREAD-400,37,35.00,0
2025-03-30,STORE-DEL-01,SKU-BREAD-400,57,35.00,0
2025-03-31,STORE-DEL-01,SKU-BREAD-400,16,35.00,0
2025-04-01,STORE-DEL-01,SKU-BREAD-400,30,35.00,0
2025-04-02,STORE-DEL-01,SKU-BREAD-400,35,35.00,0
2025-04-03,STORE-DEL-01,SKU-BREAD-400,20,35.00,0
2025-04-04,STORE-DEL-01,SKU-BREAD-400,41,35.00,0
2025-04-05,STORE-DEL-01,SKU-BREAD-400,49,35.00,0
2025-04-06,STORE-DEL-01,SKU-BREAD-400,46,35.00,0
2025-04-07,STORE-DEL-01,SKU-BREAD-400,30,35.00,0
2025-04-08,STORE-DEL-01,SKU-BREAD-400,68,35.00,0
2025-04-09,STORE-DEL-01,SKU-BREAD-400,31,35.00,0
2025-04-10,STORE-DEL-01,SKU-BREAD-400,38,35.00,0
2025-04-11,STORE-DEL-01,SKU-BREAD-400,40,35.00,0
2025-04-12,STORE-DEL-01,SKU-BREAD-400,40,35.00,0
2025-04-13,STORE-DEL-01,SKU-BREAD-400,38,35.00,0
2025-04-14,STORE-DEL-01,SKU-BREAD-400,34,35.00,0
2025-04-15,STORE-DEL-01,SKU-BREAD-400,48,35.00,0
2025-04-16,STORE-DEL-01,SKU-BREAD-400,29,35.00,0
2025-04-17,STORE-DEL-01,SKU-BREAD-400,22,35.00,0
2025-04-18,STORE-DEL-01,SKU-BREAD-400,36,35.00,0
2025-04-19,STORE-DEL-01,SKU-BREAD-400,38,35.00,0
2025-04-20,STORE-DEL-01,SKU-BREAD-400,25,35.00,0
2025-04-21,STORE-DEL-01,SKU-BREAD-400,47,35.00,1
2025-04-22,STORE-DEL-01,SKU-BREAD-400,68,35.00,1
2025-04-23,STORE-DEL-01,SKU-BREAD-400,27,35.00,0
2025-04-24,STORE-DEL-01,SKU-BREAD-400,22,35.00,0
2025-04-25,STORE-DEL-01,SKU-BREAD-400,31,35.00,0
2025-04-26,STORE-DEL-01,SKU-BREAD-400,0,35.00,0
2025-04-27,STORE-DEL-01,SKU-BREAD-400,45,35.00,0
2025-04-28,STORE-DEL-01,SKU-BREAD-400,24,35.00,0
2025-04-29,STORE-DEL-01,SKU-BREAD-400,30,35.00,0
2025-04-30,STORE-DEL-01,SKU-BREAD-400,41,35.00,0
2025-05-01,STORE-DEL-01,SKU-BREAD-400,31,35.00,0
2025-05-02,STORE-DEL-01,SKU-BREAD-400,30,35.00,0
2025-05-03,STORE-DEL-01,SKU-BREAD-400,71,35.00,0
2025-05-04,STORE-DEL-01,SKU-BREAD-400,25,35.00,0
2025-05-05,STORE-DEL-01,SKU-BREAD-400,0,35.00,0
2025-05-06,STORE-DEL-01,SKU-BREAD-400,33,35.00,0
2025-05-07,STORE-DEL-01,SKU-BREAD-400,31,35.00,0
2025-05-08,STORE-DEL-01,SKU-BREAD-400,45,35.00,0
2025-05-09,STORE-DEL-01,SKU-BREAD-400,33,35.00,0
2025-05-10,STORE-DEL-01,SKU-BREAD-400,47,35.00,0
2025-05-11,STORE-DEL-01,SKU-BREAD-400,33,35.00,0
2025-05-12,STORE-DEL-01,SKU-BREAD-400,39,35.00,0
2025-05-13,STORE-DEL-01,SKU-BREAD-400,50,35.00,0
2025-05-14,STORE-DEL-01,SKU-BREAD-400,28,35.00,0
2025-05-15,STORE-DEL-01,SKU-BREAD-400,28,35.00,0
2025-05-16,STORE-DEL-01,SKU-BREAD-400,55,35.00,1
2025-05-17,STORE-DEL-01,SKU-BREAD-400,41,35.00,0
2025-05-18,STORE-DEL-01,SKU-BREAD-400,47,35.00,0
2025-05-19,STORE-DEL-01,SKU-BREAD-400,39,35.00,0
2025-05-20,STORE-DEL-01,SKU-BREAD-400,23,35.00,0
2025-05-21,STORE-DEL-01,SKU-BREAD-400,18,35.00,0
2025-05-22,STORE-DEL-01,SKU-BREAD-400,30,35.00,0
2025-05-23,STORE-DEL-01,SKU-BREAD-400,24,35.00,0
2025-05-24,STORE-DEL-01,SKU-BREAD-400,42,35.00,0
2025-05-25,STORE-DEL-01,SKU-BREAD-400,35,35.00,0
2025-05-26,STORE-DEL-01,SKU-BREAD-400,49,35.00,0
2025-05-27,STORE-DEL-01,SKU-BREAD-400,28,35.00,0
2025-05-28,STORE-DEL-01,SKU-BREAD-400,29,35.00,0
2025-05-29,STORE-DEL-01,SKU-BREAD-400,0,35.00,0
2025-05-30,STORE-DEL-01,SKU-BREAD-400,27,35.00,0
2025-05-31,STORE-DEL-01,SKU-BREAD-400,32,35.00,0
2025-06-01,STORE-DEL-01,SKU-BREAD-400,50,35.00,0
2025-06-02,STORE-DEL-01,SKU-BREAD-400,12,35.00,0
2025-06-03,STORE-DEL-01,SKU-BREAD-400,31,35.00,0
2025-06-04,STORE-DEL-01,SKU-BREAD-400,52,35.00,0
2025-06-05,STORE-DEL-01,SKU-BREAD-400,22,35.00,0
2025-06-06,STORE-DEL-01,SKU-BREAD-400,0,35.00,0
2025-06-07,STORE-DEL-01,SKU-BREAD-400,45,35.00,0
2025-06-08,STORE-DEL-01,SKU-BREAD-400,40,35.00,0
2025-06-09,STORE-DEL-01,SKU-BREAD-400,35,35.00,0
2025-06-10,STORE-DEL-01,SKU-BREAD-400,25,35.00,0
2025-06-11,STORE-DEL-01,SKU-BREAD-400,62,35.00,1
2025-06-12,STORE-DEL-01,SKU-BREAD-400,21,35.00,0
2025-06-13,STORE-DEL-01,SKU-BREAD-400,40,35.00,0
2025-06-14,STORE-DEL-01,SKU-BREAD-400,36,35.00,0
2025-06-15,STORE-DEL-01,SKU-BREAD-400,50,35.00,0
2025-06-16,STORE-DEL-01,SKU-BREAD-400,27,35.00,0
2025-06-17,STORE-DEL-01,SKU-BREAD-400,38,35.00,0
2025-06-18,STORE-DEL-01,SKU-BREAD-400,36,35.00,0
2025-06-19,STORE-DEL-01,SKU-BREAD-400,44,35.00,0
2025-06-20,STORE-DEL-01,SKU-BREAD-400,26,35.00,0
2025-06-21,STORE-DEL-01,SKU-BREAD-400,43,35.00,1
2025-06-22,STORE-DEL-01,SKU-BREAD-400,23,35.00,0
2025-06-23,STORE-DEL-01,SKU-BREAD-400,44,35.00,0
2025-06-24,STORE-DEL-01,SKU-BREAD-400,36,35.00,0
2025-06-25,STORE-DEL-01,SKU-BREAD-400,22,35.00,0
2025-06-26,STORE-DEL-01,SKU-BREAD-400,39,35.00,0
2025-06-27,STORE-DEL-01,SKU-BREAD-400,42,35.00,0
2025-06-28,STORE-DEL-01,SKU-BREAD-400,31,35.00,0
2025-06-29,STORE-DEL-01,SKU-BREAD-400,36,35.00,0
2025-06-30,STORE-DEL-01,SKU-BREAD-400,30,35.00,0
2025-07-01,STORE-DEL-01,SKU-BREAD-400,44,35.00,0
2025-07-02,STORE-DEL-01,SKU-BREAD-400,18,35.00,0
2025-07-03,STORE-DEL-01,SKU-BREAD-400,42,35.00,0
2025-07-04,STORE-DEL-01,SKU-BREAD-400,22,35.00,0
2025-07-05,STORE-DEL-01,SKU-BREAD-400,35,35.00,0
2025-07-06,STORE-DEL-01,SKU-BREAD-400,57,35.00,0
2025-07-07,STORE-DEL-01,SKU-BREAD-400,17,35.00,0
2025-07-08,STORE-DEL-01,SKU-BREAD-400,28,35.00,0
2025-07-09,STORE-DEL-01,SKU-BREAD-400,18,35.00,0
2025-07-10,STORE-DEL-01,SKU-BREAD-400,43,35.00,0
2025-07-11,STORE-DEL-01,SKU-BREAD-400,31,35.00,0
2025-07-12,STORE-DEL-01,SKU-BREAD-400,37,35.00,0
2025-07-13,STORE-DEL-01,SKU-BREAD-400,24,35.00,0
2025-07-14,STORE-DEL-01,SKU-BREAD-400,32,35.00,0
2025-07-15,STORE-DEL-01,SKU-BREAD-400,24,35.00,0
2025-07-16,STORE-DEL-01,SKU-BREAD-400,48,35.00,1
2025-07-17,STORE-DEL-01,SKU-BREAD-400,25,35.00,0
2025-07-18,STORE-DEL-01,SKU-BREAD-400,33,35.00,0
2025-07-19,STORE-DEL-01,SKU-BREAD-400,45,35.00,0
2025-07-20,STORE-DEL-01,SKU-BREAD-400,29,35.00,0
2025-07-21,STORE-DEL-01,SKU-BREAD-400,38,35.00,0
2025-07-22,STORE-DEL-01,SKU-BREAD-400,30,35.00,0
2025-07-23,STORE-DEL-01,SKU-BREAD-400,27,35.00,0
2025-07-24,STORE-DEL-01,SKU-BREAD-400,22,35.00,0
2025-07-25,STORE-DEL-01,SKU-BREAD-400,18,35.00,0
2025-07-26,STORE-DEL-01,SKU-BREAD-400,35,35.00,1
2025-07-27,STORE-DEL-01,SKU-BREAD-400,33,35.00,0
2025-07-28,STORE-DEL-01,SKU-BREAD-400,21,35.00,0
2025-07-29,STORE-DEL-01,SKU-BREAD-400,55,35.00,0
2025-07-30,STORE-DEL-01,SKU-BREAD-400,23,35.00,0
2025-07-31,STORE-DEL-01,SKU-BREAD-400,19,35.00,0
2025-08-01,STORE-DEL-01,SKU-BREAD-400,27,35.00,0
2025-08-02,STORE-DEL-01,SKU-BREAD-400,53,35.00,0
2025-08-03,STORE-DEL-01,SKU-BREAD-400,44,35.00,0
2025-08-04,STORE-DEL-01,SKU-BREAD-400,31,35.00,0
2025-08-05,STORE-DEL-01,SKU-BREAD-400,21,35.00,0
2025-08-06,STORE-DEL-01,SKU-BREAD-400,25,35.00,0
2025-08-07,STORE-DEL-01,SKU-BREAD-400,63,35.00,1
2025-08-08,STORE-DEL-01,SKU-BREAD-400,80,35.00,1
2025-08-09,STORE-DEL-01,SKU-BREAD-400,81,35.00,0
2025-08-10,STORE-DEL-01,SKU-BREAD-400,54,35.00,0
2025-08-11,STORE-DEL-01,SKU-BREAD-400,43,35.00,0
2025-08-12,STORE-DEL-01,SKU-BREAD-400,22,35.00,0
2025-08-13,STORE-DEL-01,SKU-BREAD-400,38,35.00,0
2025-08-14,STORE-DEL-01,SKU-BREAD-400,23,35.00,0
2025-08-15,STORE-DEL-01,SKU-BREAD-400,22,35.00,0
2025-08-16,STORE-DEL-01,SKU-BREAD-400,0,35.00,0
2025-08-17,STORE-DEL-01,SKU-BREAD-400,36,35.00,0
2025-08-18,STORE-DEL-01,SKU-BREAD-400,25,35.00,0
2025-08-19,STORE-DEL-01,SKU-BREAD-400,40,35.00,0
2025-08-20,STORE-DEL-01,SKU-BREAD-400,20,35.00,0
2025-08-21,STORE-DEL-01,SKU-BREAD-400,94,35.00,0
2025-08-22,STORE-DEL-01,SKU-BREAD-400,20,35.00,0
2025-08-23,STORE-DEL-01,SKU-BREAD-400,96,35.00,1
2025-08-24,STORE-DEL-01,SKU-BREAD-400,53,35.00,0
2025-08-25,STORE-DEL-01,SKU-BREAD-400,20,35.00,0
2025-08-26,STORE-DEL-01,SKU-BREAD-400,20,35.00,0
2025-08-27,STORE-DEL-01,SKU-BREAD-400,28,35.00,0
2025-08-28,STORE-DEL-01,SKU-BREAD-400,33,35.00,0
2025-08-29,STORE-DEL-01,SKU-BREAD-400,27,35.00,0
2025-08-30,STORE-DEL-01,SKU-BREAD-400,60,35.00,0
2025-08-31,STORE-DEL-01,SKU-BREAD-400,28,35.00,0
2025-09-01,STORE-DEL-01,SKU-BREAD-400,55,35.00,0
2025-09-02,STORE-DEL-01,SKU-BREAD-400,22,35.00,0
2025-09-03,STORE-DEL-01,SKU-BREAD-400,25,35.00,0
2025-09-04,STORE-DEL-01,SKU-BREAD-400,35,35.00,0
2025-09-05,STORE-DEL-01,SKU-BREAD-400,30,35.00,0
2025-09-06,STORE-DEL-01,SKU-BREAD-400,20,35.00,0
2025-09-07,STORE-DEL-01,SKU-BREAD-400,27,35.00,0
2025-09-08,STORE-DEL-01,SKU-BREAD-400,47,35.00,0
2025-09-09,STORE-DEL-01,SKU-BREAD-400,28,35.00,0
2025-09-10,STORE-DEL-01,SKU-BREAD-400,39,35.00,0
2025-09-11,STORE-DEL-01,SKU-BREAD-400,12,35.00,0
2025-09-12,STORE-DEL-01,SKU-BREAD-400,43,35.00,0
2025-09-13,STORE-DEL-01,SKU-BREAD-400,49,35.00,0
2025-09-14,STORE-DEL-01,SKU-BREAD-400,22,35.00,0
2025-09-15,STORE-DEL-01,SKU-BREAD-400,21,35.00,0
2025-09-16,STORE-DEL-01,SKU-BREAD-400,17,35.00,0
2025-09-17,STORE-DEL-01,SKU-BREAD-400,35,35.00,0
2025-09-18,STORE-DEL-01,SKU-BREAD-400,40,35.00,0
2025-09-19,STORE-DEL-01,SKU-BREAD-400,28,35.00,0
2025-09-20,STORE-DEL-01,SKU-BREAD-400,64,35.00,0
2025-09-21,STORE-DEL-01,SKU-BREAD-400,30,35.00,0
2025-09-22,STORE-DEL-01,SKU-BREAD-400,27,35.00,0
2025-09-23,STORE-DEL-01,SKU-BREAD-400,24,35.00,0
2025-09-24,STORE-DEL-01,SKU-BREAD-400,21,35.00,0
2025-09-25,STORE-DEL-01,SKU-BREAD-400,46,35.00,0
2025-09-26,STORE-DEL-01,SKU-BREAD-400,18,35.00,0
2025-09-27,STORE-DEL-01,SKU-BREAD-400,27,35.00,0
2025-09-28,STORE-DEL-01,SKU-BREAD-400,37,35.00,0
2025-09-29,STORE-DEL-01,SKU-BREAD-400,23,35.00,0
2025-09-30,STORE-DEL-01,SKU-BREAD-400,26,35.00,0
2025-10-01,STORE-DEL-01,SKU-BREAD-400,22,35.00,0
2025-10-02,STORE-DEL-01,SKU-BREAD-400,21,35.00,0
2025-10-03,STORE-DEL-01,SKU-BREAD-400,29,35.00,0
2025-10-04,STORE-DEL-01,SKU-BREAD-400,32,35.00,0
2025-10-05,STORE-DEL-01,SKU-BREAD-400,31,35.00,0
2025-10-06,STORE-DEL-01,SKU-BREAD-400,40,35.00,0
2025-10-07,STORE-DEL-01,SKU-BREAD-400,28,35.00,0
2025-10-08,STORE-DEL-01,SKU-BREAD-400,30,35.00,0
2025-10-09,STORE-DEL-01,SKU-BREAD-400,0,35.00,0
2025-10-10,STORE-DEL-01,SKU-BREAD-400,40,35.00,0
2025-10-11,STORE-DEL-01,SKU-BREAD-400,38,35.00,0
2025-10-12,STORE-DEL-01,SKU-BREAD-400,44,35.00,0
2025-10-13,STORE-DEL-01,SKU-BREAD-400,21,35.00,0
2025-10-14,STORE-DEL-01,SKU-BREAD-400,29,35.00,0
2025-10-15,STORE-DEL-01,SKU-BREAD-400,43,35.00,1
2025-10-16,STORE-DEL-01,SKU-BREAD-400,15,35.00,0
2025-10-17,STORE-DEL-01,SKU-BREAD-400,22,35.00,0
2025-10-18,STORE-DEL-01,SKU-BREAD-400,50,35.00,0
2025-10-19,STORE-DEL-01,SKU-BREAD-400,71,35.00,0
2025-10-20,STORE-DEL-01,SKU-BREAD-400,53,35.00,0
2025-10-21,STORE-DEL-01,SKU-BREAD-400,100,35.00,0
2025-10-22,STORE-DEL-01,SKU-BREAD-400,99,35.00,0
2025-10-23,STORE-DEL-01,SKU-BREAD-400,61,35.00,0
2025-10-24,STORE-DEL-01,SKU-BREAD-400,29,35.00,0
2025-10-25,STORE-DEL-01,SKU-BREAD-400,43,35.00,0
2025-10-26,STORE-DEL-01,SKU-BREAD-400,45,35.00,0
2025-10-27,STORE-DEL-01,SKU-BREAD-400,27,35.00,0
2025-10-28,STORE-DEL-01,SKU-BREAD-400,36,35.00,0
2025-10-29,STORE-DEL-01,SKU-BREAD-400,25,35.00,1
2025-10-30,STORE-DEL-01,SKU-BREAD-400,55,35.00,0
2025-10-31,STORE-DEL-01,SKU-BREAD-400,0,35.00,0
2025-11-01,STORE-DEL-01,SKU-BREAD-400,23,35.00,0
2025-11-02,STORE-DEL-01,SKU-BREAD-400,25,35.00,0
2025-11-03,STORE-DEL-01,SKU-BREAD-400,21,35.00,0
2025-11-04,STORE-DEL-01,SKU-BREAD-400,15,35.00,0
2025-11-05,STORE-DEL-01,SKU-BREAD-400,41,35.00,0
2025-11-06,STORE-DEL-01,SKU-BREAD-400,27,35.00,0
2025-11-07,STORE-DEL-01,SKU-BREAD-400,27,35.00,0
2025-11-08,STORE-DEL-01,SKU-BREAD-400,36,35.00,0
2025-11-09,STORE-DEL-01,SKU-BREAD-400,32,35.00,0
2025-11-10,STORE-DEL-01,SKU-BREAD-400,19,35.00,0
2025-11-11,STORE-DEL-01,SKU-BREAD-400,18,35.00,0
2025-11-12,STORE-DEL-01,SKU-BREAD-400,23,35.00,0
2025-11-13,STORE-DEL-01,SKU-BREAD-400,45,35.00,1
2025-11-14,STORE-DEL-01,SKU-BREAD-400,36,35.00,1
2025-11-15,STORE-DEL-01,SKU-BREAD-400,21,35.00,0
2025-11-16,STORE-DEL-01,SKU-BREAD-400,39,35.00,0
2025-11-17,STORE-DEL-01,SKU-BREAD-400,27,35.00,0
2025-11-18,STORE-DEL-01,SKU-BREAD-400,36,35.00,0
2025-11-19,STORE-DEL-01,SKU-BREAD-400,29,35.00,0
2025-11-20,STORE-DEL-01,SKU-BREAD-400,27,35.00,0
2025-11-21,STORE-DEL-01,SKU-BREAD-400,39,35.00,0
2025-11-22,STORE-DEL-01,SKU-BREAD-400,42,35.00,0
2025-11-23,STORE-DEL-01,SKU-BREAD-400,24,35.00,0
2025-11-24,STORE-DEL-01,SKU-BREAD-400,12,35.00,0
2025-11-25,STORE-DEL-01,SKU-BREAD-400,21,35.00,0
2025-11-26,STORE-DEL-01,SKU-BREAD-400,29,35.00,0
2025-11-27,STORE-DEL-01,SKU-BREAD-400,28,35.00,0
2025-11-28,STORE-DEL-01,SKU-BREAD-400,14,35.00,0
2025-11-29,STORE-DEL-01,SKU-BREAD-400,17,35.00,0
2025-11-30,STORE-DEL-01,SKU-BREAD-400,55,35.00,0
2025-12-01,STORE-DEL-01,SKU-BREAD-400,33,35.00,0
2025-12-02,STORE-DEL-01,SKU-BREAD-400,26,35.00,0
2025-12-03,STORE-DEL-01,SKU-BREAD-400,18,35.00,0
2025-12-04,STORE-DEL-01,SKU-BREAD-400,25,35.00,0
2025-12-05,STORE-DEL-01,SKU-BREAD-400,29,35.00,0
2025-12-06,STORE-DEL-01,SKU-BREAD-400,29,35.00,0
2025-12-07,STORE-DEL-01,SKU-BREAD-400,40,35.00,0
2025-12-08,STORE-DEL-01,SKU-BREAD-400,23,35.00,0
2025-12-09,STORE-DEL-01,SKU-BREAD-400,31,35.00,0
2025-12-10,STORE-DEL-01,SKU-BREAD-400,31,35.00,0
2025-12-11,STORE-DEL-01,SKU-BREAD-400,22,35.00,0
2025-12-12,STORE-DEL-01,SKU-BREAD-400,27,35.00,0
2025-12-13,STORE-DEL-01,SKU-BREAD-400,39,35.00,0
2025-12-14,STORE-DEL-01,SKU-BREAD-400,33,35.00,0
2025-12-15,STORE-DEL-01,SKU-BREAD-400,32,35.00,0
2025-12-16,STORE-DEL-01,SKU-BREAD-400,27,35.00,0
2025-12-17,STORE-DEL-01,SKU-BREAD-400,28,35.00,0
2025-12-18,STORE-DEL-01,SKU-BREAD-400,21,35.00,0
2025-12-19,STORE-DEL-01,SKU-BREAD-400,28,35.00,0
2025-12-20,STORE-DEL-01,SKU-BREAD-400,60,35.00,0
2025-12-21,STORE-DEL-01,SKU-BREAD-400,47,35.00,0
2025-12-22,STORE-DEL-01,SKU-BREAD-400,45,35.00,0
2025-12-23,STORE-DEL-01,SKU-BREAD-400,21,35.00,0
2025-12-24,STORE-DEL-01,SKU-BREAD-400,34,35.00,0
2025-12-25,STORE-DEL-01,SKU-BREAD-400,33,35.00,0
2025-12-26,STORE-DEL-01,SKU-BREAD-400,35,35.00,0
2025-12-27,STORE-DEL-01,SKU-BREAD-400,29,35.00,0
2025-12-28,STORE-DEL-01,SKU-BREAD-400,24,35.00,0
2025-12-29,STORE-DEL-01,SKU-BREAD-400,24,35.00,0
2025-12-30,STORE-DEL-01,SKU-BREAD-400,23,35.00,0
2024-01-01,STORE-DEL-01,SKU-RICE-5KG,23,320.00,0
2024-01-02,STORE-DEL-01,SKU-RICE-5KG,10,320.00,0
2024-01-03,STORE-DEL-01,SKU-RICE-5KG,0,320.00,0
2024-01-04,STORE-DEL-01,SKU-RICE-5KG,23,320.00,0
2024-01-05,STORE-DEL-01,SKU-RICE-5KG,16,320.00,0
2024-01-06,STORE-DEL-01,SKU-RICE-5KG,41,320.00,0
2024-01-07,STORE-DEL-01,SKU-RICE-5KG,33,320.00,0
2024-01-08,STORE-DEL-01,SKU-RICE-5KG,26,320.00,1
2024-01-09,STORE-DEL-01,SKU-RICE-5KG,5,320.00,0
2024-01-10,STORE-DEL-01,SKU-RICE-5KG,0,320.00,1
2024-01-11,STORE-DEL-01,SKU-RICE-5KG,8,320.00,0
2024-01-12,STORE-DEL-01,SKU-RICE-5KG,17,320.00,0
2024-01-13,STORE-DEL-01,SKU-RICE-5KG,1,320.00,0
2024-01-14,STORE-DEL-01,SKU-RICE-5KG,31,320.00,0
2024-01-15,STORE-DEL-01,SKU-RICE-5KG,9,320.00,0
2024-01-16,STORE-DEL-01,SKU-RICE-5KG,4,320.00,0
2024-01-17,STORE-DEL-01,SKU-RICE-5KG,23,320.00,0
2024-01-18,STORE-DEL-01,SKU-RICE-5KG,0,320.00,0
2024-01-19,STORE-DEL-01,SKU-RICE-5KG,12,320.00,1
2024-01-20,STORE-DEL-01,SKU-RICE-5KG,18,320.00,0
2024-01-21,STORE-DEL-01,SKU-RICE-5KG,30,320.00,0
2024-01-22,STORE-DEL-01,SKU-RICE-5KG,16,320.00,0
2024-01-23,STORE-DEL-01,SKU-RICE-5KG,32,320.00,0
2024-01-24,STORE-DEL-01,SKU-RICE-5KG,13,320.00,0
2024-01-25,STORE-DEL-01,SKU-RICE-5KG,8,320.00,0
2024-01-26,STORE-DEL-01,SKU-RICE-5KG,31,320.00,1
2024-01-27,STORE-DEL-01,SKU-RICE-5KG,3,320.00,0
2024-01-28,STORE-DEL-01,SKU-RICE-5KG,43,320.00,0
2024-01-29,STORE-DEL-01,SKU-RICE-5KG,6,320.00,0
2024-01-30,STORE-DEL-01,SKU-RICE-5KG,21,320.00,0
2024-01-31,STORE-DEL-01,SKU-RICE-5KG,0,320.00,0
2024-02-01,STORE-DEL-01,SKU-RICE-5KG,13,320.00,0
2024-02-02,STORE-DEL-01,SKU-RICE-5KG,18,320.00,0
2024-02-03,STORE-DEL-01,SKU-RICE-5KG,32,320.00,0
2024-02-04,STORE-DEL-01,SKU-RICE-5KG,37,320.00,0
2024-02-05,STORE-DEL-01,SKU-RICE-5KG,5,320.00,0
2024-02-06,STORE-DEL-01,SKU-RICE-5KG,5,320.00,1
2024-02-07,STORE-DEL-01,SKU-RICE-5KG,7,320.00,0
2024-02-08,STORE-DEL-01,SKU-RICE-5KG,12,320.00,0
2024-02-09,STORE-DEL-01,SKU-RICE-5KG,5,320.00,0
2024-02-10,STORE-DEL-01,SKU-RICE-5KG,16,320.00,0
2024-02-11,STORE-DEL-01,SKU-RICE-5KG,17,320.00,0
2024-02-12,STORE-DEL-01,SKU-RICE-5KG,1,320.00,0
2024-02-13,STORE-DEL-01,SKU-RICE-5KG,8,320.00,0
2024-02-14,STORE-DEL-01,SKU-RICE-5KG,12,320.00,0
2024-02-15,STORE-DEL-01,SKU-RICE-5KG,38,320.00,1
2024-02-16,STORE-DEL-01,SKU-RICE-5KG,5,320.00,1
2024-02-17,STORE-DEL-01,SKU-RICE-5KG,7,320.00,0
2024-02-18,STORE-DEL-01,SKU-RICE-5KG,23,320.00,0
2024-02-19,STORE-DEL-01,SKU-RICE-5KG,1,320.00,0
2024-02-20,STORE-DEL-01,SKU-RICE-5KG,9,320.00,0
2024-02-21,STORE-DEL-01,SKU-RICE-5KG,3,320.00,0
2024-02-22,STORE-DEL-01,SKU-RICE-5KG,34,320.00,0
2024-02-23,STORE-DEL-01,SKU-RICE-5KG,17,320.00,0
2024-02-24,STORE-DEL-01,SKU-RICE-5KG,4,320.00,0
2024-02-25,STORE-DEL-01,SKU-RICE-5KG,5,320.00,0
2024-02-26,STORE-DEL-01,SKU-RICE-5KG,14,320.00,0
2024-02-27,STORE-DEL-01,SKU-RICE-5KG,11,320.00,0
2024-02-28,STORE-DEL-01,SKU-RICE-5KG,12,320.00,0
2024-02-29,STORE-DEL-01,SKU-RICE-5KG,15,320.00,0
2024-03-01,STORE-DEL-01,SKU-RICE-5KG,18,320.00,0
2024-03-02,STORE-DEL-01,SKU-RICE-5KG,6,320.00,0
2024-03-03,STORE-DEL-01,SKU-RICE-5KG,40,320.00,0
2024-03-04,STORE-DEL-01,SKU-RICE-5KG,37,320.00,0
2024-03-05,STORE-DEL-01,SKU-RICE-5KG,21,320.00,0
2024-03-06,STORE-DEL-01,SKU-RICE-5KG,9,320.00,0
2024-03-07,STORE-DEL-01,SKU-RICE-5KG,25,320.00,0
2024-03-08,STORE-DEL-01,SKU-RICE-5KG,44,320.00,0
2024-03-09,STORE-DEL-01,SKU-RICE-5KG,10,320.00,0
2024-03-10,STORE-DEL-01,SKU-RICE-5KG,15,320.00,0
2024-03-11,STORE-DEL-01,SKU-RICE-5KG,15,320.00,1
2024-03-12,STORE-DEL-01,SKU-RICE-5KG,12,320.00,0
2024-03-13,STORE-DEL-01,SKU-RICE-5KG,25,320.00,0
2024-03-14,STORE-DEL-01,SKU-RICE-5KG,23,320.00,0
2024-03-15,STORE-DEL-01,SKU-RICE-5KG,19,320.00,0
2024-03-16,STORE-DEL-01,SKU-RICE-5KG,16,320.00,0
2024-03-17,STORE-DEL-01,SKU-RICE-5KG,26,320.00,0
2024-03-18,STORE-DEL-01,SKU-RICE-5KG,9,320.00,0
2024-03-19,STORE-DEL-01,SKU-RICE-5KG,5,320.00,0
2024-03-20,STORE-DEL-01,SKU-RICE-5KG,28,320.00,0
2024-03-21,STORE-DEL-01,SKU-RICE-5KG,57,320.00,0
2024-03-22,STORE-DEL-01,SKU-RICE-5KG,3,320.00,0
2024-03-23,STORE-DEL-01,SKU-RICE-5KG,15,320.00,0
2024-03-24,STORE-DEL-01,SKU-RICE-5KG,83,320.00,0
2024-03-25,STORE-DEL-01,SKU-RICE-5KG,66,320.00,0
2024-03-26,STORE-DEL-01,SKU-RICE-5KG,18,320.00,0
2024-03-27,STORE-DEL-01,SKU-RICE-5KG,22,320.00,0
2024-03-28,STORE-DEL-01,SKU-RICE-5KG,20,320.00,0
2024-03-29,STORE-DEL-01,SKU-RICE-5KG,4,320.00,0
2024-03-30,STORE-DEL-01,SKU-RICE-5KG,8,320.00,0
2024-03-31,STORE-DEL-01,SKU-RICE-5KG,72,320.00,0
2024-04-01,STORE-DEL-01,SKU-RICE-5KG,37,320.00,0
2024-04-02,STORE-DEL-01,SKU-RICE-5KG,17,320.00,1
2024-04-03,STORE-DEL-01,SKU-RICE-5KG,0,320.00,0
2024-04-04,STORE-DEL-01,SKU-RICE-5KG,6,320.00,0
2024-04-05,STORE-DEL-01,SKU-RICE-5KG,14,320.00,0
2024-04-06,STORE-DEL-01,SKU-RICE-5KG,7,320.00,0
2024-04-07,STORE-DEL-01,SKU-RICE-5KG,35,320.00,0
2024-04-08,STORE-DEL-01,SKU-RICE-5KG,6,320.00,0
2024-04-09,STORE-DEL-01,SKU-RICE-5KG,22,320.00,0
2024-04-10,STORE-DEL-01,SKU-RICE-5KG,23,320.00,0
2024-04-11,STORE-DEL-01,SKU-RICE-5KG,10,320.00,0
2024-04-12,STORE-DEL-01,SKU-RICE-5KG,6,320.00,0
2024-04-13,STORE-DEL-01,SKU-RICE-5KG,11,320.00,0
2024-04-14,STORE-DEL-01,SKU-RICE-5KG,5,320.00,0
2024-04-15,STORE-DEL-01,SKU-RICE-5KG,8,320.00,0
2024-04-16,STORE-DEL-01,SKU-RICE-5KG,106,320.00,1
2024-04-17,STORE-DEL-01,SKU-RICE-5KG,0,320.00,0
2024-04-18,STORE-DEL-01,SKU-RICE-5KG,6,320.00,0
2024-04-19,STORE-DEL-01,SKU-RICE-5KG,0,320.00,0
2024-04-20,STORE-DEL-01,SKU-RICE-5KG,6,320.00,0
2024-04-21,STORE-DEL-01,SKU-RICE-5KG,18,320.00,0
2024-04-22,STORE-DEL-01,SKU-RICE-5KG,33,320.00,0
2024-04-23,STORE-DEL-01,SKU-RICE-5KG,11,320.00,0
2024-04-24,STORE-DEL-01,SKU-RICE-5KG,56,320.00,0
2024-04-25,STORE-DEL-01,SKU-RICE-5KG,11,320.00,0
2024-04-26,STORE-DEL-01,SKU-RICE-5KG,45,320.00,0
2024-04-27,STORE-DEL-01,SKU-RICE-5KG,1,320.00,0
2024-04-28,STORE-DEL-01,SKU-RICE-5KG,15,320.00,0
2024-04-29,STORE-DEL-01,SKU-RICE-5KG,26,320.00,0
2024-04-30,STORE-DEL-01,SKU-RICE-5KG,35,320.00,0
2024-05-01,STORE-DEL-01,SKU-RICE-5KG,0,320.00,0
2024-05-02,STORE-DEL-01,SKU-RICE-5KG,39,320.00,0
2024-05-03,STORE-DEL-01,SKU-RICE-5KG,31,320.00,0
2024-05-04,STORE-DEL-01,SKU-RICE-5KG,22,320.00,0
2024-05-05,STORE-DEL-01,SKU-RICE-5KG,8,320.00,0
2024-05-06,STORE-DEL-01,SKU-RICE-5KG,22,320.00,0
2024-05-07,STORE-DEL-01,SKU-RICE-5KG,0,320.00,0
2024-05-08,STORE-DEL-01,SKU-RICE-5KG,1,320.00,0
2024-05-09,STORE-DEL-01,SKU-RICE-5KG,20,320.00,0
2024-05-10,STORE-DEL-01,SKU-RICE-5KG,16,320.00,1
2024-05-11,STORE-DEL-01,SKU-RICE-5KG,0,320.00,0
2024-05-12,STORE-DEL-01,SKU-RICE-5KG,9,320.00,0
2024-05-13,STORE-DEL-01,SKU-RICE-5KG,1,320.00,0
2024-05-14,STORE-DEL-01,SKU-RICE-5KG,27,320.00,1
2024-05-15,STORE-DEL-01,SKU-RICE-5KG,8,320.00,0
2024-05-16,STORE-DEL-01,SKU-RICE-5KG,0,320.00,0
2024-05-17,STORE-DEL-01,SKU-RICE-5KG,23,320.00,0
2024-05-18,STORE-DEL-01,SKU-RICE-5KG,16,320.00,0
2024-05-19,STORE-DEL-01,SKU-RICE-5KG,7,320.00,0
2024-05-20,STORE-DEL-01,SKU-RICE-5KG,17,320.00,0
2024-05-21,STORE-DEL-01,SKU-RICE-5KG,17,320.00,0
2024-05-22,STORE-DEL-01,SKU-RICE-5KG,8,320.00,0
2024-05-23,STORE-DEL-01,SKU-RICE-5KG,19,320.00,0
2024-05-24,STORE-DEL-01,SKU-RICE-5KG,40,320.00,1
2024-05-25,STORE-DEL-01,SKU-RICE-5KG,54,320.00,0
2024-05-26,STORE-DEL-01,SKU-RICE-5KG,10,320.00,0
2024-05-27,STORE-DEL-01,SKU-RICE-5KG,14,320.00,0
2024-05-28,STORE-DEL-01,SKU-RICE-5KG,14,320.00,1
2024-05-29,STORE-DEL-01,SKU-RICE-5KG,6,320.00,0
2024-05-30,STORE-DEL-01,SKU-RICE-5KG,101,320.00,0
2024-05-31,STORE-DEL-01,SKU-RICE-5KG,9,320.00,0
2024-06-01,STORE-DEL-01,SKU-RICE-5KG,0,320.00,0
2024-06-02,STORE-DEL-01,SKU-RICE-5KG,15,320.00,0
2024-06-03,STORE-DEL-01,SKU-RICE-5KG,7,320.00,0
2024-06-04,STORE-DEL-01,SKU-RICE-5KG,9,320.00,0
2024-06-05,STORE-DEL-01,SKU-RICE-5KG,6,320.00,0
2024-06-06,STORE-DEL-01,SKU-RICE-5KG,18,320.00,1
2024-06-07,STORE-DEL-01,SKU-RICE-5KG,15,320.00,0
2024-06-08,STORE-DEL-01,SKU-RICE-5KG,12,320.00,0
2024-06-09,STORE-DEL-01,SKU-RICE-5KG,4,320.00,0
2024-06-10,STORE-DEL-01,SKU-RICE-5KG,5,320.00,0
2024-06-11,STORE-DEL-01,SKU-RICE-5KG,12,320.00,0
2024-06-12,STORE-DEL-01,SKU-RICE-5KG,14,320.00,1
2024-06-13,STORE-DEL-01,SKU-RICE-5KG,19,320.00,0
2024-06-14,STORE-DEL-01,SKU-RICE-5KG,22,320.00,0
2024-06-15,STORE-DEL-01,SKU-RICE-5KG,6,320.00,0
2024-06-16,STORE-DEL-01,SKU-RICE-5KG,105,320.00,0
2024-06-17,STORE-DEL-01,SKU-RICE-5KG,10,320.00,0
2024-06-18,STORE-DEL-01,SKU-RICE-5KG,42,320.00,1
2024-06-19,STORE-DEL-01,SKU-RICE-5KG,13,320.00,0
2024-06-20,STORE-DEL-01,SKU-RICE-5KG,32,320.00,0
2024-06-21,STORE-DEL-01,SKU-RICE-5KG,7,320.00,0
2024-06-22,STORE-DEL-01,SKU-RICE-5KG,17,320.00,0
2024-06-23,STORE-DEL-01,SKU-RICE-5KG,24,320.00,0
2024-06-24,STORE-DEL-01,SKU-RICE-5KG,18,320.00,0
2024-06-25,STORE-DEL-01,SKU-RICE-5KG,0,320.00,0
2024-06-26,STORE-DEL-01,SKU-RICE-5KG,14,320.00,0
2024-06-27,STORE-DEL-01,SKU-RICE-5KG,23,320.00,0
2024-06-28,STORE-DEL-01,SKU-RICE-5KG,36,320.00,1
2024-06-29,STORE-DEL-01,SKU-RICE-5KG,0,320.00,0
2024-06-30,STORE-DEL-01,SKU-RICE-5KG,115,320.00,0
2024-07-01,STORE-DEL-01,SKU-RICE-5KG,0,320.00,0
2024-07-02,STORE-DEL-01,SKU-RICE-5KG,0,320.00,1
2024-07-03,STORE-DEL-01,SKU-RICE-5KG,30,320.00,0
2024-07-04,STORE-DEL-01,SKU-RICE-5KG,2,320.00,0
2024-07-05,STORE-DEL-01,SKU-RICE-5KG,5,320.00,0
2024-07-06,STORE-DEL-01,SKU-RICE-5KG,49,320.00,0
2024-07-07,STORE-DEL-01,SKU-RICE-5KG,20,320.00,0
2024-07-08,STORE-DEL-01,SKU-RICE-5KG,26,320.00,0
2024-07-09,STORE-DEL-01,SKU-RICE-5KG,1,320.00,0
2024-07-10,STORE-DEL-01,SKU-RICE-5KG,22,320.00,0
2024-07-11,STORE-DEL-01,SKU-RICE-5KG,4,320.00,0
2024-07-12,STORE-DEL-01,SKU-RICE-5KG,7,320.00,1
2024-07-13,STORE-DEL-01,SKU-RICE-5KG,30,320.00,0
2024-07-14,STORE-DEL-01,SKU-RICE-5KG,12,320.00,0
2024-07-15,STORE-DEL-01,SKU-RICE-5KG,3,320.00,0
2024-07-16,STORE-DEL-01,SKU-RICE-5KG,17,320.00,0
2024-07-17,STORE-DEL-01,SKU-RICE-5KG,29,320.00,1
2024-07-18,STORE-DEL-01,SKU-RICE-5KG,26,320.00,1
2024-07-19,STORE-DEL-01,SKU-RICE-5KG,17,320.00,0
2024-07-20,STORE-DEL-01,SKU-RICE-5KG,12,320.00,0
2024-07-21,STORE-DEL-01,SKU-RICE-5KG,3,320.00,0
2024-07-22,STORE-DEL-01,SKU-RICE-5KG,27,320.00,0
2024-07-23,STORE-DEL-01,SKU-RICE-5KG,8,320.00,0
2024-07-24,STORE-DEL-01,SKU-RICE-5KG,10,320.00,0
2024-07-25,STORE-DEL-01,SKU-RICE-5KG,4,320.00,0
2024-07-26,STORE-DEL-01,SKU-RICE-5KG,13,320.00,1
2024-07-27,STORE-DEL-01,SKU-RICE-5KG,0,320.00,0
2024-07-28,STORE-DEL-01,SKU-RICE-5KG,3,320.00,0
2024-07-29,STORE-DEL-01,SKU-RICE-5KG,32,320.00,0
2024-07-30,STORE-DEL-01,SKU-RICE-5KG,12,320.00,1
2024-07-31,STORE-DEL-01,SKU-RICE-5KG,12,320.00,0
2024-08-01,STORE-DEL-01,SKU-RICE-5KG,67,320.00,0
2024-08-02,STORE-DEL-01,SKU-RICE-5KG,0,320.00,1
2024-08-03,STORE-DEL-01,SKU-RICE-5KG,0,320.00,0
2024-08-04,STORE-DEL-01,SKU-RICE-5KG,56,320.00,0
2024-08-05,STORE-DEL-01,SKU-RICE-5KG,12,320.00,0
2024-08-06,STORE-DEL-01,SKU-RICE-5KG,61,320.00,1
2024-08-07,STORE-DEL-01,SKU-RICE-5KG,14,320.00,0
2024-08-08,STORE-DEL-01,SKU-RICE-5KG,13,320.00,0
2024-08-09,STORE-DEL-01,SKU-RICE-5KG,0,320.00,0
2024-08-10,STORE-DEL-01,SKU-RICE-5KG,6,320.00,0
2024-08-11,STORE-DEL-01,SKU-RICE-5KG,12,320.00,0
2024-08-12,STORE-DEL-01,SKU-RICE-5KG,0,320.00,0
2024-08-13,STORE-DEL-01,SKU-RICE-5KG,3,320.00,0
2024-08-14,STORE-DEL-01,SKU-RICE-5KG,18,320.00,0
2024-08-15,STORE-DEL-01,SKU-RICE-5KG,0,320.00,0
2024-08-16,STORE-DEL-01,SKU-RICE-5KG,0,320.00,1
2024-08-17,STORE-DEL-01,SKU-RICE-5KG,10,320.00,0
2024-08-18,STORE-DEL-01,SKU-RICE-5KG,30,320.00,0
2024-08-19,STORE-DEL-01,SKU-RICE-5KG,0,320.00,0
2024-08-20,STORE-DEL-01,SKU-RICE-5KG,14,320.00,0
2024-08-21,STORE-DEL-01,SKU-RICE-5KG,12,320.00,0
2024-08-22,STORE-DEL-01,SKU-RICE-5KG,2,320.00,0
2024-08-23,STORE-DEL-01,SKU-RICE-5KG,0,320.00,0
2024-08-24,STORE-DEL-01,SKU-RICE-5KG,9,320.00,0
2024-08-25,STORE-DEL-01,SKU-RICE-5KG,37,320.00,0
2024-08-26,STORE-DEL-01,SKU-RICE-5KG,17,320.00,1
2024-08-27,STORE-DEL-01,SKU-RICE-5KG,13,320.00,0
2024-08-28,STORE-DEL-01,SKU-RICE-5KG,0,320.00,0
2024-08-29,STORE-DEL-01,SKU-RICE-5KG,36,320.00,0
2024-08-30,STORE-DEL-01,SKU-RICE-5KG,15,320.00,0
2024-08-31,STORE-DEL-01,SKU-RICE-5KG,28,320.00,0
2024-09-01,STORE-DEL-01,SKU-RICE-5KG,5,320.00,0
2024-09-02,STORE-DEL-01,SKU-RICE-5KG,0,320.00,0
2024-09-03,STORE-DEL-01,SKU-RICE-5KG,41,320.00,0
2024-09-04,STORE-DEL-01,SKU-RICE-5KG,10,320.00,0
2024-09-05,STORE-DEL-01,SKU-RICE-5KG,2,320.00,0
2024-09-06,STORE-DEL-01,SKU-RICE-5KG,27,320.00,0
2024-09-07,STORE-DEL-01,SKU-RICE-5KG,15,320.00,0
2024-09-08,STORE-DEL-01,SKU-RICE-5KG,34,320.00,0
2024-09-09,STORE-DEL-01,SKU-RICE-5KG,0,320.00,0
2024-09-10,STORE-DEL-01,SKU-RICE-5KG,73,320.00,0
2024-09-11,STORE-DEL-01,SKU-RICE-5KG,10,320.00,0
2024-09-12,STORE-DEL-01,SKU-RICE-5KG,3,320.00,0
2024-09-13,STORE-DEL-01,SKU-RICE-5KG,6,320.00,0
2024-09-14,STORE-DEL-01,SKU-RICE-5KG,6,320.00,0
2024-09-15,STORE-DEL-01,SKU-RICE-5KG,4,320.00,0
2024-09-16,STORE-DEL-01,SKU-RICE-5KG,0,320.00,0
2024-09-17,STORE-DEL-01,SKU-RICE-5KG,13,320.00,0
2024-09-18,STORE-DEL-01,SKU-RICE-5KG,14,320.00,1
2024-09-19,STORE-DEL-01,SKU-RICE-5KG,11,320.00,0
2024-09-20,STORE-DEL-01,SKU-RICE-5KG,5,320.00,0
2024-09-21,STORE-DEL-01,SKU-RICE-5KG,29,320.00,0
2024-09-22,STORE-DEL-01,SKU-RICE-5KG,5,320.00,0
2024-09-23,STORE-DEL-01,SKU-RICE-5KG,34,320.00,0
2024-09-24,STORE-DEL-01,SKU-RICE-5KG,31,320.00,0
2024-09-25,STORE-DEL-01,SKU-RICE-5KG,5,320.00,0
2024-09-26,STORE-DEL-01,SKU-RICE-5KG,4,320.00,0
2024-09-27,STORE-DEL-01,SKU-RICE-5KG,13,320.00,0
2024-09-28,STORE-DEL-01,SKU-RICE-5KG,15,320.00,0
2024-09-29,STORE-DEL-01,SKU-RICE-5KG,4,320.00,0
2024-09-30,STORE-DEL-01,SKU-RICE-5KG,6,320.00,0
2024-10-01,STORE-DEL-01,SKU-RICE-5KG,7,320.00,0
2024-10-02,STORE-DEL-01,SKU-RICE-5KG,13,320.00,0
2024-10-03,STORE-DEL-01,SKU-RICE-5KG,7,320.00,0
2024-10-04,STORE-DEL-01,SKU-RICE-5KG,14,320.00,0
2024-10-05,STORE-DEL-01,SKU-RICE-5KG,29,320.00,0
2024-10-06,STORE-DEL-01,SKU-RICE-5KG,10,320.00,0
2024-10-07,STORE-DEL-01,SKU-RICE-5KG,0,320.00,0
2024-10-08,STORE-DEL-01,SKU-RICE-5KG,23,320.00,0
2024-10-09,STORE-DEL-01,SKU-RICE-5KG,8,320.00,0
2024-10-10,STORE-DEL-01,SKU-RICE-5KG,16,320.00,0
2024-10-11,STORE-DEL-01,SKU-RICE-5KG,19,320.00,1
2024-10-12,STORE-DEL-01,SKU-RICE-5KG,7,320.00,0
2024-10-13,STORE-DEL-01,SKU-RICE-5KG,2,320.00,0
2024-10-14,STORE-DEL-01,SKU-RICE-5KG,11,320.00,0
2024-10-15,STORE-DEL-01,SKU-RICE-5KG,4,320.00,0
2024-10-16,STORE-DEL-01,SKU-RICE-5KG,0,320.00,0
2024-10-17,STORE-DEL-01,SKU-RICE-5KG,13,320.00,0
2024-10-18,STORE-DEL-01,SKU-RICE-5KG,0,320.00,1
2024-10-19,STORE-DEL-01,SKU-RICE-5KG,3,320.00,0
2024-10-20,STORE-DEL-01,SKU-RICE-5KG,26,320.00,0
2024-10-21,STORE-DEL-01,SKU-RICE-5KG,7,320.00,0
2024-10-22,STORE-DEL-01,SKU-RICE-5KG,19,320.00,1
2024-10-23,STORE-DEL-01,SKU-RICE-5KG,12,320.00,0
2024-10-24,STORE-DEL-01,SKU-RICE-5KG,26,320.00,0
2024-10-25,STORE-DEL-01,SKU-RICE-5KG,11,320.00,0
2024-10-26,STORE-DEL-01,SKU-RICE-5KG,30,320.00,1
2024-10-27,STORE-DEL-01,SKU-RICE-5KG,3,320.00,0
2024-10-28,STORE-DEL-01,SKU-RICE-5KG,49,320.00,0
2024-10-29,STORE-DEL-01,SKU-RICE-5KG,11,320.00,1
2024-10-30,STORE-DEL-01,SKU-RICE-5KG,11,320.00,0
2024-10-31,STORE-DEL-01,SKU-RICE-5KG,49,320.00,0
2024-11-01,STORE-DEL-01,SKU-RICE-5KG,40,320.00,0
2024-11-02,STORE-DEL-01,SKU-RICE-5KG,20,320.00,0
2024-11-03,STORE-DEL-01,SKU-RICE-5KG,57,320.00,0
2024-11-04,STORE-DEL-01,SKU-RICE-5KG,30,320.00,0
2024-11-05,STORE-DEL-01,SKU-RICE-5KG,17,320.00,0
2024-11-06,STORE-DEL-01,SKU-RICE-5KG,32,320.00,1
2024-11-07,STORE-DEL-01,SKU-RICE-5KG,5,320.00,0
2024-11-08,STORE-DEL-01,SKU-RICE-5KG,6,320.00,0
2024-11-09,STORE-DEL-01,SKU-RICE-5KG,32,320.00,0
2024-11-10,STORE-DEL-01,SKU-RICE-5KG,0,320.00,1
2024-11-11,STORE-DEL-01,SKU-RICE-5KG,7,320.00,0
2024-11-12,STORE-DEL-01,SKU-RICE-5KG,76,320.00,0
2024-11-13,STORE-DEL-01,SKU-RICE-5KG,39,320.00,0
2024-11-14,STORE-DEL-01,SKU-RICE-5KG,29,320.00,0
2024-11-15,STORE-DEL-01,SKU-RICE-5KG,13,320.00,0
2024-11-16,STORE-DEL-01,SKU-RICE-5KG,0,320.00,0
2024-11-17,STORE-DEL-01,SKU-RICE-5KG,24,320.00,0
2024-11-18,STORE-DEL-01,SKU-RICE-5KG,0,320.00,0
2024-11-19,STORE-DEL-01,SKU-RICE-5KG,78,320.00,0
2024-11-20,STORE-DEL-01,SKU-RICE-5KG,9,320.00,0
2024-11-21,STORE-DEL-01,SKU-RICE-5KG,8,320.00,0
2024-11-22,STORE-DEL-01,SKU-RICE-5KG,9,320.00,0
2024-11-23,STORE-DEL-01,SKU-RICE-5KG,7,320.00,0
2024-11-24,STORE-DEL-01,SKU-RICE-5KG,13,320.00,0
2024-11-25,STORE-DEL-01,SKU-RICE-5KG,7,320.00,0
2024-11-26,STORE-DEL-01,SKU-RICE-5KG,10,320.00,0
2024-11-27,STORE-DEL-01,SKU-RICE-5KG,5,320.00,0
2024-11-28,STORE-DEL-01,SKU-RICE-5KG,19,320.00,0
2024-11-29,STORE-DEL-01,SKU-RICE-5KG,14,320.00,0
2024-11-30,STORE-DEL-01,SKU-RICE-5KG,22,320.00,0
2024-12-01,STORE-DEL-01,SKU-RICE-5KG,16,320.00,0
2024-12-02,STORE-DEL-01,SKU-RICE-5KG,45,320.00,0
2024-12-03,STORE-DEL-01,SKU-RICE-5KG,12,320.00,0
2024-12-04,STORE-DEL-01,SKU-RICE-5KG,12,320.00,0
2024-12-05,STORE-DEL-01,SKU-RICE-5KG,7,320.00,0
2024-12-06,STORE-DEL-01,SKU-RICE-5KG,2,320.00,0
2024-12-07,STORE-DEL-01,SKU-RICE-5KG,15,320.00,0
2024-12-08,STORE-DEL-01,SKU-RICE-5KG,0,320.00,0
2024-12-09,STORE-DEL-01,SKU-RICE-5KG,14,320.00,0
2024-12-10,STORE-DEL-01,SKU-RICE-5KG,1,320.00,0
2024-12-11,STORE-DEL-01,SKU-RICE-5KG,32,320.00,1
2024-12-12,STORE-DEL-01,SKU-RICE-5KG,4,320.00,1
2024-12-13,STORE-DEL-01,SKU-RICE-5KG,4,320.00,0
2024-12-14,STORE-DEL-01,SKU-RICE-5KG,26,320.00,1
2024-12-15,STORE-DEL-01,SKU-RICE-5KG,5,320.00,0
2024-12-16,STORE-DEL-01,SKU-RICE-5KG,7,320.00,1
2024-12-17,STORE-DEL-01,SKU-RICE-5KG,15,320.00,0
2024-12-18,STORE-DEL-01,SKU-RICE-5KG,2,320.00,0
2024-12-19,STORE-DEL-01,SKU-RICE-5KG,8,320.00,0
2024-12-20,STORE-DEL-01,SKU-RICE-5KG,21,320.00,0
2024-12-21,STORE-DEL-01,SKU-RICE-5KG,34,320.00,1
2024-12-22,STORE-DEL-01,SKU-RICE-5KG,24,320.00,0
2024-12-23,STORE-DEL-01,SKU-RICE-5KG,0,320.00,0
2024-12-24,STORE-DEL-01,SKU-RICE-5KG,10,320.00,0
2024-12-25,STORE-DEL-01,SKU-RICE-5KG,4,320.00,0
2024-12-26,STORE-DEL-01,SKU-RICE-5KG,5,320.00,0
2024-12-27,STORE-DEL-01,SKU-RICE-5KG,36,320.00,0
2024-12-28,STORE-DEL-01,SKU-RICE-5KG,65,320.00,0
2024-12-29,STORE-DEL-01,SKU-RICE-5KG,13,320.00,0
2024-12-30,STORE-DEL-01,SKU-RICE-5KG,32,320.00,0
2024-12-31,STORE-DEL-01,SKU-RICE-5KG,0,320.00,1
2025-01-01,STORE-DEL-01,SKU-RICE-5KG,6,320.00,0
2025-01-02,STORE-DEL-01,SKU-RICE-5KG,13,320.00,0
2025-01-03,STORE-DEL-01,SKU-RICE-5KG,60,320.00,0
2025-01-04,STORE-DEL-01,SKU-RICE-5KG,18,320.00,0
2025-01-05,STORE-DEL-01,SKU-RICE-5KG,13,320.00,0
2025-01-06,STORE-DEL-01,SKU-RICE-5KG,20,320.00,0
2025-01-07,STORE-DEL-01,SKU-RICE-5KG,7,320.00,1
2025-01-08,STORE-DEL-01,SKU-RICE-5KG,13,320.00,0
2025-01-09,STORE-DEL-01,SKU-RICE-5KG,15,320.00,0
2025-01-10,STORE-DEL-01,SKU-RICE-5KG,9,320.00,0
2025-01-11,STORE-DEL-01,SKU-RICE-5KG,10,320.00,0
2025-01-12,STORE-DEL-01,SKU-RICE-5KG,86,320.00,0
2025-01-13,STORE-DEL-01,SKU-RICE-5KG,0,320.00,0
2025-01-14,STORE-DEL-01,SKU-RICE-5KG,2,320.00,0
2025-01-15,STORE-DEL-01,SKU-RICE-5KG,4,320.00,0
2025-01-16,STORE-DEL-01,SKU-RICE-5KG,4,320.00,0
2025-01-17,STORE-DEL-01,SKU-RICE-5KG,5,320.00,0
2025-01-18,STORE-DEL-01,SKU-RICE-5KG,6,320.00,0
2025-01-19,STORE-DEL-01,SKU-RICE-5KG,36,320.00,0
2025-01-20,STORE-DEL-01,SKU-RICE-5KG,19,320.00,0
2025-01-21,STORE-DEL-01,SKU-RICE-5KG,8,320.00,0
2025-01-22,STORE-DEL-01,SKU-RICE-5KG,10,320.00,1
2025-01-23,STORE-DEL-01,SKU-RICE-5KG,55,320.00,0
2025-01-24,STORE-DEL-01,SKU-RICE-5KG,11,320.00,0
2025-01-25,STORE-DEL-01,SKU-RICE-5KG,18,320.00,0
2025-01-26,STORE-DEL-01,SKU-RICE-5KG,17,320.00,0
2025-01-27,STORE-DEL-01,SKU-RICE-5KG,35,320.00,1
2025-01-28,STORE-DEL-01,SKU-RICE-5KG,9,320.00,0
2025-01-29,STORE-DEL-01,SKU-RICE-5KG,5,320.00,0
2025-01-30,STORE-DEL-01,SKU-RICE-5KG,0,320.00,0
2025-01-31,STORE-DEL-01,SKU-RICE-5KG,20,320.00,0
2025-02-01,STORE-DEL-01,SKU-RICE-5KG,4,320.00,0
2025-02-02,STORE-DEL-01,SKU-RICE-5KG,8,320.00,0
2025-02-03,STORE-DEL-01,SKU-RICE-5KG,18,320.00,0
2025-02-04,STORE-DEL-01,SKU-RICE-5KG,19,320.00,0
2025-02-05,STORE-DEL-01,SKU-RICE-5KG,11,320.00,0
2025-02-06,STORE-DEL-01,SKU-RICE-5KG,19,320.00,0
2025-02-07,STORE-DEL-01,SKU-RICE-5KG,9,320.00,0
2025-02-08,STORE-DEL-01,SKU-RICE-5KG,38,320.00,0
2025-02-09,STORE-DEL-01,SKU-RICE-5KG,0,320.00,0
2025-02-10,STORE-DEL-01,SKU-RICE-5KG,7,320.00,0
2025-02-11,STORE-DEL-01,SKU-RICE-5KG,10,320.00,0
2025-02-12,STORE-DEL-01,SKU-RICE-5KG,9,320.00,0
2025-02-13,STORE-DEL-01,SKU-RICE-5KG,47,320.00,0
2025-02-14,STORE-DEL-01,SKU-RICE-5KG,19,320.00,0
2025-02-15,STORE-DEL-01,SKU-RICE-5KG,15,320.00,0
2025-02-16,STORE-DEL-01,SKU-RICE-5KG,2,320.00,0
2025-02-17,STORE-DEL-01,SKU-RICE-5KG,24,320.00,0
2025-02-18,STORE-DEL-01,SKU-RICE-5KG,5,320.00,0
2025-02-19,STORE-DEL-01,SKU-RICE-5KG,12,320.00,0
2025-02-20,STORE-DEL-01,SKU-RICE-5KG,5,320.00,0
2025-02-21,STORE-DEL-01,SKU-RICE-5KG,17,320.00,1
2025-02-22,STORE-DEL-01,SKU-RICE-5KG,19,320.00,0
2025-02-23,STORE-DEL-01,SKU-RICE-5KG,8,320.00,0
2025-02-24,STORE-DEL-01,SKU-RICE-5KG,0,320.00,0
2025-02-25,STORE-DEL-01,SKU-RICE-5KG,30,320.00,0
2025-02-26,STORE-DEL-01,SKU-RICE-5KG,39,320.00,1
2025-02-27,STORE-DEL-01,SKU-RICE-5KG,0,320.00,0
2025-02-28,STORE-DEL-01,SKU-RICE-5KG,4,320.00,0
2025-03-01,STORE-DEL-01,SKU-RICE-5KG,98,320.00,1
2025-03-02,STORE-DEL-01,SKU-RICE-5KG,2,320.00,0
2025-03-03,STORE-DEL-01,SKU-RICE-5KG,0,320.00,0
2025-03-04,STORE-DEL-01,SKU-RICE-5KG,0,320.00,0
2025-03-05,STORE-DEL-01,SKU-RICE-5KG,0,320.00,0
2025-03-06,STORE-DEL-01,SKU-RICE-5KG,17,320.00,0
2025-03-07,STORE-DEL-01,SKU-RICE-5KG,46,320.00,0
2025-03-08,STORE-DEL-01,SKU-RICE-5KG,6,320.00,0
2025-03-09,STORE-DEL-01,SKU-RICE-5KG,10,320.00,0
2025-03-10,STORE-DEL-01,SKU-RICE-5KG,64,320.00,0
2025-03-11,STORE-DEL-01,SKU-RICE-5KG,80,320.00,0
2025-03-12,STORE-DEL-01,SKU-RICE-5KG,76,320.00,0
2025-03-13,STORE-DEL-01,SKU-RICE-5KG,29,320.00,0
2025-03-14,STORE-DEL-01,SKU-RICE-5KG,41,320.00,0
2025-03-15,STORE-DEL-01,SKU-RICE-5KG,47,320.00,0
2025-03-16,STORE-DEL-01,SKU-RICE-5KG,8,320.00,0
2025-03-17,STORE-DEL-01,SKU-RICE-5KG,91,320.00,1
2025-03-18,STORE-DEL-01,SKU-RICE-5KG,0,320.00,0
2025-03-19,STORE-DEL-01,SKU-RICE-5KG,7,320.00,0
2025-03-20,STORE-DEL-01,SKU-RICE-5KG,18,320.00,0
2025-03-21,STORE-DEL-01,SKU-RICE-5KG,3,320.00,0
2025-03-22,STORE-DEL-01,SKU-RICE-5KG,17,320.00,0
2025-03-23,STORE-DEL-01,SKU-RICE-5KG,14,320.00,0
2025-03-24,STORE-DEL-01,SKU-RICE-5KG,0,320.00,0
2025-03-25,STORE-DEL-01,SKU-RICE-5KG,22,320.00,0
2025-03-26,STORE-DEL-01,SKU-RICE-5KG,4,320.00,0
2025-03-27,STORE-DEL-01,SKU-RICE-5KG,27,320.00,0
2025-03-28,STORE-DEL-01,SKU-RICE-5KG,44,320.00,0
2025-03-29,STORE-DEL-01,SKU-RICE-5KG,60,320.00,0
2025-03-30,STORE-DEL-01,SKU-RICE-5KG,19,320.00,0
2025-03-31,STORE-DEL-01,SKU-RICE-5KG,10,320.00,0
2025-04-01,STORE-DEL-01,SKU-RICE-5KG,35,320.00,1
2025-04-02,STORE-DEL-01,SKU-RICE-5KG,16,320.00,0
2025-04-03,STORE-DEL-01,SKU-RICE-5KG,23,320.00,0
2025-04-04,STORE-DEL-01,SKU-RICE-5KG,29,320.00,1
2025-04-05,STORE-DEL-01,SKU-RICE-5KG,43,320.00,0
2025-04-06,STORE-DEL-01,SKU-RICE-5KG,13,320.00,1
2025-04-07,STORE-DEL-01,SKU-RICE-5KG,49,320.00,0
2025-04-08,STORE-DEL-01,SKU-RICE-5KG,11,320.00,0
2025-04-09,STORE-DEL-01,SKU-RICE-5KG,28,320.00,0
2025-04-10,STORE-DEL-01,SKU-RICE-5KG,27,320.00,0
2025-04-11,STORE-DEL-01,SKU-RICE-5KG,37,320.00,0
2025-04-12,STORE-DEL-01,SKU-RICE-5KG,18,320.00,0
2025-04-13,STORE-DEL-01,SKU-RICE-5KG,11,320.00,1
2025-04-14,STORE-DEL-01,SKU-RICE-5KG,18,320.00,0
2025-04-15,STORE-DEL-01,SKU-RICE-5KG,38,320.00,0
2025-04-16,STORE-DEL-01,SKU-RICE-5KG,14,320.00,0
2025-04-17,STORE-DEL-01,SKU-RICE-5KG,28,320.00,0
2025-04-18,STORE-DEL-01,SKU-RICE-5KG,11,320.00,0
2025-04-19,STORE-DEL-01,SKU-RICE-5KG,2,320.00,0
2025-04-20,STORE-DEL-01,SKU-RICE-5KG,12,320.00,0
2025-04-21,STORE-DEL-01,SKU-RICE-5KG,47,320.00,1
2025-04-22,STORE-DEL-01,SKU-RICE-5KG,23,320.00,0
2025-04-23,STORE-DEL-01,SKU-RICE-5KG,13,320.00,1
2025-04-24,STORE-DEL-01,SKU-RICE-5KG,5,320.00,0
2025-04-25,STORE-DEL-01,SKU-RICE-5KG,8,320.00,0
2025-04-26,STORE-DEL-01,SKU-RICE-5KG,41,320.00,0
2025-04-27,STORE-DEL-01,SKU-RICE-5KG,19,320.00,0
2025-04-28,STORE-DEL-01,SKU-RICE-5KG,9,320.00,0
2025-04-29,STORE-DEL-01,SKU-RICE-5KG,39,320.00,0
2025-04-30,STORE-DEL-01,SKU-RICE-5KG,15,320.00,0
2025-05-01,STORE-DEL-01,SKU-RICE-5KG,16,320.00,0
2025-05-02,STORE-DEL-01,SKU-RICE-5KG,38,320.00,0
2025-05-03,STORE-DEL-01,SKU-RICE-5KG,75,320.00,0
2025-05-04,STORE-DEL-01,SKU-RICE-5KG,39,320.00,0
2025-05-05,STORE-DEL-01,SKU-RICE-5KG,29,320.00,0
2025-05-06,STORE-DEL-01,SKU-RICE-5KG,9,320.00,0
2025-05-07,STORE-DEL-01,SKU-RICE-5KG,12,320.00,0
2025-05-08,STORE-DEL-01,SKU-RICE-5KG,34,320.00,0
2025-05-09,STORE-DEL-01,SKU-RICE-5KG,80,320.00,1
2025-05-10,STORE-DEL-01,SKU-RICE-5KG,14,320.00,0
2025-05-11,STORE-DEL-01,SKU-RICE-5KG,21,320.00,0
2025-05-12,STORE-DEL-01,SKU-RICE-5KG,20,320.00,1
2025-05-13,STORE-DEL-01,SKU-RICE-5KG,45,320.00,0
2025-05-14,STORE-DEL-01,SKU-RICE-5KG,17,320.00,0
2025-05-15,STORE-DEL-01,SKU-RICE-5KG,5,320.00,0
2025-05-16,STORE-DEL-01,SKU-RICE-5KG,11,320.00,0
2025-05-17,STORE-DEL-01,SKU-RICE-5KG,31,320.00,0
2025-05-18,STORE-DEL-01,SKU-RICE-5KG,7,320.00,0
2025-05-19,STORE-DEL-01,SKU-RICE-5KG,15,320.00,0
2025-05-20,STORE-DEL-01,SKU-RICE-5KG,65,320.00,0
2025-05-21,STORE-DEL-01,SKU-RICE-5KG,22,320.00,0
2025-05-22,STORE-DEL-01,SKU-RICE-5KG,12,320.00,0
2025-05-23,STORE-DEL-01,SKU-RICE-5KG,4,320.00,0
2025-05-24,STORE-DEL-01,SKU-RICE-5KG,0,320.00,0
2025-05-25,STORE-DEL-01,SKU-RICE-5KG,41,320.00,0
2025-05-26,STORE-DEL-01,SKU-RICE-5KG,22,320.00,0
2025-05-27,STORE-DEL-01,SKU-RICE-5KG,6,320.00,0
2025-05-28,STORE-DEL-01,SKU-RICE-5KG,5,320.00,0
2025-05-29,STORE-DEL-01,SKU-RICE-5KG,5,320.00,0
2025-05-30,STORE-DEL-01,SKU-RICE-5KG,32,320.00,0
2025-05-31,STORE-DEL-01,SKU-RICE-5KG,8,320.00,0
2025-06-01,STORE-DEL-01,SKU-RICE-5KG,3,320.00,0
2025-06-02,STORE-DEL-01,SKU-RICE-5KG,9,320.00,0
2025-06-03,STORE-DEL-01,SKU-RICE-5KG,46,320.00,0
2025-06-04,STORE-DEL-01,SKU-RICE-5KG,8,320.00,0
2025-06-05,STORE-DEL-01,SKU-RICE-5KG,19,320.00,0
2025-06-06,STORE-DEL-01,SKU-RICE-5KG,42,320.00,0
2025-06-07,STORE-DEL-01,SKU-RICE-5KG,55,320.00,1
2025-06-08,STORE-DEL-01,SKU-RICE-5KG,6,320.00,0
2025-06-09,STORE-DEL-01,SKU-RICE-5KG,16,320.00,1
2025-06-10,STORE-DEL-01,SKU-RICE-5KG,24,320.00,0
2025-06-11,STORE-DEL-01,SKU-RICE-5KG,27,320.00,0
2025-06-12,STORE-DEL-01,SKU-RICE-5KG,16,320.00,0
2025-06-13,STORE-DEL-01,SKU-RICE-5KG,2,320.00,0
2025-06-14,STORE-DEL-01,SKU-RICE-5KG,27,320.00,0
2025-06-15,STORE-DEL-01,SKU-RICE-5KG,11,320.00,0
2025-06-16,STORE-DEL-01,SKU-RICE-5KG,3,320.00,0
2025-06-17,STORE-DEL-01,SKU-RICE-5KG,10,320.00,0
2025-06-18,STORE-DEL-01,SKU-RICE-5KG,39,320.00,1
2025-06-19,STORE-DEL-01,SKU-RICE-5KG,7,320.00,0
2025-06-20,STORE-DEL-01,SKU-RICE-5KG,0,320.00,0
2025-06-21,STORE-DEL-01,SKU-RICE-5KG,24,320.00,1
2025-06-22,STORE-DEL-01,SKU-RICE-5KG,0,320.00,0
2025-06-23,STORE-DEL-01,SKU-RICE-5KG,0,320.00,0
2025-06-24,STORE-DEL-01,SKU-RICE-5KG,0,320.00,0
2025-06-25,STORE-DEL-01,SKU-RICE-5KG,59,320.00,0
2025-06-26,STORE-DEL-01,SKU-RICE-5KG,4,320.00,0
2025-06-27,STORE-DEL-01,SKU-RICE-5KG,9,320.00,1
2025-06-28,STORE-DEL-01,SKU-RICE-5KG,30,320.00,0
2025-06-29,STORE-DEL-01,SKU-RICE-5KG,17,320.00,0
2025-06-30,STORE-DEL-01,SKU-RICE-5KG,16,320.00,0
2025-07-01,STORE-DEL-01,SKU-RICE-5KG,5,320.00,0
2025-07-02,STORE-DEL-01,SKU-RICE-5KG,25,320.00,0
2025-07-03,STORE-DEL-01,SKU-RICE-5KG,9,320.00,0
2025-07-04,STORE-DEL-01,SKU-RICE-5KG,4,320.00,0
2025-07-05,STORE-DEL-01,SKU-RICE-5KG,10,320.00,0
2025-07-06,STORE-DEL-01,SKU-RICE-5KG,0,320.00,1
2025-07-07,STORE-DEL-01,SKU-RICE-5KG,25,320.00,0
2025-07-08,STORE-DEL-01,SKU-RICE-5KG,3,320.00,0
2025-07-09,STORE-DEL-01,SKU-RICE-5KG,11,320.00,0
2025-07-10,STORE-DEL-01,SKU-RICE-5KG,6,320.00,0
2025-07-11,STORE-DEL-01,SKU-RICE-5KG,10,320.00,0
2025-07-12,STORE-DEL-01,SKU-RICE-5KG,47,320.00,1
2025-07-13,STORE-DEL-01,SKU-RICE-5KG,38,320.00,1
2025-07-14,STORE-DEL-01,SKU-RICE-5KG,0,320.00,1
2025-07-15,STORE-DEL-01,SKU-RICE-5KG,1,320.00,0
2025-07-16,STORE-DEL-01,SKU-RICE-5KG,11,320.00,0
2025-07-17,STORE-DEL-01,SKU-RICE-5KG,53,320.00,0
2025-07-18,STORE-DEL-01,SKU-RICE-5KG,10,320.00,1
2025-07-19,STORE-DEL-01,SKU-RICE-5KG,0,320.00,0
2025-07-20,STORE-DEL-01,SKU-RICE-5KG,20,320.00,1
2025-07-21,STORE-DEL-01,SKU-RICE-5KG,12,320.00,0
2025-07-22,STORE-DEL-01,SKU-RICE-5KG,6,320.00,1
2025-07-23,STORE-DEL-01,SKU-RICE-5KG,18,320.00,0
2025-07-24,STORE-DEL-01,SKU-RICE-5KG,6,320.00,0
2025-07-25,STORE-DEL-01,SKU-RICE-5KG,25,320.00,0
2025-07-26,STORE-DEL-01,SKU-RICE-5KG,8,320.00,0
2025-07-27,STORE-DEL-01,SKU-RICE-5KG,45,320.00,0
2025-07-28,STORE-DEL-01,SKU-RICE-5KG,9,320.00,0
2025-07-29,STORE-DEL-01,SKU-RICE-5KG,15,320.00,0
2025-07-30,STORE-DEL-01,SKU-RICE-5KG,6,320.00,0
2025-07-31,STORE-DEL-01,SKU-RICE-5KG,13,320.00,0
2025-08-01,STORE-DEL-01,SKU-RICE-5KG,5,320.00,0
2025-08-02,STORE-DEL-01,SKU-RICE-5KG,47,320.00,0
2025-08-03,STORE-DEL-01,SKU-RICE-5KG,15,320.00,0
2025-08-04,STORE-DEL-01,SKU-RICE-5KG,0,320.00,0
2025-08-05,STORE-DEL-01,SKU-RICE-5KG,34,320.00,0
2025-08-06,STORE-DEL-01,SKU-RICE-5KG,21,320.00,0
2025-08-07,STORE-DEL-01,SKU-RICE-5KG,35,320.00,0
2025-08-08,STORE-DEL-01,SKU-RICE-5KG,22,320.00,0
2025-08-09,STORE-DEL-01,SKU-RICE-5KG,23,320.00,1
2025-08-10,STORE-DEL-01,SKU-RICE-5KG,48,320.00,0
2025-08-11,STORE-DEL-01,SKU-RICE-5KG,25,320.00,0
2025-08-12,STORE-DEL-01,SKU-RICE-5KG,3,320.00,0
2025-08-13,STORE-DEL-01,SKU-RICE-5KG,13,320.00,0
2025-08-14,STORE-DEL-01,SKU-RICE-5KG,18,320.00,0
2025-08-15,STORE-DEL-01,SKU-RICE-5KG,9,320.00,0
2025-08-16,STORE-DEL-01,SKU-RICE-5KG,45,320.00,1
2025-08-17,STORE-DEL-01,SKU-RICE-5KG,0,320.00,0
2025-08-18,STORE-DEL-01,SKU-RICE-5KG,9,320.00,0
2025-08-19,STORE-DEL-01,SKU-RICE-5KG,12,320.00,0
2025-08-20,STORE-DEL-01,SKU-RICE-5KG,9,320.00,0
2025-08-21,STORE-DEL-01,SKU-RICE-5KG,9,320.00,0
2025-08-22,STORE-DEL-01,SKU-RICE-5KG,39,320.00,0
2025-08-23,STORE-DEL-01,SKU-RICE-5KG,45,320.00,0
2025-08-24,STORE-DEL-01,SKU-RICE-5KG,9,320.00,0
2025-08-25,STORE-DEL-01,SKU-RICE-5KG,29,320.00,0
2025-08-26,STORE-DEL-01,SKU-RICE-5KG,13,320.00,0
2025-08-27,STORE-DEL-01,SKU-RICE-5KG,12,320.00,0
2025-08-28,STORE-DEL-01,SKU-RICE-5KG,21,320.00,1
2025-08-29,STORE-DEL-01,SKU-RICE-5KG,14,320.00,0
2025-08-30,STORE-DEL-01,SKU-RICE-5KG,13,320.00,0
2025-08-31,STORE-DEL-01,SKU-RICE-5KG,25,320.00,0
2025-09-01,STORE-DEL-01,SKU-RICE-5KG,3,320.00,0
2025-09-02,STORE-DEL-01,SKU-RICE-5KG,20,320.00,0
2025-09-03,STORE-DEL-01,SKU-RICE-5KG,13,320.00,0
2025-09-04,STORE-DEL-01,SKU-RICE-5KG,9,320.00,0
2025-09-05,STORE-DEL-01,SKU-RICE-5KG,0,320.00,0
2025-09-06,STORE-DEL-01,SKU-RICE-5KG,29,320.00,0
2025-09-07,STORE-DEL-01,SKU-RICE-5KG,16,320.00,0
2025-09-08,STORE-DEL-01,SKU-RICE-5KG,0,320.00,0
2025-09-09,STORE-DEL-01,SKU-RICE-5KG,7,320.00,0
2025-09-10,STORE-DEL-01,SKU-RICE-5KG,26,320.00,0
2025-09-11,STORE-DEL-01,SKU-RICE-5KG,10,320.00,0
2025-09-12,STORE-DEL-01,SKU-RICE-5KG,5,320.00,0
2025-09-13,STORE-DEL-01,SKU-RICE-5KG,17,320.00,0
2025-09-14,STORE-DEL-01,SKU-RICE-5KG,20,320.00,0
2025-09-15,STORE-DEL-01,SKU-RICE-5KG,32,320.00,0
2025-09-16,STORE-DEL-01,SKU-RICE-5KG,7,320.00,0
2025-09-17,STORE-DEL-01,SKU-RICE-5KG,8,320.00,0
2025-09-18,STORE-DEL-01,SKU-RICE-5KG,32,320.00,0
2025-09-19,STORE-DEL-01,SKU-RICE-5KG,12,320.00,1
2025-09-20,STORE-DEL-01,SKU-RICE-5KG,7,320.00,0
2025-09-21,STORE-DEL-01,SKU-RICE-5KG,22,320.00,0
2025-09-22,STORE-DEL-01,SKU-RICE-5KG,16,320.00,0
2025-09-23,STORE-DEL-01,SKU-RICE-5KG,3,320.00,0
2025-09-24,STORE-DEL-01,SKU-RICE-5KG,7,320.00,0
2025-09-25,STORE-DEL-01,SKU-RICE-5KG,0,320.00,0
2025-09-26,STORE-DEL-01,SKU-RICE-5KG,10,320.00,0
2025-09-27,STORE-DEL-01,SKU-RICE-5KG,3,320.00,0
2025-09-28,STORE-DEL-01,SKU-RICE-5KG,13,320.00,0
2025-09-29,STORE-DEL-01,SKU-RICE-5KG,0,320.00,0
2025-09-30,STORE-DEL-01,SKU-RICE-5KG,15,320.00,0
2025-10-01,STORE-DEL-01,SKU-RICE-5KG,6,320.00,0
2025-10-02,STORE-DEL-01,SKU-RICE-5KG,5,320.00,0
2025-10-03,STORE-DEL-01,SKU-RICE-5KG,4,320.00,0
2025-10-04,STORE-DEL-01,SKU-RICE-5KG,6,320.00,0
2025-10-05,STORE-DEL-01,SKU-RICE-5KG,4,320.00,0
2025-10-06,STORE-DEL-01,SKU-RICE-5KG,19,320.00,0
2025-10-07,STORE-DEL-01,SKU-RICE-5KG,37,320.00,1
2025-10-08,STORE-DEL-01,SKU-RICE-5KG,4,320.00,0
2025-10-09,STORE-DEL-01,SKU-RICE-5KG,9,320.00,0
2025-10-10,STORE-DEL-01,SKU-RICE-5KG,21,320.00,0
2025-10-11,STORE-DEL-01,SKU-RICE-5KG,7,320.00,0
2025-10-12,STORE-DEL-01,SKU-RICE-5KG,10,320.00,0
2025-10-13,STORE-DEL-01,SKU-RICE-5KG,0,320.00,0
2025-10-14,STORE-DEL-01,SKU-RICE-5KG,0,320.00,0
2025-10-15,STORE-DEL-01,SKU-RICE-5KG,15,320.00,0
2025-10-16,STORE-DEL-01,SKU-RICE-5KG,2,320.00,0
2025-10-17,STORE-DEL-01,SKU-RICE-5KG,10,320.00,1
2025-10-18,STORE-DEL-01,SKU-RICE-5KG,4,320.00,0
2025-10-19,STORE-DEL-01,SKU-RICE-5KG,9,320.00,0
2025-10-20,STORE-DEL-01,SKU-RICE-5KG,22,320.00,0
2025-10-21,STORE-DEL-01,SKU-RICE-5KG,19,320.00,0
2025-10-22,STORE-DEL-01,SKU-RICE-5KG,0,320.00,0
2025-10-23,STORE-DEL-01,SKU-RICE-5KG,7,320.00,0
2025-10-24,STORE-DEL-01,SKU-RICE-5KG,0,320.00,0
2025-10-25,STORE-DEL-01,SKU-RICE-5KG,4,320.00,0
2025-10-26,STORE-DEL-01,SKU-RICE-5KG,11,320.00,0
2025-10-27,STORE-DEL-01,SKU-RICE-5KG,20,320.00,0
2025-10-28,STORE-DEL-01,SKU-RICE-5KG,6,320.00,1
2025-10-29,STORE-DEL-01,SKU-RICE-5KG,0,320.00,0
2025-10-30,STORE-DEL-01,SKU-RICE-5KG,45,320.00,0
2025-10-31,STORE-DEL-01,SKU-RICE-5KG,1,320.00,0
2025-11-01,STORE-DEL-01,SKU-RICE-5KG,0,320.00,0
2025-11-02,STORE-DEL-01,SKU-RICE-5KG,8,320.00,0
2025-11-03,STORE-DEL-01,SKU-RICE-5KG,13,320.00,0
2025-11-04,STORE-DEL-01,SKU-RICE-5KG,5,320.00,0
2025-11-05,STORE-DEL-01,SKU-RICE-5KG,7,320.00,0
2025-11-06,STORE-DEL-01,SKU-RICE-5KG,3,320.00,0
2025-11-07,STORE-DEL-01,SKU-RICE-5KG,0,320.00,0
2025-11-08,STORE-DEL-01,SKU-RICE-5KG,7,320.00,0
2025-11-09,STORE-DEL-01,SKU-RICE-5KG,7,320.00,0
2025-11-10,STORE-DEL-01,SKU-RICE-5KG,4,320.00,0
2025-11-11,STORE-DEL-01,SKU-RICE-5KG,25,320.00,0
2025-11-12,STORE-DEL-01,SKU-RICE-5KG,7,320.00,0
2025-11-13,STORE-DEL-01,SKU-RICE-5KG,11,320.00,0
2025-11-14,STORE-DEL-01,SKU-RICE-5KG,3,320.00,0
2025-11-15,STORE-DEL-01,SKU-RICE-5KG,44,320.00,1
2025-11-16,STORE-DEL-01,SKU-RICE-5KG,8,320.00,0
2025-11-17,STORE-DEL-01,SKU-RICE-5KG,2,320.00,0
2025-11-18,STORE-DEL-01,SKU-RICE-5KG,8,320.00,0
2025-11-19,STORE-DEL-01,SKU-RICE-5KG,1,320.00,0
2025-11-20,STORE-DEL-01,SKU-RICE-5KG,17,320.00,0
2025-11-21,STORE-DEL-01,SKU-RICE-5KG,14,320.00,0
2025-11-22,STORE-DEL-01,SKU-RICE-5KG,14,320.00,0
2025-11-23,STORE-DEL-01,SKU-RICE-5KG,0,320.00,0
2025-11-24,STORE-DEL-01,SKU-RICE-5KG,10,320.00,0
2025-11-25,STORE-DEL-01,SKU-RICE-5KG,11,320.00,0
2025-11-26,STORE-DEL-01,SKU-RICE-5KG,0,320.00,0
2025-11-27,STORE-DEL-01,SKU-RICE-5KG,46,320.00,0
2025-11-28,STORE-DEL-01,SKU-RICE-5KG,13,320.00,0
2025-11-29,STORE-DEL-01,SKU-RICE-5KG,43,320.00,0
2025-11-30,STORE-DEL-01,SKU-RICE-5KG,8,320.00,0
2025-12-01,STORE-DEL-01,SKU-RICE-5KG,8,320.00,1
2025-12-02,STORE-DEL-01,SKU-RICE-5KG,8,320.00,0
2025-12-03,STORE-DEL-01,SKU-RICE-5KG,11,320.00,0
2025-12-04,STORE-DEL-01,SKU-RICE-5KG,0,320.00,1
2025-12-05,STORE-DEL-01,SKU-RICE-5KG,23,320.00,0
2025-12-06,STORE-DEL-01,SKU-RICE-5KG,0,320.00,1
2025-12-07,STORE-DEL-01,SKU-RICE-5KG,0,320.00,0
2025-12-08,STORE-DEL-01,SKU-RICE-5KG,11,320.00,0
2025-12-09,STORE-DEL-01,SKU-RICE-5KG,6,320.00,0
2025-12-10,STORE-DEL-01,SKU-RICE-5KG,6,320.00,0
2025-12-11,STORE-DEL-01,SKU-RICE-5KG,25,320.00,0
2025-12-12,STORE-DEL-01,SKU-RICE-5KG,21,320.00,0
2025-12-13,STORE-DEL-01,SKU-RICE-5KG,35,320.00,1
2025-12-14,STORE-DEL-01,SKU-RICE-5KG,18,320.00,0
2025-12-15,STORE-DEL-01,SKU-RICE-5KG,31,320.00,0
2025-12-16,STORE-DEL-01,SKU-RICE-5KG,61,320.00,0
2025-12-17,STORE-DEL-01,SKU-RICE-5KG,23,320.00,0
2025-12-18,STORE-DEL-01,SKU-RICE-5KG,12,320.00,0
2025-12-19,STORE-DEL-01,SKU-RICE-5KG,47,320.00,0
2025-12-20,STORE-DEL-01,SKU-RICE-5KG,66,320.00,0
2025-12-21,STORE-DEL-01,SKU-RICE-5KG,20,320.00,1
2025-12-22,STORE-DEL-01,SKU-RICE-5KG,18,320.00,0
2025-12-23,STORE-DEL-01,SKU-RICE-5KG,24,320.00,0
2025-12-24,STORE-DEL-01,SKU-RICE-5KG,57,320.00,1
2025-12-25,STORE-DEL-01,SKU-RICE-5KG,20,320.00,0
2025-12-26,STORE-DEL-01,SKU-RICE-5KG,27,320.00,1
2025-12-27,STORE-DEL-01,SKU-RICE-5KG,17,320.00,0
2025-12-28,STORE-DEL-01,SKU-RICE-5KG,0,320.00,0
2025-12-29,STORE-DEL-01,SKU-RICE-5KG,0,320.00,0
2025-12-30,STORE-DEL-01,SKU-RICE-5KG,18,320.00,1
2024-01-01,STORE-DEL-01,SKU-OIL-1L,13,160.00,0
2024-01-02,STORE-DEL-01,SKU-OIL-1L,14,160.00,0
2024-01-03,STORE-DEL-01,SKU-OIL-1L,5,160.00,0
2024-01-04,STORE-DEL-01,SKU-OIL-1L,22,160.00,0
2024-01-05,STORE-DEL-01,SKU-OIL-1L,45,160.00,0
2024-01-06,STORE-DEL-01,SKU-OIL-1L,15,160.00,0
2024-01-07,STORE-DEL-01,SKU-OIL-1L,12,160.00,0
2024-01-08,STORE-DEL-01,SKU-OIL-1L,9,160.00,0
2024-01-09,STORE-DEL-01,SKU-OIL-1L,11,160.00,0
2024-01-10,STORE-DEL-01,SKU-OIL-1L,20,160.00,1
2024-01-11,STORE-DEL-01,SKU-OIL-1L,0,160.00,1
2024-01-12,STORE-DEL-01,SKU-OIL-1L,2,160.00,1
2024-01-13,STORE-DEL-01,SKU-OIL-1L,20,160.00,1
2024-01-14,STORE-DEL-01,SKU-OIL-1L,14,160.00,0
2024-01-15,STORE-DEL-01,SKU-OIL-1L,3,160.00,0
2024-01-16,STORE-DEL-01,SKU-OIL-1L,33,160.00,0
2024-01-17,STORE-DEL-01,SKU-OIL-1L,8,160.00,0
2024-01-18,STORE-DEL-01,SKU-OIL-1L,8,160.00,0
2024-01-19,STORE-DEL-01,SKU-OIL-1L,0,160.00,0
2024-01-20,STORE-DEL-01,SKU-OIL-1L,2,160.00,0
2024-01-21,STORE-DEL-01,SKU-OIL-1L,8,160.00,0
2024-01-22,STORE-DEL-01,SKU-OIL-1L,0,160.00,0
2024-01-23,STORE-DEL-01,SKU-OIL-1L,0,160.00,0
2024-01-24,STORE-DEL-01,SKU-OIL-1L,12,160.00,0
2024-01-25,STORE-DEL-01,SKU-OIL-1L,70,160.00,0
2024-01-26,STORE-DEL-01,SKU-OIL-1L,13,160.00,0
2024-01-27,STORE-DEL-01,SKU-OIL-1L,4,160.00,0
2024-01-28,STORE-DEL-01,SKU-OIL-1L,18,160.00,0
2024-01-29,STORE-DEL-01,SKU-OIL-1L,20,160.00,0
2024-01-30,STORE-DEL-01,SKU-OIL-1L,24,160.00,0
2024-01-31,STORE-DEL-01,SKU-OIL-1L,11,160.00,0
2024-02-01,STORE-DEL-01,SKU-OIL-1L,15,160.00,0
2024-02-02,STORE-DEL-01,SKU-OIL-1L,0,160.00,1
2024-02-03,STORE-DEL-01,SKU-OIL-1L,76,160.00,1
2024-02-04,STORE-DEL-01,SKU-OIL-1L,27,160.00,0
2024-02-05,STORE-DEL-01,SKU-OIL-1L,16,160.00,0
2024-02-06,STORE-DEL-01,SKU-OIL-1L,29,160.00,0
2024-02-07,STORE-DEL-01,SKU-OIL-1L,0,160.00,0
2024-02-08,STORE-DEL-01,SKU-OIL-1L,7,160.00,0
2024-02-09,STORE-DEL-01,SKU-OIL-1L,4,160.00,0
2024-02-10,STORE-DEL-01,SKU-OIL-1L,10,160.00,0
2024-02-11,STORE-DEL-01,SKU-OIL-1L,1,160.00,0
2024-02-12,STORE-DEL-01,SKU-OIL-1L,10,160.00,0
2024-02-13,STORE-DEL-01,SKU-OIL-1L,0,160.00,0
2024-02-14,STORE-DEL-01,SKU-OIL-1L,10,160.00,0
2024-02-15,STORE-DEL-01,SKU-OIL-1L,0,160.00,0
2024-02-16,STORE-DEL-01,SKU-OIL-1L,19,160.00,0
2024-02-17,STORE-DEL-01,SKU-OIL-1L,14,160.00,0
2024-02-18,STORE-DEL-01,SKU-OIL-1L,36,160.00,0
2024-02-19,STORE-DEL-01,SKU-OIL-1L,50,160.00,0
2024-02-20,STORE-DEL-01,SKU-OIL-1L,0,160.00,0
2024-02-21,STORE-DEL-01,SKU-OIL-1L,15,160.00,0
2024-02-22,STORE-DEL-01,SKU-OIL-1L,24,160.00,1
2024-02-23,STORE-DEL-01,SKU-OIL-1L,10,160.00,1
2024-02-24,STORE-DEL-01,SKU-OIL-1L,16,160.00,0
2024-02-25,STORE-DEL-01,SKU-OIL-1L,5,160.00,0
2024-02-26,STORE-DEL-01,SKU-OIL-1L,11,160.00,0
2024-02-27,STORE-DEL-01,SKU-OIL-1L,15,160.00,0
2024-02-28,STORE-DEL-01,SKU-OIL-1L,0,160.00,1
2024-02-29,STORE-DEL-01,SKU-OIL-1L,6,160.00,0
2024-03-01,STORE-DEL-01,SKU-OIL-1L,16,160.00,0
2024-03-02,STORE-DEL-01,SKU-OIL-1L,13,160.00,0
2024-03-03,STORE-DEL-01,SKU-OIL-1L,3,160.00,0
2024-03-04,STORE-DEL-01,SKU-OIL-1L,6,160.00,0
2024-03-05,STORE-DEL-01,SKU-OIL-1L,14,160.00,0
2024-03-06,STORE-DEL-01,SKU-OIL-1L,14,160.00,0
2024-03-07,STORE-DEL-01,SKU-OIL-1L,18,160.00,0
2024-03-08,STORE-DEL-01,SKU-OIL-1L,7,160.00,0
2024-03-09,STORE-DEL-01,SKU-OIL-1L,6,160.00,0
2024-03-10,STORE-DEL-01,SKU-OIL-1L,21,160.00,0
2024-03-11,STORE-DEL-01,SKU-OIL-1L,33,160.00,0
2024-03-12,STORE-DEL-01,SKU-OIL-1L,50,160.00,0
2024-03-13,STORE-DEL-01,SKU-OIL-1L,0,160.00,0
2024-03-14,STORE-DEL-01,SKU-OIL-1L,16,160.00,0
2024-03-15,STORE-DEL-01,SKU-OIL-1L,7,160.00,0
2024-03-16,STORE-DEL-01,SKU-OIL-1L,10,160.00,0
2024-03-17,STORE-DEL-01,SKU-OIL-1L,26,160.00,0
2024-03-18,STORE-DEL-01,SKU-OIL-1L,6,160.00,0
2024-03-19,STORE-DEL-01,SKU-OIL-1L,7,160.00,0
2024-03-20,STORE-DEL-01,SKU-OIL-1L,8,160.00,0
2024-03-21,STORE-DEL-01,SKU-OIL-1L,63,160.00,0
2024-03-22,STORE-DEL-01,SKU-OIL-1L,0,160.00,0
2024-03-23,STORE-DEL-01,SKU-OIL-1L,11,160.00,0
2024-03-24,STORE-DEL-01,SKU-OIL-1L,15,160.00,0
2024-03-25,STORE-DEL-01,SKU-OIL-1L,11,160.00,0
2024-03-26,STORE-DEL-01,SKU-OIL-1L,9,160.00,0
2024-03-27,STORE-DEL-01,SKU-OIL-1L,71,160.00,0
2024-03-28,STORE-DEL-01,SKU-OIL-1L,13,160.00,0
2024-03-29,STORE-DEL-01,SKU-OIL-1L,7,160.00,0
2024-03-30,STORE-DEL-01,SKU-OIL-1L,6,160.00,0
2024-03-31,STORE-DEL-01,SKU-OIL-1L,19,160.00,1
2024-04-01,STORE-DEL-01,SKU-OIL-1L,0,160.00,0
2024-04-02,STORE-DEL-01,SKU-OIL-1L,6,160.00,0
2024-04-03,STORE-DEL-01,SKU-OIL-1L,2,160.00,0
2024-04-04,STORE-DEL-01,SKU-OIL-1L,31,160.00,0
2024-04-05,STORE-DEL-01,SKU-OIL-1L,3,160.00,0
2024-04-06,STORE-DEL-01,SKU-OIL-1L,0,160.00,0
2024-04-07,STORE-DEL-01,SKU-OIL-1L,25,160.00,0
2024-04-08,STORE-DEL-01,SKU-OIL-1L,42,160.00,0
2024-04-09,STORE-DEL-01,SKU-OIL-1L,27,160.00,0
2024-04-10,STORE-DEL-01,SKU-OIL-1L,18,160.00,0
2024-04-11,STORE-DEL-01,SKU-OIL-1L,9,160.00,0
2024-04-12,STORE-DEL-01,SKU-OIL-1L,5,160.00,0
2024-04-13,STORE-DEL-01,SKU-OIL-1L,27,160.00,0
2024-04-14,STORE-DEL-01,SKU-OIL-1L,16,160.00,0
2024-04-15,STORE-DEL-01,SKU-OIL-1L,75,160.00,1
2024-04-16,STORE-DEL-01,SKU-OIL-1L,11,160.00,0
2024-04-17,STORE-DEL-01,SKU-OIL-1L,20,160.00,0
2024-04-18,STORE-DEL-01,SKU-OIL-1L,12,160.00,0
2024-04-19,STORE-DEL-01,SKU-OIL-1L,11,160.00,0
2024-04-20,STORE-DEL-01,SKU-OIL-1L,0,160.00,1
2024-04-21,STORE-DEL-01,SKU-OIL-1L,12,160.00,0
2024-04-22,STORE-DEL-01,SKU-OIL-1L,4,160.00,0
2024-04-23,STORE-DEL-01,SKU-OIL-1L,13,160.00,0
2024-04-24,STORE-DEL-01,SKU-OIL-1L,9,160.00,0
2024-04-25,STORE-DEL-01,SKU-OIL-1L,3,160.00,0
2024-04-26,STORE-DEL-01,SKU-OIL-1L,8,160.00,0
2024-04-27,STORE-DEL-01,SKU-OIL-1L,7,160.00,0
2024-04-28,STORE-DEL-01,SKU-OIL-1L,9,160.00,0
2024-04-29,STORE-DEL-01,SKU-OIL-1L,9,160.00,0
2024-04-30,STORE-DEL-01,SKU-OIL-1L,5,160.00,0
2024-05-01,STORE-DEL-01,SKU-OIL-1L,0,160.00,0
2024-05-02,STORE-DEL-01,SKU-OIL-1L,17,160.00,0
2024-05-03,STORE-DEL-01,SKU-OIL-1L,16,160.00,0
2024-05-04,STORE-DEL-01,SKU-OIL-1L,0,160.00,0
2024-05-05,STORE-DEL-01,SKU-OIL-1L,0,160.00,0
2024-05-06,STORE-DEL-01,SKU-OIL-1L,6,160.00,0
2024-05-07,STORE-DEL-01,SKU-OIL-1L,14,160.00,0
2024-05-08,STORE-DEL-01,SKU-OIL-1L,60,160.00,1
2024-05-09,STORE-DEL-01,SKU-OIL-1L,22,160.00,0
2024-05-10,STORE-DEL-01,SKU-OIL-1L,4,160.00,0
2024-05-11,STORE-DEL-01,SKU-OIL-1L,0,160.00,0
2024-05-12,STORE-DEL-01,SKU-OIL-1L,0,160.00,0
2024-05-13,STORE-DEL-01,SKU-OIL-1L,0,160.00,0
2024-05-14,STORE-DEL-01,SKU-OIL-1L,0,160.00,0
2024-05-15,STORE-DEL-01,SKU-OIL-1L,0,160.00,0
2024-05-16,STORE-DEL-01,SKU-OIL-1L,0,160.00,0
2024-05-17,STORE-DEL-01,SKU-OIL-1L,0,160.00,0
2024-05-18,STORE-DEL-01,SKU-OIL-1L,16,160.00,0
2024-05-19,STORE-DEL-01,SKU-OIL-1L,14,160.00,0
2024-05-20,STORE-DEL-01,SKU-OIL-1L,3,160.00,0
2024-05-21,STORE-DEL-01,SKU-OIL-1L,0,160.00,1
2024-05-22,STORE-DEL-01,SKU-OIL-1L,0,160.00,0
2024-05-23,STORE-DEL-01,SKU-OIL-1L,0,160.00,0
2024-05-24,STORE-DEL-01,SKU-OIL-1L,0,160.00,0
2024-05-25,STORE-DEL-01,SKU-OIL-1L,0,160.00,0
2024-05-26,STORE-DEL-01,SKU-OIL-1L,0,160.00,0
2024-05-27,STORE-DEL-01,SKU-OIL-1L,10,160.00,0
2024-05-28,STORE-DEL-01,SKU-OIL-1L,27,160.00,0
2024-05-29,STORE-DEL-01,SKU-OIL-1L,1,160.00,0
2024-05-30,STORE-DEL-01,SKU-OIL-1L,5,160.00,0
2024-05-31,STORE-DEL-01,SKU-OIL-1L,15,160.00,0
2024-06-01,STORE-DEL-01,SKU-OIL-1L,6,160.00,0
2024-06-02,STORE-DEL-01,SKU-OIL-1L,10,160.00,0
2024-06-03,STORE-DEL-01,SKU-OIL-1L,0,160.00,0
2024-06-04,STORE-DEL-01,SKU-OIL-1L,6,160.00,0
2024-06-05,STORE-DEL-01,SKU-OIL-1L,15,160.00,0
2024-06-06,STORE-DEL-01,SKU-OIL-1L,3,160.00,0
2024-06-07,STORE-DEL-01,SKU-OIL-1L,24,160.00,1
2024-06-08,STORE-DEL-01,SKU-OIL-1L,9,160.00,0
2024-06-09,STORE-DEL-01,SKU-OIL-1L,6,160.00,0
2024-06-10,STORE-DEL-01,SKU-OIL-1L,28,160.00,1
2024-06-11,STORE-DEL-01,SKU-OIL-1L,9,160.00,0
2024-06-12,STORE-DEL-01,SKU-OIL-1L,32,160.00,0
2024-06-13,STORE-DEL-01,SKU-OIL-1L,7,160.00,0
2024-06-14,STORE-DEL-01,SKU-OIL-1L,2,160.00,0
2024-06-15,STORE-DEL-01,SKU-OIL-1L,5,160.00,0
2024-06-16,STORE-DEL-01,SKU-OIL-1L,13,160.00,0
2024-06-17,STORE-DEL-01,SKU-OIL-1L,6,160.00,0
2024-06-18,STORE-DEL-01,SKU-OIL-1L,1,160.00,0
2024-06-19,STORE-DEL-01,SKU-OIL-1L,30,160.00,0
2024-06-20,STORE-DEL-01,SKU-OIL-1L,23,160.00,0
2024-06-21,STORE-DEL-01,SKU-OIL-1L,11,160.00,0
2024-06-22,STORE-DEL-01,SKU-OIL-1L,0,160.00,0
2024-06-23,STORE-DEL-01,SKU-OIL-1L,10,160.00,0
2024-06-24,STORE-DEL-01,SKU-OIL-1L,37,160.00,0
2024-06-25,STORE-DEL-01,SKU-OIL-1L,0,160.00,0
2024-06-26,STORE-DEL-01,SKU-OIL-1L,9,160.00,0
2024-06-27,STORE-DEL-01,SKU-OIL-1L,8,160.00,0
2024-06-28,STORE-DEL-01,SKU-OIL-1L,19,160.00,0
2024-06-29,STORE-DEL-01,SKU-OIL-1L,15,160.00,0
2024-06-30,STORE-DEL-01,SKU-OIL-1L,26,160.00,0
2024-07-01,STORE-DEL-01,SKU-OIL-1L,5,160.00,0
2024-07-02,STORE-DEL-01,SKU-OIL-1L,24,160.00,0
2024-07-03,STORE-DEL-01,SKU-OIL-1L,0,160.00,0
2024-07-04,STORE-DEL-01,SKU-OIL-1L,4,160.00,0
2024-07-05,STORE-DEL-01,SKU-OIL-1L,27,160.00,0
2024-07-06,STORE-DEL-01,SKU-OIL-1L,10,160.00,0
2024-07-07,STORE-DEL-01,SKU-OIL-1L,7,160.00,0
2024-07-08,STORE-DEL-01,SKU-OIL-1L,69,160.00,0
2024-07-09,STORE-DEL-01,SKU-OIL-1L,8,160.00,0
2024-07-10,STORE-DEL-01,SKU-OIL-1L,2,160.00,0
2024-07-11,STORE-DEL-01,SKU-OIL-1L,7,160.00,1
2024-07-12,STORE-DEL-01,SKU-OIL-1L,1,160.00,0
2024-07-13,STORE-DEL-01,SKU-OIL-1L,13,160.00,0
2024-07-14,STORE-DEL-01,SKU-OIL-1L,0,160.00,0
2024-07-15,STORE-DEL-01,SKU-OIL-1L,1,160.00,0
2024-07-16,STORE-DEL-01,SKU-OIL-1L,5,160.00,0
2024-07-17,STORE-DEL-01,SKU-OIL-1L,5,160.00,0
2024-07-18,STORE-DEL-01,SKU-OIL-1L,24,160.00,0
2024-07-19,STORE-DEL-01,SKU-OIL-1L,7,160.00,0
2024-07-20,STORE-DEL-01,SKU-OIL-1L,17,160.00,0
2024-07-21,STORE-DEL-01,SKU-OIL-1L,10,160.00,0
2024-07-22,STORE-DEL-01,SKU-OIL-1L,3,160.00,0
2024-07-23,STORE-DEL-01,SKU-OIL-1L,2,160.00,0
2024-07-24,STORE-DEL-01,SKU-OIL-1L,4,160.00,0
2024-07-25,STORE-DEL-01,SKU-OIL-1L,29,160.00,0
2024-07-26,STORE-DEL-01,SKU-OIL-1L,19,160.00,0
2024-07-27,STORE-DEL-01,SKU-OIL-1L,0,160.00,0
2024-07-28,STORE-DEL-01,SKU-OIL-1L,0,160.00,0
2024-07-29,STORE-DEL-01,SKU-OIL-1L,6,160.00,0
2024-07-30,STORE-DEL-01,SKU-OIL-1L,3,160.00,0
2024-07-31,STORE-DEL-01,SKU-OIL-1L,0,160.00,0
2024-08-01,STORE-DEL-01,SKU-OIL-1L,19,160.00,0
2024-08-02,STORE-DEL-01,SKU-OIL-1L,0,160.00,0
2024-08-03,STORE-DEL-01,SKU-OIL-1L,14,160.00,0
2024-08-04,STORE-DEL-01,SKU-OIL-1L,0,160.00,0
2024-08-05,STORE-DEL-01,SKU-OIL-1L,15,160.00,0
2024-08-06,STORE-DEL-01,SKU-OIL-1L,8,160.00,0
2024-08-07,STORE-DEL-01,SKU-OIL-1L,7,160.00,0
2024-08-08,STORE-DEL-01,SKU-OIL-1L,12,160.00,0
2024-08-09,STORE-DEL-01,SKU-OIL-1L,13,160.00,0
2024-08-10,STORE-DEL-01,SKU-OIL-1L,5,160.00,0
2024-08-11,STORE-DEL-01,SKU-OIL-1L,20,160.00,0
2024-08-12,STORE-DEL-01,SKU-OIL-1L,71,160.00,0
2024-08-13,STORE-DEL-01,SKU-OIL-1L,3,160.00,0
2024-08-14,STORE-DEL-01,SKU-OIL-1L,5,160.00,0
2024-08-15,STORE-DEL-01,SKU-OIL-1L,0,160.00,0
2024-08-16,STORE-DEL-01,SKU-OIL-1L,0,160.00,1
2024-08-17,STORE-DEL-01,SKU-OIL-1L,93,160.00,0
2024-08-18,STORE-DEL-01,SKU-OIL-1L,14,160.00,0
2024-08-19,STORE-DEL-01,SKU-OIL-1L,7,160.00,0
2024-08-20,STORE-DEL-01,SKU-OIL-1L,6,160.00,1
2024-08-21,STORE-DEL-01,SKU-OIL-1L,9,160.00,0
2024-08-22,STORE-DEL-01,SKU-OIL-1L,0,160.00,0
2024-08-23,STORE-DEL-01,SKU-OIL-1L,8,160.00,0
2024-08-24,STORE-DEL-01,SKU-OIL-1L,3,160.00,0
2024-08-25,STORE-DEL-01,SKU-OIL-1L,1,160.00,0
2024-08-26,STORE-DEL-01,SKU-OIL-1L,8,160.00,0
2024-08-27,STORE-DEL-01,SKU-OIL-1L,2,160.00,0
2024-08-28,STORE-DEL-01,SKU-OIL-1L,3,160.00,0
2024-08-29,STORE-DEL-01,SKU-OIL-1L,7,160.00,0
2024-08-30,STORE-DEL-01,SKU-OIL-1L,11,160.00,1
2024-08-31,STORE-DEL-01,SKU-OIL-1L,2,160.00,0
2024-09-01,STORE-DEL-01,SKU-OIL-1L,10,160.00,0
2024-09-02,STORE-DEL-01,SKU-OIL-1L,2,160.00,0
2024-09-03,STORE-DEL-01,SKU-OIL-1L,0,160.00,0
2024-09-04,STORE-DEL-01,SKU-OIL-1L,7,160.00,0
2024-09-05,STORE-DEL-01,SKU-OIL-1L,6,160.00,0
2024-09-06,STORE-DEL-01,SKU-OIL-1L,19,160.00,0
2024-09-07,STORE-DEL-01,SKU-OIL-1L,6,160.00,1
2024-09-08,STORE-DEL-01,SKU-OIL-1L,6,160.00,0
2024-09-09,STORE-DEL-01,SKU-OIL-1L,0,160.00,0
2024-09-10,STORE-DEL-01,SKU-OIL-1L,14,160.00,0
2024-09-11,STORE-DEL-01,SKU-OIL-1L,17,160.00,0
2024-09-12,STORE-DEL-01,SKU-OIL-1L,0,160.00,0
2024-09-13,STORE-DEL-01,SKU-OIL-1L,3,160.00,1
2024-09-14,STORE-DEL-01,SKU-OIL-1L,31,160.00,1
2024-09-15,STORE-DEL-01,SKU-OIL-1L,6,160.00,0
2024-09-16,STORE-DEL-01,SKU-OIL-1L,5,160.00,0
2024-09-17,STORE-DEL-01,SKU-OIL-1L,3,160.00,0
2024-09-18,STORE-DEL-01,SKU-OIL-1L,5,160.00,0
2024-09-19,STORE-DEL-01,SKU-OIL-1L,4,160.00,0
2024-09-20,STORE-DEL-01,SKU-OIL-1L,1,160.00,0
2024-09-21,STORE-DEL-01,SKU-OIL-1L,5,160.00,0
2024-09-22,STORE-DEL-01,SKU-OIL-1L,0,160.00,0
2024-09-23,STORE-DEL-01,SKU-OIL-1L,15,160.00,0
2024-09-24,STORE-DEL-01,SKU-OIL-1L,0,160.00,0
2024-09-25,STORE-DEL-01,SKU-OIL-1L,10,160.00,0
2024-09-26,STORE-DEL-01,SKU-OIL-1L,0,160.00,0
2024-09-27,STORE-DEL-01,SKU-OIL-1L,2,160.00,0
2024-09-28,STORE-DEL-01,SKU-OIL-1L,11,160.00,0
2024-09-29,STORE-DEL-01,SKU-OIL-1L,1,160.00,0
2024-09-30,STORE-DEL-01,SKU-OIL-1L,3,160.00,0
2024-10-01,STORE-DEL-01,SKU-OIL-1L,22,160.00,0
2024-10-02,STORE-DEL-01,SKU-OIL-1L,3,160.00,0
2024-10-03,STORE-DEL-01,SKU-OIL-1L,10,160.00,0
2024-10-04,STORE-DEL-01,SKU-OIL-1L,15,160.00,0
2024-10-05,STORE-DEL-01,SKU-OIL-1L,8,160.00,0
2024-10-06,STORE-DEL-01,SKU-OIL-1L,1,160.00,0
2024-10-07,STORE-DEL-01,SKU-OIL-1L,0,160.00,0
2024-10-08,STORE-DEL-01,SKU-OIL-1L,16,160.00,0
2024-10-09,STORE-DEL-01,SKU-OIL-1L,6,160.00,0
2024-10-10,STORE-DEL-01,SKU-OIL-1L,4,160.00,0
2024-10-11,STORE-DEL-01,SKU-OIL-1L,7,160.00,0
2024-10-12,STORE-DEL-01,SKU-OIL-1L,1,160.00,0
2024-10-13,STORE-DEL-01,SKU-OIL-1L,13,160.00,1
2024-10-14,STORE-DEL-01,SKU-OIL-1L,4,160.00,0
2024-10-15,STORE-DEL-01,SKU-OIL-1L,19,160.00,1
2024-10-16,STORE-DEL-01,SKU-OIL-1L,11,160.00,0
2024-10-17,STORE-DEL-01,SKU-OIL-1L,7,160.00,1
2024-10-18,STORE-DEL-01,SKU-OIL-1L,5,160.00,0
2024-10-19,STORE-DEL-01,SKU-OIL-1L,2,160.00,0
2024-10-20,STORE-DEL-01,SKU-OIL-1L,5,160.00,0
2024-10-21,STORE-DEL-01,SKU-OIL-1L,7,160.00,0
2024-10-22,STORE-DEL-01,SKU-OIL-1L,0,160.00,1
2024-10-23,STORE-DEL-01,SKU-OIL-1L,0,160.00,0
2024-10-24,STORE-DEL-01,SKU-OIL-1L,29,160.00,0
2024-10-25,STORE-DEL-01,SKU-OIL-1L,11,160.00,0
2024-10-26,STORE-DEL-01,SKU-OIL-1L,3,160.00,0
2024-10-27,STORE-DEL-01,SKU-OIL-1L,9,160.00,0
2024-10-28,STORE-DEL-01,SKU-OIL-1L,12,160.00,0
2024-10-29,STORE-DEL-01,SKU-OIL-1L,0,160.00,0
2024-10-30,STORE-DEL-01,SKU-OIL-1L,1,160.00,0
2024-10-31,STORE-DEL-01,SKU-OIL-1L,6,160.00,0
2024-11-01,STORE-DEL-01,SKU-OIL-1L,13,160.00,0
2024-11-02,STORE-DEL-01,SKU-OIL-1L,16,160.00,0
2024-11-03,STORE-DEL-01,SKU-OIL-1L,51,160.00,0
2024-11-04,STORE-DEL-01,SKU-OIL-1L,68,160.00,0
2024-11-05,STORE-DEL-01,SKU-OIL-1L,7,160.00,0
2024-11-06,STORE-DEL-01,SKU-OIL-1L,2,160.00,0
2024-11-07,STORE-DEL-01,SKU-OIL-1L,8,160.00,0
2024-11-08,STORE-DEL-01,SKU-OIL-1L,1,160.00,0
2024-11-09,STORE-DEL-01,SKU-OIL-1L,6,160.00,0
2024-11-10,STORE-DEL-01,SKU-OIL-1L,10,160.00,0
2024-11-11,STORE-DEL-01,SKU-OIL-1L,8,160.00,0
2024-11-12,STORE-DEL-01,SKU-OIL-1L,4,160.00,0
2024-11-13,STORE-DEL-01,SKU-OIL-1L,0,160.00,0
2024-11-14,STORE-DEL-01,SKU-OIL-1L,3,160.00,0
2024-11-15,STORE-DEL-01,SKU-OIL-1L,0,160.00,0
2024-11-16,STORE-DEL-01,SKU-OIL-1L,1,160.00,0
2024-11-17,STORE-DEL-01,SKU-OIL-1L,0,160.00,0
2024-11-18,STORE-DEL-01,SKU-OIL-1L,0,160.00,0
2024-11-19,STORE-DEL-01,SKU-OIL-1L,5,160.00,0
2024-11-20,STORE-DEL-01,SKU-OIL-1L,8,160.00,0
2024-11-21,STORE-DEL-01,SKU-OIL-1L,12,160.00,0
2024-11-22,STORE-DEL-01,SKU-OIL-1L,8,160.00,0
2024-11-23,STORE-DEL-01,SKU-OIL-1L,60,160.00,1
2024-11-24,STORE-DEL-01,SKU-OIL-1L,11,160.00,0
2024-11-25,STORE-DEL-01,SKU-OIL-1L,19,160.00,1
2024-11-26,STORE-DEL-01,SKU-OIL-1L,0,160.00,0
2024-11-27,STORE-DEL-01,SKU-OIL-1L,5,160.00,0
2024-11-28,STORE-DEL-01,SKU-OIL-1L,0,160.00,1
2024-11-29,STORE-DEL-01,SKU-OIL-1L,0,160.00,0
2024-11-30,STORE-DEL-01,SKU-OIL-1L,5,160.00,1
2024-12-01,STORE-DEL-01,SKU-OIL-1L,0,160.00,0
2024-12-02,STORE-DEL-01,SKU-OIL-1L,10,160.00,0
2024-12-03,STORE-DEL-01,SKU-OIL-1L,15,160.00,0
2024-12-04,STORE-DEL-01,SKU-OIL-1L,1,160.00,0
2024-12-05,STORE-DEL-01,SKU-OIL-1L,7,160.00,0
2024-12-06,STORE-DEL-01,SKU-OIL-1L,1,160.00,0
2024-12-07,STORE-DEL-01,SKU-OIL-1L,6,160.00,0
2024-12-08,STORE-DEL-01,SKU-OIL-1L,5,160.00,0
2024-12-09,STORE-DEL-01,SKU-OIL-1L,2,160.00,0
2024-12-10,STORE-DEL-01,SKU-OIL-1L,6,160.00,0
2024-12-11,STORE-DEL-01,SKU-OIL-1L,22,160.00,0
2024-12-12,STORE-DEL-01,SKU-OIL-1L,4,160.00,1
2024-12-13,STORE-DEL-01,SKU-OIL-1L,0,160.00,0
2024-12-14,STORE-DEL-01,SKU-OIL-1L,0,160.00,0
2024-12-15,STORE-DEL-01,SKU-OIL-1L,9,160.00,0
2024-12-16,STORE-DEL-01,SKU-OIL-1L,5,160.00,0
2024-12-17,STORE-DEL-01,SKU-OIL-1L,6,160.00,0
2024-12-18,STORE-DEL-01,SKU-OIL-1L,4,160.00,0
2024-12-19,STORE-DEL-01,SKU-OIL-1L,23,160.00,0
2024-12-20,STORE-DEL-01,SKU-OIL-1L,0,160.00,0
2024-12-21,STORE-DEL-01,SKU-OIL-1L,17,160.00,0
2024-12-22,STORE-DEL-01,SKU-OIL-1L,0,160.00,0
2024-12-23,STORE-DEL-01,SKU-OIL-1L,1,160.00,0
2024-12-24,STORE-DEL-01,SKU-OIL-1L,18,160.00,0
2024-12-25,STORE-DEL-01,SKU-OIL-1L,37,160.00,0
2024-12-26,STORE-DEL-01,SKU-OIL-1L,13,160.00,0
2024-12-27,STORE-DEL-01,SKU-OIL-1L,16,160.00,0
2024-12-28,STORE-DEL-01,SKU-OIL-1L,0,160.00,0
2024-12-29,STORE-DEL-01,SKU-OIL-1L,11,160.00,0
2024-12-30,STORE-DEL-01,SKU-OIL-1L,2,160.00,0
2024-12-31,STORE-DEL-01,SKU-OIL-1L,0,160.00,0
2025-01-01,STORE-DEL-01,SKU-OIL-1L,10,160.00,0
2025-01-02,STORE-DEL-01,SKU-OIL-1L,8,160.00,0
2025-01-03,STORE-DEL-01,SKU-OIL-1L,5,160.00,0
2025-01-04,STORE-DEL-01,SKU-OIL-1L,14,160.00,0
2025-01-05,STORE-DEL-01,SKU-OIL-1L,43,160.00,0
2025-01-06,STORE-DEL-01,SKU-OIL-1L,4,160.00,0
2025-01-07,STORE-DEL-01,SKU-OIL-1L,3,160.00,0
2025-01-08,STORE-DEL-01,SKU-OIL-1L,11,160.00,0
2025-01-09,STORE-DEL-01,SKU-OIL-1L,22,160.00,1
2025-01-10,STORE-DEL-01,SKU-OIL-1L,11,160.00,0
2025-01-11,STORE-DEL-01,SKU-OIL-1L,0,160.00,0
2025-01-12,STORE-DEL-01,SKU-OIL-1L,26,160.00,0
2025-01-13,STORE-DEL-01,SKU-OIL-1L,2,160.00,0
2025-01-14,STORE-DEL-01,SKU-OIL-1L,23,160.00,0
2025-01-15,STORE-DEL-01,SKU-OIL-1L,17,160.00,0
2025-01-16,STORE-DEL-01,SKU-OIL-1L,5,160.00,0
2025-01-17,STORE-DEL-01,SKU-OIL-1L,11,160.00,0
2025-01-18,STORE-DEL-01,SKU-OIL-1L,31,160.00,0
2025-01-19,STORE-DEL-01,SKU-OIL-1L,30,160.00,1
2025-01-20,STORE-DEL-01,SKU-OIL-1L,0,160.00,0
2025-01-21,STORE-DEL-01,SKU-OIL-1L,4,160.00,0
2025-01-22,STORE-DEL-01,SKU-OIL-1L,6,160.00,0
2025-01-23,STORE-DEL-01,SKU-OIL-1L,19,160.00,1
2025-01-24,STORE-DEL-01,SKU-OIL-1L,21,160.00,0
2025-01-25,STORE-DEL-01,SKU-OIL-1L,2,160.00,0
2025-01-26,STORE-DEL-01,SKU-OIL-1L,1,160.00,0
2025-01-27,STORE-DEL-01,SKU-OIL-1L,5,160.00,0
2025-01-28,STORE-DEL-01,SKU-OIL-1L,20,160.00,0
2025-01-29,STORE-DEL-01,SKU-OIL-1L,8,160.00,0
2025-01-30,STORE-DEL-01,SKU-OIL-1L,8,160.00,0
2025-01-31,STORE-DEL-01,SKU-OIL-1L,0,160.00,0
2025-02-01,STORE-DEL-01,SKU-OIL-1L,13,160.00,1
2025-02-02,STORE-DEL-01,SKU-OIL-1L,5,160.00,0
2025-02-03,STORE-DEL-01,SKU-OIL-1L,19,160.00,0
2025-02-04,STORE-DEL-01,SKU-OIL-1L,13,160.00,0
2025-02-05,STORE-DEL-01,SKU-OIL-1L,25,160.00,0
2025-02-06,STORE-DEL-01,SKU-OIL-1L,26,160.00,0
2025-02-07,STORE-DEL-01,SKU-OIL-1L,8,160.00,0
2025-02-08,STORE-DEL-01,SKU-OIL-1L,20,160.00,0
2025-02-09,STORE-DEL-01,SKU-OIL-1L,3,160.00,0
2025-02-10,STORE-DEL-01,SKU-OIL-1L,3,160.00,0
2025-02-11,STORE-DEL-01,SKU-OIL-1L,11,160.00,0
2025-02-12,STORE-DEL-01,SKU-OIL-1L,9,160.00,0
2025-02-13,STORE-DEL-01,SKU-OIL-1L,2,160.00,0
2025-02-14,STORE-DEL-01,SKU-OIL-1L,76,160.00,0
2025-02-15,STORE-DEL-01,SKU-OIL-1L,0,160.00,0
2025-02-16,STORE-DEL-01,SKU-OIL-1L,3,160.00,0
2025-02-17,STORE-DEL-01,SKU-OIL-1L,19,160.00,0
2025-02-18,STORE-DEL-01,SKU-OIL-1L,13,160.00,0
2025-02-19,STORE-DEL-01,SKU-OIL-1L,26,160.00,0
2025-02-20,STORE-DEL-01,SKU-OIL-1L,15,160.00,0
2025-02-21,STORE-DEL-01,SKU-OIL-1L,21,160.00,1
2025-02-22,STORE-DEL-01,SKU-OIL-1L,30,160.00,0
2025-02-23,STORE-DEL-01,SKU-OIL-1L,8,160.00,0
2025-02-24,STORE-DEL-01,SKU-OIL-1L,2,160.00,0
2025-02-25,STORE-DEL-01,SKU-OIL-1L,3,160.00,0
2025-02-26,STORE-DEL-01,SKU-OIL-1L,0,160.00,0
2025-02-27,STORE-DEL-01,SKU-OIL-1L,11,160.00,0
2025-02-28,STORE-DEL-01,SKU-OIL-1L,7,160.00,0
2025-03-01,STORE-DEL-01,SKU-OIL-1L,19,160.00,0
2025-03-02,STORE-DEL-01,SKU-OIL-1L,7,160.00,0
2025-03-03,STORE-DEL-01,SKU-OIL-1L,34,160.00,0
2025-03-04,STORE-DEL-01,SKU-OIL-1L,6,160.00,0
2025-03-05,STORE-DEL-01,SKU-OIL-1L,2,160.00,0
2025-03-06,STORE-DEL-01,SKU-OIL-1L,7,160.00,0
2025-03-07,STORE-DEL-01,SKU-OIL-1L,2,160.00,0
2025-03-08,STORE-DEL-01,SKU-OIL-1L,14,160.00,1
2025-03-09,STORE-DEL-01,SKU-OIL-1L,8,160.00,0
2025-03-10,STORE-DEL-01,SKU-OIL-1L,35,160.00,0
2025-03-11,STORE-DEL-01,SKU-OIL-1L,0,160.00,0
2025-03-12,STORE-DEL-01,SKU-OIL-1L,67,160.00,0
2025-03-13,STORE-DEL-01,SKU-OIL-1L,10,160.00,0
2025-03-14,STORE-DEL-01,SKU-OIL-1L,19,160.00,0
2025-03-15,STORE-DEL-01,SKU-OIL-1L,11,160.00,0
2025-03-16,STORE-DEL-01,SKU-OIL-1L,7,160.00,0
2025-03-17,STORE-DEL-01,SKU-OIL-1L,11,160.00,0
2025-03-18,STORE-DEL-01,SKU-OIL-1L,4,160.00,0
2025-03-19,STORE-DEL-01,SKU-OIL-1L,1,160.00,0
2025-03-20,STORE-DEL-01,SKU-OIL-1L,5,160.00,0
2025-03-21,STORE-DEL-01,SKU-OIL-1L,0,160.00,0
2025-03-22,STORE-DEL-01,SKU-OIL-1L,10,160.00,1
2025-03-23,STORE-DEL-01,SKU-OIL-1L,19,160.00,0
2025-03-24,STORE-DEL-01,SKU-OIL-1L,26,160.00,0
2025-03-25,STORE-DEL-01,SKU-OIL-1L,22,160.00,0
2025-03-26,STORE-DEL-01,SKU-OIL-1L,20,160.00,0
2025-03-27,STORE-DEL-01,SKU-OIL-1L,17,160.00,0
2025-03-28,STORE-DEL-01,SKU-OIL-1L,23,160.00,0
2025-03-29,STORE-DEL-01,SKU-OIL-1L,21,160.00,0
2025-03-30,STORE-DEL-01,SKU-OIL-1L,12,160.00,0
2025-03-31,STORE-DEL-01,SKU-OIL-1L,0,160.00,0
2025-04-01,STORE-DEL-01,SKU-OIL-1L,0,160.00,0
2025-04-02,STORE-DEL-01,SKU-OIL-1L,47,160.00,1
2025-04-03,STORE-DEL-01,SKU-OIL-1L,12,160.00,1
2025-04-04,STORE-DEL-01,SKU-OIL-1L,36,160.00,0
2025-04-05,STORE-DEL-01,SKU-OIL-1L,59,160.00,0
2025-04-06,STORE-DEL-01,SKU-OIL-1L,138,160.00,0
2025-04-07,STORE-DEL-01,SKU-OIL-1L,0,160.00,1
2025-04-08,STORE-DEL-01,SKU-OIL-1L,19,160.00,0
2025-04-09,STORE-DEL-01,SKU-OIL-1L,1,160.00,0
2025-04-10,STORE-DEL-01,SKU-OIL-1L,4,160.00,0
2025-04-11,STORE-DEL-01,SKU-OIL-1L,27,160.00,0
2025-04-12,STORE-DEL-01,SKU-OIL-1L,15,160.00,0
2025-04-13,STORE-DEL-01,SKU-OIL-1L,7,160.00,0
2025-04-14,STORE-DEL-01,SKU-OIL-1L,32,160.00,0
2025-04-15,STORE-DEL-01,SKU-OIL-1L,41,160.00,0
2025-04-16,STORE-DEL-01,SKU-OIL-1L,3,160.00,1
2025-04-17,STORE-DEL-01,SKU-OIL-1L,11,160.00,0
2025-04-18,STORE-DEL-01,SKU-OIL-1L,8,160.00,0
2025-04-19,STORE-DEL-01,SKU-OIL-1L,6,160.00,0
2025-04-20,STORE-DEL-01,SKU-OIL-1L,17,160.00,0
2025-04-21,STORE-DEL-01,SKU-OIL-1L,15,160.00,0
2025-04-22,STORE-DEL-01,SKU-OIL-1L,17,160.00,0
2025-04-23,STORE-DEL-01,SKU-OIL-1L,0,160.00,0
2025-04-24,STORE-DEL-01,SKU-OIL-1L,9,160.00,0
2025-04-25,STORE-DEL-01,SKU-OIL-1L,6,160.00,0
2025-04-26,STORE-DEL-01,SKU-OIL-1L,10,160.00,0
2025-04-27,STORE-DEL-01,SKU-OIL-1L,9,160.00,0
2025-04-28,STORE-DEL-01,SKU-OIL-1L,11,160.00,0
2025-04-29,STORE-DEL-01,SKU-OIL-1L,5,160.00,0
2025-04-30,STORE-DEL-01,SKU-OIL-1L,10,160.00,0
2025-05-01,STORE-DEL-01,SKU-OIL-1L,10,160.00,0
2025-05-02,STORE-DEL-01,SKU-OIL-1L,0,160.00,0
2025-05-03,STORE-DEL-01,SKU-OIL-1L,37,160.00,0
2025-05-04,STORE-DEL-01,SKU-OIL-1L,12,160.00,0
2025-05-05,STORE-DEL-01,SKU-OIL-1L,9,160.00,0
2025-05-06,STORE-DEL-01,SKU-OIL-1L,20,160.00,0
2025-05-07,STORE-DEL-01,SKU-OIL-1L,5,160.00,0
2025-05-08,STORE-DEL-01,SKU-OIL-1L,13,160.00,0
2025-05-09,STORE-DEL-01,SKU-OIL-1L,4,160.00,0
2025-05-10,STORE-DEL-01,SKU-OIL-1L,13,160.00,0
2025-05-11,STORE-DEL-01,SKU-OIL-1L,16,160.00,0
2025-05-12,STORE-DEL-01,SKU-OIL-1L,0,160.00,0
2025-05-13,STORE-DEL-01,SKU-OIL-1L,13,160.00,0
2025-05-14,STORE-DEL-01,SKU-OIL-1L,0,160.00,0
2025-05-15,STORE-DEL-01,SKU-OIL-1L,19,160.00,0
2025-05-16,STORE-DEL-01,SKU-OIL-1L,22,160.00,0
2025-05-17,STORE-DEL-01,SKU-OIL-1L,0,160.00,0
2025-05-18,STORE-DEL-01,SKU-OIL-1L,34,160.00,1
2025-05-19,STORE-DEL-01,SKU-OIL-1L,5,160.00,0
2025-05-20,STORE-DEL-01,SKU-OIL-1L,19,160.00,0
2025-05-21,STORE-DEL-01,SKU-OIL-1L,38,160.00,0
2025-05-22,STORE-DEL-01,SKU-OIL-1L,2,160.00,0
2025-05-23,STORE-DEL-01,SKU-OIL-1L,49,160.00,0
2025-05-24,STORE-DEL-01,SKU-OIL-1L,26,160.00,0
2025-05-25,STORE-DEL-01,SKU-OIL-1L,15,160.00,0
2025-05-26,STORE-DEL-01,SKU-OIL-1L,4,160.00,1
2025-05-27,STORE-DEL-01,SKU-OIL-1L,13,160.00,0
2025-05-28,STORE-DEL-01,SKU-OIL-1L,1,160.00,0
2025-05-29,STORE-DEL-01,SKU-OIL-1L,29,160.00,0
2025-05-30,STORE-DEL-01,SKU-OIL-1L,54,160.00,0
2025-05-31,STORE-DEL-01,SKU-OIL-1L,8,160.00,0
2025-06-01,STORE-DEL-01,SKU-OIL-1L,17,160.00,0
2025-06-02,STORE-DEL-01,SKU-OIL-1L,12,160.00,0
2025-06-03,STORE-DEL-01,SKU-OIL-1L,2,160.00,0
2025-06-04,STORE-DEL-01,SKU-OIL-1L,0,160.00,0
2025-06-05,STORE-DEL-01,SKU-OIL-1L,23,160.00,0
2025-06-06,STORE-DEL-01,SKU-OIL-1L,43,160.00,0
2025-06-07,STORE-DEL-01,SKU-OIL-1L,12,160.00,0
2025-06-08,STORE-DEL-01,SKU-OIL-1L,109,160.00,0
2025-06-09,STORE-DEL-01,SKU-OIL-1L,24,160.00,0
2025-06-10,STORE-DEL-01,SKU-OIL-1L,16,160.00,0
2025-06-11,STORE-DEL-01,SKU-OIL-1L,8,160.00,0
2025-06-12,STORE-DEL-01,SKU-OIL-1L,11,160.00,0
2025-06-13,STORE-DEL-01,SKU-OIL-1L,0,160.00,0
2025-06-14,STORE-DEL-01,SKU-OIL-1L,6,160.00,1
2025-06-15,STORE-DEL-01,SKU-OIL-1L,7,160.00,0
2025-06-16,STORE-DEL-01,SKU-OIL-1L,19,160.00,0
2025-06-17,STORE-DEL-01,SKU-OIL-1L,0,160.00,0
2025-06-18,STORE-DEL-01,SKU-OIL-1L,32,160.00,0
2025-06-19,STORE-DEL-01,SKU-OIL-1L,19,160.00,0
2025-06-20,STORE-DEL-01,SKU-OIL-1L,9,160.00,0
2025-06-21,STORE-DEL-01,SKU-OIL-1L,33,160.00,0
2025-06-22,STORE-DEL-01,SKU-OIL-1L,23,160.00,0
2025-06-23,STORE-DEL-01,SKU-OIL-1L,34,160.00,0
2025-06-24,STORE-DEL-01,SKU-OIL-1L,0,160.00,0
2025-06-25,STORE-DEL-01,SKU-OIL-1L,0,160.00,0
2025-06-26,STORE-DEL-01,SKU-OIL-1L,7,160.00,0
2025-06-27,STORE-DEL-01,SKU-OIL-1L,12,160.00,0
2025-06-28,STORE-DEL-01,SKU-OIL-1L,9,160.00,0
2025-06-29,STORE-DEL-01,SKU-OIL-1L,4,160.00,0
2025-06-30,STORE-DEL-01,SKU-OIL-1L,20,160.00,0
2025-07-01,STORE-DEL-01,SKU-OIL-1L,18,160.00,0
2025-07-02,STORE-DEL-01,SKU-OIL-1L,1,160.00,0
2025-07-03,STORE-DEL-01,SKU-OIL-1L,17,160.00,0
2025-07-04,STORE-DEL-01,SKU-OIL-1L,6,160.00,0
2025-07-05,STORE-DEL-01,SKU-OIL-1L,35,160.00,0
2025-07-06,STORE-DEL-01,SKU-OIL-1L,3,160.00,0
2025-07-07,STORE-DEL-01,SKU-OIL-1L,30,160.00,1
2025-07-08,STORE-DEL-01,SKU-OIL-1L,1,160.00,0
2025-07-09,STORE-DEL-01,SKU-OIL-1L,0,160.00,0
2025-07-10,STORE-DEL-01,SKU-OIL-1L,0,160.00,0
2025-07-11,STORE-DEL-01,SKU-OIL-1L,1,160.00,1
2025-07-12,STORE-DEL-01,SKU-OIL-1L,14,160.00,0
2025-07-13,STORE-DEL-01,SKU-OIL-1L,5,160.00,0
2025-07-14,STORE-DEL-01,SKU-OIL-1L,9,160.00,0
2025-07-15,STORE-DEL-01,SKU-OIL-1L,11,160.00,0
2025-07-16,STORE-DEL-01,SKU-OIL-1L,12,160.00,0
2025-07-17,STORE-DEL-01,SKU-OIL-1L,0,160.00,0
2025-07-18,STORE-DEL-01,SKU-OIL-1L,0,160.00,0
2025-07-19,STORE-DEL-01,SKU-OIL-1L,44,160.00,0
2025-07-20,STORE-DEL-01,SKU-OIL-1L,17,160.00,1
2025-07-21,STORE-DEL-01,SKU-OIL-1L,15,160.00,0
2025-07-22,STORE-DEL-01,SKU-OIL-1L,0,160.00,0
2025-07-23,STORE-DEL-01,SKU-OIL-1L,18,160.00,0
2025-07-24,STORE-DEL-01,SKU-OIL-1L,4,160.00,0
2025-07-25,STORE-DEL-01,SKU-OIL-1L,13,160.00,0
2025-07-26,STORE-DEL-01,SKU-OIL-1L,50,160.00,0
2025-07-27,STORE-DEL-01,SKU-OIL-1L,11,160.00,0
2025-07-28,STORE-DEL-01,SKU-OIL-1L,4,160.00,0
2025-07-29,STORE-DEL-01,SKU-OIL-1L,2,160.00,0
2025-07-30,STORE-DEL-01,SKU-OIL-1L,6,160.00,0
2025-07-31,STORE-DEL-01,SKU-OIL-1L,14,160.00,1
2025-08-01,STORE-DEL-01,SKU-OIL-1L,5,160.00,0
2025-08-02,STORE-DEL-01,SKU-OIL-1L,0,160.00,0
2025-08-03,STORE-DEL-01,SKU-OIL-1L,46,160.00,0
2025-08-04,STORE-DEL-01,SKU-OIL-1L,4,160.00,0
2025-08-05,STORE-DEL-01,SKU-OIL-1L,42,160.00,0
2025-08-06,STORE-DEL-01,SKU-OIL-1L,29,160.00,1
2025-08-07,STORE-DEL-01,SKU-OIL-1L,8,160.00,0
2025-08-08,STORE-DEL-01,SKU-OIL-1L,122,160.00,1
2025-08-09,STORE-DEL-01,SKU-OIL-1L,45,160.00,0
2025-08-10,STORE-DEL-01,SKU-OIL-1L,13,160.00,0
2025-08-11,STORE-DEL-01,SKU-OIL-1L,5,160.00,0
2025-08-12,STORE-DEL-01,SKU-OIL-1L,3,160.00,0
2025-08-13,STORE-DEL-01,SKU-OIL-1L,25,160.00,0
2025-08-14,STORE-DEL-01,SKU-OIL-1L,1,160.00,1
2025-08-15,STORE-DEL-01,SKU-OIL-1L,10,160.00,0
2025-08-16,STORE-DEL-01,SKU-OIL-1L,21,160.00,0
2025-08-17,STORE-DEL-01,SKU-OIL-1L,83,160.00,0
2025-08-18,STORE-DEL-01,SKU-OIL-1L,4,160.00,0
2025-08-19,STORE-DEL-01,SKU-OIL-1L,0,160.00,0
2025-08-20,STORE-DEL-01,SKU-OIL-1L,14,160.00,1
2025-08-21,STORE-DEL-01,SKU-OIL-1L,5,160.00,0
2025-08-22,STORE-DEL-01,SKU-OIL-1L,7,160.00,0
2025-08-23,STORE-DEL-01,SKU-OIL-1L,4,160.00,0
2025-08-24,STORE-DEL-01,SKU-OIL-1L,14,160.00,0
2025-08-25,STORE-DEL-01,SKU-OIL-1L,11,160.00,0
2025-08-26,STORE-DEL-01,SKU-OIL-1L,18,160.00,0
2025-08-27,STORE-DEL-01,SKU-OIL-1L,1,160.00,0
2025-08-28,STORE-DEL-01,SKU-OIL-1L,19,160.00,0
2025-08-29,STORE-DEL-01,SKU-OIL-1L,7,160.00,0
2025-08-30,STORE-DEL-01,SKU-OIL-1L,22,160.00,0
2025-08-31,STORE-DEL-01,SKU-OIL-1L,10,160.00,1
2025-09-01,STORE-DEL-01,SKU-OIL-1L,2,160.00,0
2025-09-02,STORE-DEL-01,SKU-OIL-1L,6,160.00,0
2025-09-03,STORE-DEL-01,SKU-OIL-1L,49,160.00,0
2025-09-04,STORE-DEL-01,SKU-OIL-1L,2,160.00,0
2025-09-05,STORE-DEL-01,SKU-OIL-1L,11,160.00,0
2025-09-06,STORE-DEL-01,SKU-OIL-1L,0,160.00,0
2025-09-07,STORE-DEL-01,SKU-OIL-1L,0,160.00,0
2025-09-08,STORE-DEL-01,SKU-OIL-1L,14,160.00,0
2025-09-09,STORE-DEL-01,SKU-OIL-1L,6,160.00,0
2025-09-10,STORE-DEL-01,SKU-OIL-1L,13,160.00,0
2025-09-11,STORE-DEL-01,SKU-OIL-1L,7,160.00,1
2025-09-12,STORE-DEL-01,SKU-OIL-1L,4,160.00,0
2025-09-13,STORE-DEL-01,SKU-OIL-1L,0,160.00,0
2025-09-14,STORE-DEL-01,SKU-OIL-1L,5,160.00,0
2025-09-15,STORE-DEL-01,SKU-OIL-1L,0,160.00,0
2025-09-16,STORE-DEL-01,SKU-OIL-1L,6,160.00,0
2025-09-17,STORE-DEL-01,SKU-OIL-1L,8,160.00,1
2025-09-18,STORE-DEL-01,SKU-OIL-1L,12,160.00,0
2025-09-19,STORE-DEL-01,SKU-OIL-1L,8,160.00,0
2025-09-20,STORE-DEL-01,SKU-OIL-1L,22,160.00,0
2025-09-21,STORE-DEL-01,SKU-OIL-1L,5,160.00,0
2025-09-22,STORE-DEL-01,SKU-OIL-1L,2,160.00,0
2025-09-23,STORE-DEL-01,SKU-OIL-1L,22,160.00,0
2025-09-24,STORE-DEL-01,SKU-OIL-1L,10,160.00,0
2025-09-25,STORE-DEL-01,SKU-OIL-1L,50,160.00,0
2025-09-26,STORE-DEL-01,SKU-OIL-1L,0,160.00,0
2025-09-27,STORE-DEL-01,SKU-OIL-1L,11,160.00,0
2025-09-28,STORE-DEL-01,SKU-OIL-1L,7,160.00,0
2025-09-29,STORE-DEL-01,SKU-OIL-1L,10,160.00,0
2025-09-30,STORE-DEL-01,SKU-OIL-1L,5,160.00,0
2025-10-01,STORE-DEL-01,SKU-OIL-1L,6,160.00,0
2025-10-02,STORE-DEL-01,SKU-OIL-1L,6,160.00,0
2025-10-03,STORE-DEL-01,SKU-OIL-1L,10,160.00,0
2025-10-04,STORE-DEL-01,SKU-OIL-1L,52,160.00,0
2025-10-05,STORE-DEL-01,SKU-OIL-1L,7,160.00,0
2025-10-06,STORE-DEL-01,SKU-OIL-1L,10,160.00,0
2025-10-07,STORE-DEL-01,SKU-OIL-1L,8,160.00,0
2025-10-08,STORE-DEL-01,SKU-OIL-1L,10,160.00,1
2025-10-09,STORE-DEL-01,SKU-OIL-1L,20,160.00,1
2025-10-10,STORE-DEL-01,SKU-OIL-1L,1,160.00,0
2025-10-11,STORE-DEL-01,SKU-OIL-1L,10,160.00,0
2025-10-12,STORE-DEL-01,SKU-OIL-1L,21,160.00,1
2025-10-13,STORE-DEL-01,SKU-OIL-1L,5,160.00,0
2025-10-14,STORE-DEL-01,SKU-OIL-1L,35,160.00,0
2025-10-15,STORE-DEL-01,SKU-OIL-1L,7,160.00,0
2025-10-16,STORE-DEL-01,SKU-OIL-1L,2,160.00,0
2025-10-17,STORE-DEL-01,SKU-OIL-1L,5,160.00,0
2025-10-18,STORE-DEL-01,SKU-OIL-1L,12,160.00,1
2025-10-19,STORE-DEL-01,SKU-OIL-1L,18,160.00,0
2025-10-20,STORE-DEL-01,SKU-OIL-1L,21,160.00,0
2025-10-21,STORE-DEL-01,SKU-OIL-1L,38,160.00,0
2025-10-22,STORE-DEL-01,SKU-OIL-1L,42,160.00,0
2025-10-23,STORE-DEL-01,SKU-OIL-1L,59,160.00,1
2025-10-24,STORE-DEL-01,SKU-OIL-1L,6,160.00,0
2025-10-25,STORE-DEL-01,SKU-OIL-1L,30,160.00,0
2025-10-26,STORE-DEL-01,SKU-OIL-1L,5,160.00,0
2025-10-27,STORE-DEL-01,SKU-OIL-1L,23,160.00,1
2025-10-28,STORE-DEL-01,SKU-OIL-1L,20,160.00,0
2025-10-29,STORE-DEL-01,SKU-OIL-1L,2,160.00,0
2025-10-30,STORE-DEL-01,SKU-OIL-1L,7,160.00,1
2025-10-31,STORE-DEL-01,SKU-OIL-1L,6,160.00,1
2025-11-01,STORE-DEL-01,SKU-OIL-1L,6,160.00,0
2025-11-02,STORE-DEL-01,SKU-OIL-1L,22,160.00,0
2025-11-03,STORE-DEL-01,SKU-OIL-1L,20,160.00,0
2025-11-04,STORE-DEL-01,SKU-OIL-1L,13,160.00,0
2025-11-05,STORE-DEL-01,SKU-OIL-1L,10,160.00,0
2025-11-06,STORE-DEL-01,SKU-OIL-1L,26,160.00,0
2025-11-07,STORE-DEL-01,SKU-OIL-1L,10,160.00,0
2025-11-08,STORE-DEL-01,SKU-OIL-1L,0,160.00,0
2025-11-09,STORE-DEL-01,SKU-OIL-1L,13,160.00,0
2025-11-10,STORE-DEL-01,SKU-OIL-1L,6,160.00,0
2025-11-11,STORE-DEL-01,SKU-OIL-1L,7,160.00,0
2025-11-12,STORE-DEL-01,SKU-OIL-1L,24,160.00,0
2025-11-13,STORE-DEL-01,SKU-OIL-1L,1,160.00,0
2025-11-14,STORE-DEL-01,SKU-OIL-1L,50,160.00,0
2025-11-15,STORE-DEL-01,SKU-OIL-1L,7,160.00,0
2025-11-16,STORE-DEL-01,SKU-OIL-1L,14,160.00,0
2025-11-17,STORE-DEL-01,SKU-OIL-1L,0,160.00,0
2025-11-18,STORE-DEL-01,SKU-OIL-1L,3,160.00,0
2025-11-19,STORE-DEL-01,SKU-OIL-1L,0,160.00,0
2025-11-20,STORE-DEL-01,SKU-OIL-1L,5,160.00,0
2025-11-21,STORE-DEL-01,SKU-OIL-1L,9,160.00,0
2025-11-22,STORE-DEL-01,SKU-OIL-1L,0,160.00,0
2025-11-23,STORE-DEL-01,SKU-OIL-1L,84,160.00,0
2025-11-24,STORE-DEL-01,SKU-OIL-1L,14,160.00,0
2025-11-25,STORE-DEL-01,SKU-OIL-1L,0,160.00,0
2025-11-26,STORE-DEL-01,SKU-OIL-1L,0,160.00,0
2025-11-27,STORE-DEL-01,SKU-OIL-1L,0,160.00,0
2025-11-28,STORE-DEL-01,SKU-OIL-1L,15,160.00,0
2025-11-29,STORE-DEL-01,SKU-OIL-1L,6,160.00,0
2025-11-30,STORE-DEL-01,SKU-OIL-1L,4,160.00,1
2025-12-01,STORE-DEL-01,SKU-OIL-1L,5,160.00,0
2025-12-02,STORE-DEL-01,SKU-OIL-1L,38,160.00,0
2025-12-03,STORE-DEL-01,SKU-OIL-1L,13,160.00,0
2025-12-04,STORE-DEL-01,SKU-OIL-1L,8,160.00,0
2025-12-05,STORE-DEL-01,SKU-OIL-1L,0,160.00,0
2025-12-06,STORE-DEL-01,SKU-OIL-1L,8,160.00,0
2025-12-07,STORE-DEL-01,SKU-OIL-1L,6,160.00,0
2025-12-08,STORE-DEL-01,SKU-OIL-1L,0,160.00,0
2025-12-09,STORE-DEL-01,SKU-OIL-1L,11,160.00,0
2025-12-10,STORE-DEL-01,SKU-OIL-1L,37,160.00,0
2025-12-11,STORE-DEL-01,SKU-OIL-1L,26,160.00,0
2025-12-12,STORE-DEL-01,SKU-OIL-1L,22,160.00,1
2025-12-13,STORE-DEL-01,SKU-OIL-1L,0,160.00,0
2025-12-14,STORE-DEL-01,SKU-OIL-1L,12,160.00,0
2025-12-15,STORE-DEL-01,SKU-OIL-1L,7,160.00,0
2025-12-16,STORE-DEL-01,SKU-OIL-1L,20,160.00,1
2025-12-17,STORE-DEL-01,SKU-OIL-1L,0,160.00,0
2025-12-18,STORE-DEL-01,SKU-OIL-1L,5,160.00,0
2025-12-19,STORE-DEL-01,SKU-OIL-1L,10,160.00,0
2025-12-20,STORE-DEL-01,SKU-OIL-1L,20,160.00,1
2025-12-21,STORE-DEL-01,SKU-OIL-1L,2,160.00,0
2025-12-22,STORE-DEL-01,SKU-OIL-1L,26,160.00,1
2025-12-23,STORE-DEL-01,SKU-OIL-1L,6,160.00,0
2025-12-24,STORE-DEL-01,SKU-OIL-1L,24,160.00,0
2025-12-25,STORE-DEL-01,SKU-OIL-1L,0,160.00,0
2025-12-26,STORE-DEL-01,SKU-OIL-1L,7,160.00,0
2025-12-27,STORE-DEL-01,SKU-OIL-1L,12,160.00,0
2025-12-28,STORE-DEL-01,SKU-OIL-1L,4,160.00,0
2025-12-29,STORE-DEL-01,SKU-OIL-1L,15,160.00,0
2025-12-30,STORE-DEL-01,SKU-OIL-1L,6,160.00,0
2024-01-01,STORE-DEL-01,SKU-SHAMPOO-S,0,3.00,0
2024-01-02,STORE-DEL-01,SKU-SHAMPOO-S,0,3.00,0
2024-01-03,STORE-DEL-01,SKU-SHAMPOO-S,0,3.00,0
2024-01-04,STORE-DEL-01,SKU-SHAMPOO-S,0,3.00,0
2024-01-05,STORE-DEL-01,SKU-SHAMPOO-S,4,3.00,0
2024-01-06,STORE-DEL-01,SKU-SHAMPOO-S,0,3.00,0
2024-01-07,STORE-DEL-01,SKU-SHAMPOO-S,0,3.00,0
2024-01-08,STORE-DEL-01,SKU-SHAMPOO-S,0,3.00,0
2024-01-09,STORE-DEL-01,SKU-SHAMPOO-S,0,3.00,0
2024-01-10,STORE-DEL-01,SKU-SHAMPOO-S,3,3.00,0
2024-01-11,STORE-DEL-01,SKU-SHAMPOO-S,4,3.00,0
2024-01-12,STORE-DEL-01,SKU-SHAMPOO-S,0,3.00,0
2024-01-13,STORE-DEL-01,SKU-SHAMPOO-S,0,3.00,0
2024-01-14,STORE-DEL-01,SKU-SHAMPOO-S,5,3.00,0
2024-01-15,STORE-DEL-01,SKU-SHAMPOO-S,0,3.00,0
2024-01-16,STORE-DEL-01,SKU-SHAMPOO-S,0,3.00,0
2024-01-17,STORE-DEL-01,SKU-SHAMPOO-S,0,3.00,0
2024-01-18,STORE-DEL-01,SKU-SHAMPOO-S,2,3.00,0
2024-01-19,STORE-DEL-01,SKU-SHAMPOO-S,4,3.00,0
2024-01-20,STORE-DEL-01,SKU-SHAMPOO-S,0,3.00,0
2024-01-21,STORE-DEL-01,SKU-SHAMPOO-S,2,3.00,0
2024-01-22,STORE-DEL-01,SKU-SHAMPOO-S,5,3.00,0
2024-01-23,STORE-DEL-01,SKU-SHAMPOO-S,0,3.00,0
2024-01-24,STORE-DEL-01,SKU-SHAMPOO-S,0,3.00,0
2024-01-25,STORE-DEL-01,SKU-SHAMPOO-S,6,3.00,0
2024-01-26,STORE-DEL-01,SKU-SHAMPOO-S,7,3.00,0
2024-01-27,STORE-DEL-01,SKU-SHAMPOO-S,0,3.00,0
2024-01-28,STORE-DEL-01,SKU-SHAMPOO-S,5,3.00,0
2024-01-29,STORE-DEL-01,SKU-SHAMPOO-S,3,3.00,0
2024-01-30,STORE-DEL-01,SKU-SHAMPOO-S,0,3.00,0
2024-01-31,STORE-DEL-01,SKU-SHAMPOO-S,0,3.00,0
2024-02-01,STORE-DEL-01,SKU-SHAMPOO-S,10,3.00,0
2024-02-02,STORE-DEL-01,SKU-SHAMPOO-S,4,3.00,0
2024-02-03,STORE-DEL-01,SKU-SHAMPOO-S,2,3.00,0
2024-02-04,STORE-DEL-01,SKU-SHAMPOO-S,10,3.00,1
2024-02-05,STORE-DEL-01,SKU-SHAMPOO-S,6,3.00,0
2024-02-06,STORE-DEL-01,SKU-SHAMPOO-S,2,3.00,0
2024-02-07,STORE-DEL-01,SKU-SHAMPOO-S,0,3.00,0
2024-02-08,STORE-DEL-01,SKU-SHAMPOO-S,8,3.00,0
2024-02-09,STORE-DEL-01,SKU-SHAMPOO-S,4,3.00,0
2024-02-10,STORE-DEL-01,SKU-SHAMPOO-S,9,3.00,0
2024-02-11,STORE-DEL-01,SKU-SHAMPOO-S,0,3.00,0
2024-02-12,STORE-DEL-01,SKU-SHAMPOO-S,0,3.00,0
2024-02-13,STORE-DEL-01,SKU-SHAMPOO-S,6,3.00,0
2024-02-14,STORE-DEL-01,SKU-SHAMPOO-S,0,3.00,0
2024-02-15,STORE-DEL-01,SKU-SHAMPOO-S,2,3.00,0
2024-02-16,STORE-DEL-01,SKU-SHAMPOO-S,0,3.00,0
2024-02-17,STORE-DEL-01,SKU-SHAMPOO-S,0,3.00,0
2024-02-18,STORE-DEL-01,SKU-SHAMPOO-S,4,3.00,0
2024-02-19,STORE-DEL-01,SKU-SHAMPOO-S,4,3.00,0
2024-02-20,STORE-DEL-01,SKU-SHAMPOO-S,0,3.00,0
2024-02-21,STORE-DEL-01,SKU-SHAMPOO-S,2,3.00,0
2024-02-22,STORE-DEL-01,SKU-SHAMPOO-S,9,3.00,0
2024-02-23,STORE-DEL-01,SKU-SHAMPOO-S,6,3.00,0
2024-02-24,STORE-DEL-01,SKU-SHAMPOO-S,0,3.00,0
2024-02-25,STORE-DEL-01,SKU-SHAMPOO-S,0,3.00,0
2024-02-26,STORE-DEL-01,SKU-SHAMPOO-S,0,3.00,0
2024-02-27,STORE-DEL-01,SKU-SHAMPOO-S,7,3.00,0
2024-02-28,STORE-DEL-01,SKU-SHAMPOO-S,2,3.00,0
2024-02-29,STORE-DEL-01,SKU-SHAMPOO-S,7,3.00,0
2024-03-01,STORE-DEL-01,SKU-SHAMPOO-S,0,3.00,0
2024-03-02,STORE-DEL-01,SKU-SHAMPOO-S,5,3.00,0
2024-03-03,STORE-DEL-01,SKU-SHAMPOO-S,0,3.00,1
2024-03-04,STORE-DEL-01,SKU-SHAMPOO-S,0,3.00,0
2024-03-05,STORE-DEL-01,SKU-SHAMPOO-S,0,3.00,0
2024-03-06,STORE-DEL-01,SKU-SHAMPOO-S,3,3.00,0
2024-03-07,STORE-DEL-01,SKU-SHAMPOO-S,0,3.00,0
2024-03-08,STORE-DEL-01,SKU-SHAMPOO-S,0,3.00,0
2024-03-09,STORE-DEL-01,SKU-SHAMPOO-S,8,3.00,0
2024-03-10,STORE-DEL-01,SKU-SHAMPOO-S,3,3.00,0
2024-03-11,STORE-DEL-01,SKU-SHAMPOO-S,0,3.00,0
2024-03-12,STORE-DEL-01,SKU-SHAMPOO-S,10,3.00,0
2024-03-13,STORE-DEL-01,SKU-SHAMPOO-S,0,3.00,0
2024-03-14,STORE-DEL-01,SKU-SHAMPOO-S,0,3.00,0
2024-03-15,STORE-DEL-01,SKU-SHAMPOO-S,0,3.00,0
2024-03-16,STORE-DEL-01,SKU-SHAMPOO-S,2,3.00,0
2024-03-17,STORE-DEL-01,SKU-SHAMPOO-S,0,3.00,0
2024-03-18,STORE-DEL-01,SKU-SHAMPOO-S,0,3.00,0
2024-03-19,STORE-DEL-01,SKU-SHAMPOO-S,0,3.00,0
2024-03-20,STORE-DEL-01,SKU-SHAMPOO-S,6,3.00,0
2024-03-21,STORE-DEL-01,SKU-SHAMPOO-S,0,3.00,0
2024-03-22,STORE-DEL-01,SKU-SHAMPOO-S,3,3.00,0
2024-03-23,STORE-DEL-01,SKU-SHAMPOO-S,0,3.00,0
2024-03-24,STORE-DEL-01,SKU-SHAMPOO-S,8,3.00,0
2024-03-25,STORE-DEL-01,SKU-SHAMPOO-S,19,3.00,0
2024-03-26,STORE-DEL-01,SKU-SHAMPOO-S,0,3.00,0
2024-03-27,STORE-DEL-01,SKU-SHAMPOO-S,0,3.00,0
2024-03-28,STORE-DEL-01,SKU-SHAMPOO-S,5,3.00,0
2024-03-29,STORE-DEL-01,SKU-SHAMPOO-S,0,3.00,0
2024-03-30,STORE-DEL-01,SKU-SHAMPOO-S,0,3.00,0
2024-03-31,STORE-DEL-01,SKU-SHAMPOO-S,5,3.00,0
2024-04-01,STORE-DEL-01,SKU-SHAMPOO-S,0,3.00,0
2024-04-02,STORE-DEL-01,SKU-SHAMPOO-S,0,3.00,0
2024-04-03,STORE-DEL-01,SKU-SHAMPOO-S,0,3.00,0
2024-04-04,STORE-DEL-01,SKU-SHAMPOO-S,4,3.00,0
2024-04-05,STORE-DEL-01,SKU-SHAMPOO-S,7,3.00,0
2024-04-06,STORE-DEL-01,SKU-SHAMPOO-S,17,3.00,1
2024-04-07,STORE-DEL-01,SKU-SHAMPOO-S,3,3.00,0
2024-04-08,STORE-DEL-01,SKU-SHAMPOO-S,0,3.00,0
2024-04-09,STORE-DEL-01,SKU-SHAMPOO-S,0,3.00,1
2024-04-10,STORE-DEL-01,SKU-SHAMPOO-S,0,3.00,0
2024-04-11,STORE-DEL-01,SKU-SHAMPOO-S,5,3.00,0
2024-04-12,STORE-DEL-01,SKU-SHAMPOO-S,0,3.00,1
2024-04-13,STORE-DEL-01,SKU-SHAMPOO-S,0,3.00,0
2024-04-14,STORE-DEL-01,SKU-SHAMPOO-S,4,3.00,0
2024-04-15,STORE-DEL-01,SKU-SHAMPOO-S,4,3.00,0
2024-04-16,STORE-DEL-01,SKU-SHAMPOO-S,10,3.00,0
2024-04-17,STORE-DEL-01,SKU-SHAMPOO-S,6,3.00,0
2024-04-18,STORE-DEL-01,SKU-SHAMPOO-S,0,3.00,0
2024-04-19,STORE-DEL-01,SKU-SHAMPOO-S,7,3.00,0
2024-04-20,STORE-DEL-01,SKU-SHAMPOO-S,4,3.00,0
2024-04-21,STORE-DEL-01,SKU-SHAMPOO-S,0,3.00,0
2024-04-22,STORE-DEL-01,SKU-SHAMPOO-S,6,3.00,0
2024-04-23,STORE-DEL-01,SKU-SHAMPOO-S,6,3.00,0
2024-04-24,STORE-DEL-01,SKU-SHAMPOO-S,6,3.00,0
2024-04-25,STORE-DEL-01,SKU-SHAMPOO-S,0,3.00,1
2024-04-26,STORE-DEL-01,SKU-SHAMPOO-S,0,3.00,0
2024-04-27,STORE-DEL-01,SKU-SHAMPOO-S,0,3.00,0
2024-04-28,STORE-DEL-01,SKU-SHAMPOO-S,5,3.00,0
2024-04-29,STORE-DEL-01,SKU-SHAMPOO-S,0,3.00,0
2024-04-30,STORE-DEL-01,SKU-SHAMPOO-S,0,3.00,0
2024-05-01,STORE-DEL-01,SKU-SHAMPOO-S,12,3.00,0
2024-05-02,STORE-DEL-01,SKU-SHAMPOO-S,5,3.00,0
2024-05-03,STORE-DEL-01,SKU-SHAMPOO-S,3,3.00,0
2024-05-04,STORE-DEL-01,SKU-SHAMPOO-S,1,3.00,0
2024-05-05,STORE-DEL-01,SKU-SHAMPOO-S,0,3.00,0
2024-05-06,STORE-DEL-01,SKU-SHAMPOO-S,2,3.00,0
2024-05-07,STORE-DEL-01,SKU-SHAMPOO-S,2,3.00,0
2024-05-08,STORE-DEL-01,SKU-SHAMPOO-S,0,3.00,1
2024-05-09,STORE-DEL-01,SKU-SHAMPOO-S,0,3.00,0
2024-05-10,STORE-DEL-01,SKU-SHAMPOO-S,0,3.00,0
2024-05-11,STORE-DEL-01,SKU-SHAMPOO-S,6,3.00,0
2024-05-12,STORE-DEL-01,SKU-SHAMPOO-S,3,3.00,0
2024-05-13,STORE-DEL-01,SKU-SHAMPOO-S,0,3.00,0
2024-05-14,STORE-DEL-01,SKU-SHAMPOO-S,10,3.00,0
2024-05-15,STORE-DEL-01,SKU-SHAMPOO-S,5,3.00,0
2024-05-16,STORE-DEL-01,SKU-SHAMPOO-S,8,3.00,0
2024-05-17,STORE-DEL-01,SKU-SHAMPOO-S,0,3.00,0
2024-05-18,STORE-DEL-01,SKU-SHAMPOO-S,0,3.00,0
2024-05-19,STORE-DEL-01,SKU-SHAMPOO-S,0,3.00,0
2024-05-20,STORE-DEL-01,SKU-SHAMPOO-S,0,3.00,0
2024-05-21,STORE-DEL-01,SKU-SHAMPOO-S,0,3.00,0
2024-05-22,STORE-DEL-01,SKU-SHAMPOO-S,0,3.00,0
2024-05-23,STORE-DEL-01,SKU-SHAMPOO-S,0,3.00,0
2024-05-24,STORE-DEL-01,SKU-SHAMPOO-S,3,3.00,0
2024-05-25,STORE-DEL-01,SKU-SHAMPOO-S,0,3.00,0
2024-05-26,STORE-DEL-01,SKU-SHAMPOO-S,0,3.00,0
2024-05-27,STORE-DEL-01,SKU-SHAMPOO-S,0,3.00,0
2024-05-28,STORE-DEL-01,SKU-SHAMPOO-S,0,3.00,0
2024-05-29,STORE-DEL-01,SKU-SHAMPOO-S,0,3.00,0
2024-05-30,STORE-DEL-01,SKU-SHAMPOO-S,8,3.00,0
2024-05-31,STORE-DEL-01,SKU-SHAMPOO-S,0,3.00,0
2024-06-01,STORE-DEL-01,SKU-SHAMPOO-S,0,3.00,0
2024-06-02,STORE-DEL-01,SKU-SHAMPOO-S,8,3.00,0
2024-06-03,STORE-DEL-01,SKU-SHAMPOO-S,5,3.00,0
2024-06-04,STORE-DEL-01,SKU-SHAMPOO-S,0,3.00,0
2024-06-05,STORE-DEL-01,SKU-SHAMPOO-S,0,3.00,0
2024-06-06,STORE-DEL-01,SKU-SHAMPOO-S,0,3.00,0
2024-06-07,STORE-DEL-01,SKU-SHAMPOO-S,0,3.00,0
2024-06-08,STORE-DEL-01,SKU-SHAMPOO-S,5,3.00,0
2024-06-09,STORE-DEL-01,SKU-SHAMPOO-S,3,3.00,0
2024-06-10,STORE-DEL-01,SKU-SHAMPOO-S,4,3.00,1
2024-06-11,STORE-DEL-01,SKU-SHAMPOO-S,0,3.00,1
2024-06-12,STORE-DEL-01,SKU-SHAMPOO-S,0,3.00,0
2024-06-13,STORE-DEL-01,SKU-SHAMPOO-S,0,3.00,0
2024-06-14,STORE-DEL-01,SKU-SHAMPOO-S,2,3.00,0
2024-06-15,STORE-DEL-01,SKU-SHAMPOO-S,0,3.00,0
2024-06-16,STORE-DEL-01,SKU-SHAMPOO-S,0,3.00,0
2024-06-17,STORE-DEL-01,SKU-SHAMPOO-S,0,3.00,0
2024-06-18,STORE-DEL-01,SKU-SHAMPOO-S,8,3.00,0
2024-06-19,STORE-DEL-01,SKU-SHAMPOO-S,1,3.00,0
2024-06-20,STORE-DEL-01,SKU-SHAMPOO-S,0,3.00,0
2024-06-21,STORE-DEL-01,SKU-SHAMPOO-S,0,3.00,0
2024-06-22,STORE-DEL-01,SKU-SHAMPOO-S,6,3.00,0
2024-06-23,STORE-DEL-01,SKU-SHAMPOO-S,4,3.00,0
2024-06-24,STORE-DEL-01,SKU-SHAMPOO-S,6,3.00,0
2024-06-25,STORE-DEL-01,SKU-SHAMPOO-S,0,3.00,0
2024-06-26,STORE-DEL-01,SKU-SHAMPOO-S,0,3.00,0
2024-06-27,STORE-DEL-01,SKU-SHAMPOO-S,0,3.00,0
2024-06-28,STORE-DEL-01,SKU-SHAMPOO-S,0,3.00,0
2024-06-29,STORE-DEL-01,SKU-SHAMPOO-S,2,3.00,0
2024-06-30,STORE-DEL-01,SKU-SHAMPOO-S,0,3.00,0
2024-07-01,STORE-DEL-01,SKU-SHAMPOO-S,0,3.00,0
2024-07-02,STORE-DEL-01,SKU-SHAMPOO-S,3,3.00,0
2024-07-03,STORE-DEL-01,SKU-SHAMPOO-S,0,3.00,0
2024-07-04,STORE-DEL-01,SKU-SHAMPOO-S,6,3.00,0
2024-07-05,STORE-DEL-01,SKU-SHAMPOO-S,0,3.00,0
2024-07-06,STORE-DEL-01,SKU-SHAMPOO-S,0,3.00,0
2024-07-07,STORE-DEL-01,SKU-SHAMPOO-S,4,3.00,0
2024-07-08,STORE-DEL-01,SKU-SHAMPOO-S,0,3.00,0
2024-07-09,STORE-DEL-01,SKU-SHAMPOO-S,3,3.00,0
2024-07-10,STORE-DEL-01,SKU-SHAMPOO-S,5,3.00,0
2024-07-11,STORE-DEL-01,SKU-SHAMPOO-S,0,3.00,0
2024-07-12,STORE-DEL-01,SKU-SHAMPOO-S,12,3.00,1
2024-07-13,STORE-DEL-01,SKU-SHAMPOO-S,2,3.00,0
2024-07-14,STORE-DEL-01,SKU-SHAMPOO-S,3,3.00,1
2024-07-15,STORE-DEL-01,SKU-SHAMPOO-S,0,3.00,0
2024-07-16,STORE-DEL-01,SKU-SHAMPOO-S,0,3.00,0
2024-07-17,STORE-DEL-01,SKU-SHAMPOO-S,1,3.00,0
2024-07-18,STORE-DEL-01,SKU-SHAMPOO-S,0,3.00,0
2024-07-19,STORE-DEL-01,SKU-SHAMPOO-S,3,3.00,0
2024-07-20,STORE-DEL-01,SKU-SHAMPOO-S,5,3.00,0
2024-07-21,STORE-DEL-01,SKU-SHAMPOO-S,0,3.00,0
2024-07-22,STORE-DEL-01,SKU-SHAMPOO-S,0,3.00,0
2024-07-23,STORE-DEL-01,SKU-SHAMPOO-S,1,3.00,0
2024-07-24,STORE-DEL-01,SKU-SHAMPOO-S,7,3.00,0
2024-07-25,STORE-DEL-01,SKU-SHAMPOO-S,0,3.00,1
2024-07-26,STORE-DEL-01,SKU-SHAMPOO-S,0,3.00,0
2024-07-27,STORE-DEL-01,SKU-SHAMPOO-S,0,3.00,0
2024-07-28,STORE-DEL-01,SKU-SHAMPOO-S,3,3.00,0
2024-07-29,STORE-DEL-01,SKU-SHAMPOO-S,4,3.00,0
2024-07-30,STORE-DEL-01,SKU-SHAMPOO-S,3,3.00,0
2024-07-31,STORE-DEL-01,SKU-SHAMPOO-S,1,3.00,0
2024-08-01,STORE-DEL-01,SKU-SHAMPOO-S,0,3.00,0
2024-08-02,STORE-DEL-01,SKU-SHAMPOO-S,6,3.00,0
2024-08-03,STORE-DEL-01,SKU-SHAMPOO-S,0,3.00,0
2024-08-04,STORE-DEL-01,SKU-SHAMPOO-S,0,3.00,0
2024-08-05,STORE-DEL-01,SKU-SHAMPOO-S,0,3.00,0
2024-08-06,STORE-DEL-01,SKU-SHAMPOO-S,0,3.00,1
2024-08-07,STORE-DEL-01,SKU-SHAMPOO-S,0,3.00,0
2024-08-08,STORE-DEL-01,SKU-SHAMPOO-S,6,3.00,0
2024-08-09,STORE-DEL-01,SKU-SHAMPOO-S,0,3.00,0
2024-08-10,STORE-DEL-01,SKU-SHAMPOO-S,0,3.00,0
2024-08-11,STORE-DEL-01,SKU-SHAMPOO-S,3,3.00,0
2024-08-12,STORE-DEL-01,SKU-SHAMPOO-S,5,3.00,0
2024-08-13,STORE-DEL-01,SKU-SHAMPOO-S,5,3.00,0
2024-08-14,STORE-DEL-01,SKU-SHAMPOO-S,0,3.00,0
2024-08-15,STORE-DEL-01,SKU-SHAMPOO-S,0,3.00,0
2024-08-16,STORE-DEL-01,SKU-SHAMPOO-S,0,3.00,0
2024-08-17,STORE-DEL-01,SKU-SHAMPOO-S,12,3.00,0
2024-08-18,STORE-DEL-01,SKU-SHAMPOO-S,0,3.00,0
2024-08-19,STORE-DEL-01,SKU-SHAMPOO-S,7,3.00,0
2024-08-20,STORE-DEL-01,SKU-SHAMPOO-S,0,3.00,0
2024-08-21,STORE-DEL-01,SKU-SHAMPOO-S,0,3.00,0
2024-08-22,STORE-DEL-01,SKU-SHAMPOO-S,4,3.00,0
2024-08-23,STORE-DEL-01,SKU-SHAMPOO-S,0,3.00,0
2024-08-24,STORE-DEL-01,SKU-SHAMPOO-S,0,3.00,0
2024-08-25,STORE-DEL-01,SKU-SHAMPOO-S,2,3.00,0
2024-08-26,STORE-DEL-01,SKU-SHAMPOO-S,0,3.00,0
2024-08-27,STORE-DEL-01,SKU-SHAMPOO-S,0,3.00,0
2024-08-28,STORE-DEL-01,SKU-SHAMPOO-S,4,3.00,0
2024-08-29,STORE-DEL-01,SKU-SHAMPOO-S,0,3.00,0
2024-08-30,STORE-DEL-01,SKU-SHAMPOO-S,1,3.00,0
2024-08-31,STORE-DEL-01,SKU-SHAMPOO-S,2,3.00,1
2024-09-01,STORE-DEL-01,SKU-SHAMPOO-S,0,3.00,0
2024-09-02,STORE-DEL-01,SKU-SHAMPOO-S,0,3.00,0
2024-09-03,STORE-DEL-01,SKU-SHAMPOO-S,2,3.00,0
2024-09-04,STORE-DEL-01,SKU-SHAMPOO-S,0,3.00,0
2024-09-05,STORE-DEL-01,SKU-SHAMPOO-S,0,3.00,0
2024-09-06,STORE-DEL-01,SKU-SHAMPOO-S,0,3.00,0
2024-09-07,STORE-DEL-01,SKU-SHAMPOO-S,1,3.00,0
2024-09-08,STORE-DEL-01,SKU-SHAMPOO-S,2,3.00,0
2024-09-09,STORE-DEL-01,SKU-SHAMPOO-S,0,3.00,0
2024-09-10,STORE-DEL-01,SKU-SHAMPOO-S,0,3.00,0
2024-09-11,STORE-DEL-01,SKU-SHAMPOO-S,0,3.00,0
2024-09-12,STORE-DEL-01,SKU-SHAMPOO-S,0,3.00,0
2024-09-13,STORE-DEL-01,SKU-SHAMPOO-S,5,3.00,1
2024-09-14,STORE-DEL-01,SKU-SHAMPOO-S,0,3.00,0
2024-09-15,STORE-DEL-01,SKU-SHAMPOO-S,0,3.00,1
2024-09-16,STORE-DEL-01,SKU-SHAMPOO-S,0,3.00,0
2024-09-17,STORE-DEL-01,SKU-SHAMPOO-S,0,3.00,0
2024-09-18,STORE-DEL-01,SKU-SHAMPOO-S,0,3.00,0
2024-09-19,STORE-DEL-01,SKU-SHAMPOO-S,0,3.00,0
2024-09-20,STORE-DEL-01,SKU-SHAMPOO-S,0,3.00,0
2024-09-21,STORE-DEL-01,SKU-SHAMPOO-S,3,3.00,0
2024-09-22,STORE-DEL-01,SKU-SHAMPOO-S,0,3.00,0
2024-09-23,STORE-DEL-01,SKU-SHAMPOO-S,0,3.00,0
2024-09-24,STORE-DEL-01,SKU-SHAMPOO-S,0,3.00,0
2024-09-25,STORE-DEL-01,SKU-SHAMPOO-S,0,3.00,0
2024-09-26,STORE-DEL-01,SKU-SHAMPOO-S,0,3.00,0
2024-09-27,STORE-DEL-01,SKU-SHAMPOO-S,0,3.00,1
2024-09-28,STORE-DEL-01,SKU-SHAMPOO-S,1,3.00,0
2024-09-29,STORE-DEL-01,SKU-SHAMPOO-S,3,3.00,0
2024-09-30,STORE-DEL-01,SKU-SHAMPOO-S,0,3.00,0
2024-10-01,STORE-DEL-01,SKU-SHAMPOO-S,0,3.00,0
2024-10-02,STORE-DEL-01,SKU-SHAMPOO-S,2,3.00,0
2024-10-03,STORE-DEL-01,SKU-SHAMPOO-S,0,3.00,0
2024-10-04,STORE-DEL-01,SKU-SHAMPOO-S,1,3.00,0
2024-10-05,STORE-DEL-01,SKU-SHAMPOO-S,0,3.00,0
2024-10-06,STORE-DEL-01,SKU-SHAMPOO-S,0,3.00,0
2024-10-07,STORE-DEL-01,SKU-SHAMPOO-S,2,3.00,0
2024-10-08,STORE-DEL-01,SKU-SHAMPOO-S,0,3.00,0
2024-10-09,STORE-DEL-01,SKU-SHAMPOO-S,0,3.00,0
2024-10-10,STORE-DEL-01,SKU-SHAMPOO-S,2,3.00,0
2024-10-11,STORE-DEL-01,SKU-SHAMPOO-S,5,3.00,0
2024-10-12,STORE-DEL-01,SKU-SHAMPOO-S,1,3.00,0
2024-10-13,STORE-DEL-01,SKU-SHAMPOO-S,2,3.00,0
2024-10-14,STORE-DEL-01,SKU-SHAMPOO-S,4,3.00,0
2024-10-15,STORE-DEL-01,SKU-SHAMPOO-S,2,3.00,0
2024-10-16,STORE-DEL-01,SKU-SHAMPOO-S,1,3.00,0
2024-10-17,STORE-DEL-01,SKU-SHAMPOO-S,1,3.00,0
2024-10-18,STORE-DEL-01,SKU-SHAMPOO-S,0,3.00,0
2024-10-19,STORE-DEL-01,SKU-SHAMPOO-S,0,3.00,0
2024-10-20,STORE-DEL-01,SKU-SHAMPOO-S,2,3.00,1
2024-10-21,STORE-DEL-01,SKU-SHAMPOO-S,4,3.00,0
2024-10-22,STORE-DEL-01,SKU-SHAMPOO-S,4,3.00,0
2024-10-23,STORE-DEL-01,SKU-SHAMPOO-S,1,3.00,0
2024-10-24,STORE-DEL-01,SKU-SHAMPOO-S,0,3.00,0
2024-10-25,STORE-DEL-01,SKU-SHAMPOO-S,0,3.00,0
2024-10-26,STORE-DEL-01,SKU-SHAMPOO-S,0,3.00,0
2024-10-27,STORE-DEL-01,SKU-SHAMPOO-S,1,3.00,0
2024-10-28,STORE-DEL-01,SKU-SHAMPOO-S,6,3.00,0
2024-10-29,STORE-DEL-01,SKU-SHAMPOO-S,8,3.00,1
2024-10-30,STORE-DEL-01,SKU-SHAMPOO-S,8,3.00,0
2024-10-31,STORE-DEL-01,SKU-SHAMPOO-S,15,3.00,0
2024-11-01,STORE-DEL-01,SKU-SHAMPOO-S,13,3.00,0
2024-11-02,STORE-DEL-01,SKU-SHAMPOO-S,15,3.00,0
2024-11-03,STORE-DEL-01,SKU-SHAMPOO-S,2,3.00,0
2024-11-04,STORE-DEL-01,SKU-SHAMPOO-S,8,3.00,0
2024-11-05,STORE-DEL-01,SKU-SHAMPOO-S,4,3.00,0
2024-11-06,STORE-DEL-01,SKU-SHAMPOO-S,0,3.00,0
2024-11-07,STORE-DEL-01,SKU-SHAMPOO-S,0,3.00,0
2024-11-08,STORE-DEL-01,SKU-SHAMPOO-S,8,3.00,0
2024-11-09,STORE-DEL-01,SKU-SHAMPOO-S,2,3.00,0
2024-11-10,STORE-DEL-01,SKU-SHAMPOO-S,3,3.00,0
2024-11-11,STORE-DEL-01,SKU-SHAMPOO-S,6,3.00,0
2024-11-12,STORE-DEL-01,SKU-SHAMPOO-S,5,3.00,0
2024-11-13,STORE-DEL-01,SKU-SHAMPOO-S,3,3.00,0
2024-11-14,STORE-DEL-01,SKU-SHAMPOO-S,7,3.00,0
2024-11-15,STORE-DEL-01,SKU-SHAMPOO-S,3,3.00,0
2024-11-16,STORE-DEL-01,SKU-SHAMPOO-S,0,3.00,0
2024-11-17,STORE-DEL-01,SKU-SHAMPOO-S,0,3.00,0
2024-11-18,STORE-DEL-01,SKU-SHAMPOO-S,0,3.00,0
2024-11-19,STORE-DEL-01,SKU-SHAMPOO-S,8,3.00,0
2024-11-20,STORE-DEL-01,SKU-SHAMPOO-S,5,3.00,0
2024-11-21,STORE-DEL-01,SKU-SHAMPOO-S,0,3.00,0
2024-11-22,STORE-DEL-01,SKU-SHAMPOO-S,5,3.00,0
2024-11-23,STORE-DEL-01,SKU-SHAMPOO-S,7,3.00,0
2024-11-24,STORE-DEL-01,SKU-SHAMPOO-S,0,3.00,0
2024-11-25,STORE-DEL-01,SKU-SHAMPOO-S,0,3.00,0
2024-11-26,STORE-DEL-01,SKU-SHAMPOO-S,4,3.00,0
2024-11-27,STORE-DEL-01,SKU-SHAMPOO-S,5,3.00,0
2024-11-28,STORE-DEL-01,SKU-SHAMPOO-S,0,3.00,0
2024-11-29,STORE-DEL-01,SKU-SHAMPOO-S,3,3.00,0
2024-11-30,STORE-DEL-01,SKU-SHAMPOO-S,0,3.00,0
2024-12-01,STORE-DEL-01,SKU-SHAMPOO-S,1,3.00,0
2024-12-02,STORE-DEL-01,SKU-SHAMPOO-S,0,3.00,0
2024-12-03,STORE-DEL-01,SKU-SHAMPOO-S,0,3.00,0
2024-12-04,STORE-DEL-01,SKU-SHAMPOO-S,0,3.00,0
2024-12-05,STORE-DEL-01,SKU-SHAMPOO-S,0,3.00,0
2024-12-06,STORE-DEL-01,SKU-SHAMPOO-S,3,3.00,0
2024-12-07,STORE-DEL-01,SKU-SHAMPOO-S,0,3.00,0
2024-12-08,STORE-DEL-01,SKU-SHAMPOO-S,9,3.00,0
2024-12-09,STORE-DEL-01,SKU-SHAMPOO-S,1,3.00,0
2024-12-10,STORE-DEL-01,SKU-SHAMPOO-S,0,3.00,0
2024-12-11,STORE-DEL-01,SKU-SHAMPOO-S,0,3.00,0
2024-12-12,STORE-DEL-01,SKU-SHAMPOO-S,6,3.00,0
2024-12-13,STORE-DEL-01,SKU-SHAMPOO-S,0,3.00,0
2024-12-14,STORE-DEL-01,SKU-SHAMPOO-S,5,3.00,0
2024-12-15,STORE-DEL-01,SKU-SHAMPOO-S,0,3.00,0
2024-12-16,STORE-DEL-01,SKU-SHAMPOO-S,0,3.00,0
2024-12-17,STORE-DEL-01,SKU-SHAMPOO-S,0,3.00,0
2024-12-18,STORE-DEL-01,SKU-SHAMPOO-S,5,3.00,0
2024-12-19,STORE-DEL-01,SKU-SHAMPOO-S,0,3.00,0
2024-12-20,STORE-DEL-01,SKU-SHAMPOO-S,1,3.00,0
2024-12-21,STORE-DEL-01,SKU-SHAMPOO-S,7,3.00,0
2024-12-22,STORE-DEL-01,SKU-SHAMPOO-S,0,3.00,0
2024-12-23,STORE-DEL-01,SKU-SHAMPOO-S,3,3.00,0
2024-12-24,STORE-DEL-01,SKU-SHAMPOO-S,0,3.00,1
2024-12-25,STORE-DEL-01,SKU-SHAMPOO-S,6,3.00,0
2024-12-26,STORE-DEL-01,SKU-SHAMPOO-S,7,3.00,0
2024-12-27,STORE-DEL-01,SKU-SHAMPOO-S,0,3.00,0
2024-12-28,STORE-DEL-01,SKU-SHAMPOO-S,6,3.00,0
2024-12-29,STORE-DEL-01,SKU-SHAMPOO-S,0,3.00,0
2024-12-30,STORE-DEL-01,SKU-SHAMPOO-S,0,3.00,0
2024-12-31,STORE-DEL-01,SKU-SHAMPOO-S,8,3.00,0
2025-01-01,STORE-DEL-01,SKU-SHAMPOO-S,0,3.00,0
2025-01-02,STORE-DEL-01,SKU-SHAMPOO-S,0,3.00,0
2025-01-03,STORE-DEL-01,SKU-SHAMPOO-S,0,3.00,0
2025-01-04,STORE-DEL-01,SKU-SHAMPOO-S,6,3.00,0
2025-01-05,STORE-DEL-01,SKU-SHAMPOO-S,0,3.00,0
2025-01-06,STORE-DEL-01,SKU-SHAMPOO-S,4,3.00,0
2025-01-07,STORE-DEL-01,SKU-SHAMPOO-S,0,3.00,0
2025-01-08,STORE-DEL-01,SKU-SHAMPOO-S,0,3.00,0
2025-01-09,STORE-DEL-01,SKU-SHAMPOO-S,4,3.00,0
2025-01-10,STORE-DEL-01,SKU-SHAMPOO-S,0,3.00,0
2025-01-11,STORE-DEL-01,SKU-SHAMPOO-S,0,3.00,0
2025-01-12,STORE-DEL-01,SKU-SHAMPOO-S,5,3.00,0
2025-01-13,STORE-DEL-01,SKU-SHAMPOO-S,12,3.00,1
2025-01-14,STORE-DEL-01,SKU-SHAMPOO-S,0,3.00,0
2025-01-15,STORE-DEL-01,SKU-SHAMPOO-S,0,3.00,0
2025-01-16,STORE-DEL-01,SKU-SHAMPOO-S,0,3.00,0
2025-01-17,STORE-DEL-01,SKU-SHAMPOO-S,0,3.00,0
2025-01-18,STORE-DEL-01,SKU-SHAMPOO-S,6,3.00,1
2025-01-19,STORE-DEL-01,SKU-SHAMPOO-S,1,3.00,0
2025-01-20,STORE-DEL-01,SKU-SHAMPOO-S,0,3.00,1
2025-01-21,STORE-DEL-01,SKU-SHAMPOO-S,4,3.00,0
2025-01-22,STORE-DEL-01,SKU-SHAMPOO-S,0,3.00,0
2025-01-23,STORE-DEL-01,SKU-SHAMPOO-S,0,3.00,0
2025-01-24,STORE-DEL-01,SKU-SHAMPOO-S,0,3.00,0
2025-01-25,STORE-DEL-01,SKU-SHAMPOO-S,0,3.00,0
2025-01-26,STORE-DEL-01,SKU-SHAMPOO-S,4,3.00,0
2025-01-27,STORE-DEL-01,SKU-SHAMPOO-S,0,3.00,0
2025-01-28,STORE-DEL-01,SKU-SHAMPOO-S,0,3.00,0
2025-01-29,STORE-DEL-01,SKU-SHAMPOO-S,3,3.00,0
2025-01-30,STORE-DEL-01,SKU-SHAMPOO-S,5,3.00,0
2025-01-31,STORE-DEL-01,SKU-SHAMPOO-S,5,3.00,0
2025-02-01,STORE-DEL-01,SKU-SHAMPOO-S,0,3.00,0
2025-02-02,STORE-DEL-01,SKU-SHAMPOO-S,2,3.00,0
2025-02-03,STORE-DEL-01,SKU-SHAMPOO-S,0,3.00,0
2025-02-04,STORE-DEL-01,SKU-SHAMPOO-S,0,3.00,0
2025-02-05,STORE-DEL-01,SKU-SHAMPOO-S,0,3.00,0
2025-02-06,STORE-DEL-01,SKU-SHAMPOO-S,11,3.00,0
2025-02-07,STORE-DEL-01,SKU-SHAMPOO-S,3,3.00,0
2025-02-08,STORE-DEL-01,SKU-SHAMPOO-S,0,3.00,0
2025-02-09,STORE-DEL-01,SKU-SHAMPOO-S,0,3.00,0
2025-02-10,STORE-DEL-01,SKU-SHAMPOO-S,0,3.00,0
2025-02-11,STORE-DEL-01,SKU-SHAMPOO-S,0,3.00,0
2025-02-12,STORE-DEL-01,SKU-SHAMPOO-S,0,3.00,0
2025-02-13,STORE-DEL-01,SKU-SHAMPOO-S,0,3.00,0
2025-02-14,STORE-DEL-01,SKU-SHAMPOO-S,0,3.00,0
2025-02-15,STORE-DEL-01,SKU-SHAMPOO-S,0,3.00,0
2025-02-16,STORE-DEL-01,SKU-SHAMPOO-S,0,3.00,0
2025-02-17,STORE-DEL-01,SKU-SHAMPOO-S,5,3.00,0
2025-02-18,STORE-DEL-01,SKU-SHAMPOO-S,13,3.00,0
2025-02-19,STORE-DEL-01,SKU-SHAMPOO-S,0,3.00,0
2025-02-20,STORE-DEL-01,SKU-SHAMPOO-S,6,3.00,1
2025-02-21,STORE-DEL-01,SKU-SHAMPOO-S,10,3.00,0
2025-02-22,STORE-DEL-01,SKU-SHAMPOO-S,0,3.00,0
2025-02-23,STORE-DEL-01,SKU-SHAMPOO-S,0,3.00,1
2025-02-24,STORE-DEL-01,SKU-SHAMPOO-S,0,3.00,0
2025-02-25,STORE-DEL-01,SKU-SHAMPOO-S,0,3.00,0
2025-02-26,STORE-DEL-01,SKU-SHAMPOO-S,1,3.00,0
2025-02-27,STORE-DEL-01,SKU-SHAMPOO-S,0,3.00,0
2025-02-28,STORE-DEL-01,SKU-SHAMPOO-S,0,3.00,0
2025-03-01,STORE-DEL-01,SKU-SHAMPOO-S,2,3.00,0
2025-03-02,STORE-DEL-01,SKU-SHAMPOO-S,0,3.00,0
2025-03-03,STORE-DEL-01,SKU-SHAMPOO-S,0,3.00,0
2025-03-04,STORE-DEL-01,SKU-SHAMPOO-S,0,3.00,0
2025-03-05,STORE-DEL-01,SKU-SHAMPOO-S,0,3.00,0
2025-03-06,STORE-DEL-01,SKU-SHAMPOO-S,3,3.00,0
2025-03-07,STORE-DEL-01,SKU-SHAMPOO-S,5,3.00,0
2025-03-08,STORE-DEL-01,SKU-SHAMPOO-S,0,3.00,0
2025-03-09,STORE-DEL-01,SKU-SHAMPOO-S,0,3.00,0
2025-03-10,STORE-DEL-01,SKU-SHAMPOO-S,0,3.00,0
2025-03-11,STORE-DEL-01,SKU-SHAMPOO-S,4,3.00,0
2025-03-12,STORE-DEL-01,SKU-SHAMPOO-S,6,3.00,0
2025-03-13,STORE-DEL-01,SKU-SHAMPOO-S,0,3.00,0
2025-03-14,STORE-DEL-01,SKU-SHAMPOO-S,19,3.00,0
2025-03-15,STORE-DEL-01,SKU-SHAMPOO-S,8,3.00,0
2025-03-16,STORE-DEL-01,SKU-SHAMPOO-S,16,3.00,0
2025-03-17,STORE-DEL-01,SKU-SHAMPOO-S,10,3.00,0
2025-03-18,STORE-DEL-01,SKU-SHAMPOO-S,3,3.00,0
2025-03-19,STORE-DEL-01,SKU-SHAMPOO-S,7,3.00,0
2025-03-20,STORE-DEL-01,SKU-SHAMPOO-S,0,3.00,0
2025-03-21,STORE-DEL-01,SKU-SHAMPOO-S,0,3.00,0
2025-03-22,STORE-DEL-01,SKU-SHAMPOO-S,16,3.00,0
2025-03-23,STORE-DEL-01,SKU-SHAMPOO-S,0,3.00,0
2025-03-24,STORE-DEL-01,SKU-SHAMPOO-S,0,3.00,0
2025-03-25,STORE-DEL-01,SKU-SHAMPOO-S,0,3.00,0
2025-03-26,STORE-DEL-01,SKU-SHAMPOO-S,0,3.00,1
2025-03-27,STORE-DEL-01,SKU-SHAMPOO-S,5,3.00,0
2025-03-28,STORE-DEL-01,SKU-SHAMPOO-S,5,3.00,0
2025-03-29,STORE-DEL-01,SKU-SHAMPOO-S,0,3.00,0
2025-03-30,STORE-DEL-01,SKU-SHAMPOO-S,0,3.00,0
2025-03-31,STORE-DEL-01,SKU-SHAMPOO-S,0,3.00,0
2025-04-01,STORE-DEL-01,SKU-SHAMPOO-S,0,3.00,0
2025-04-02,STORE-DEL-01,SKU-SHAMPOO-S,0,3.00,0
2025-04-03,STORE-DEL-01,SKU-SHAMPOO-S,9,3.00,0
2025-04-04,STORE-DEL-01,SKU-SHAMPOO-S,6,3.00,1
2025-04-05,STORE-DEL-01,SKU-SHAMPOO-S,0,3.00,0
2025-04-06,STORE-DEL-01,SKU-SHAMPOO-S,0,3.00,0
2025-04-07,STORE-DEL-01,SKU-SHAMPOO-S,3,3.00,0
2025-04-08,STORE-DEL-01,SKU-SHAMPOO-S,2,3.00,0
2025-04-09,STORE-DEL-01,SKU-SHAMPOO-S,5,3.00,0
2025-04-10,STORE-DEL-01,SKU-SHAMPOO-S,0,3.00,0
2025-04-11,STORE-DEL-01,SKU-SHAMPOO-S,5,3.00,0
2025-04-12,STORE-DEL-01,SKU-SHAMPOO-S,6,3.00,0
2025-04-13,STORE-DEL-01,SKU-SHAMPOO-S,0,3.00,0
2025-04-14,STORE-DEL-01,SKU-SHAMPOO-S,8,3.00,0
2025-04-15,STORE-DEL-01,SKU-SHAMPOO-S,0,3.00,0
2025-04-16,STORE-DEL-01,SKU-SHAMPOO-S,0,3.00,0
2025-04-17,STORE-DEL-01,SKU-SHAMPOO-S,0,3.00,0
2025-04-18,STORE-DEL-01,SKU-SHAMPOO-S,9,3.00,0
2025-04-19,STORE-DEL-01,SKU-SHAMPOO-S,0,3.00,0
2025-04-20,STORE-DEL-01,SKU-SHAMPOO-S,8,3.00,0
2025-04-21,STORE-DEL-01,SKU-SHAMPOO-S,0,3.00,1
2025-04-22,STORE-DEL-01,SKU-SHAMPOO-S,0,3.00,0
2025-04-23,STORE-DEL-01,SKU-SHAMPOO-S,0,3.00,0
2025-04-24,STORE-DEL-01,SKU-SHAMPOO-S,10,3.00,0
2025-04-25,STORE-DEL-01,SKU-SHAMPOO-S,4,3.00,0
2025-04-26,STORE-DEL-01,SKU-SHAMPOO-S,0,3.00,0
2025-04-27,STORE-DEL-01,SKU-SHAMPOO-S,6,3.00,0
2025-04-28,STORE-DEL-01,SKU-SHAMPOO-S,0,3.00,0
2025-04-29,STORE-DEL-01,SKU-SHAMPOO-S,0,3.00,0
2025-04-30,STORE-DEL-01,SKU-SHAMPOO-S,0,3.00,0
2025-05-01,STORE-DEL-01,SKU-SHAMPOO-S,0,3.00,0
2025-05-02,STORE-DEL-01,SKU-SHAMPOO-S,0,3.00,0
2025-05-03,STORE-DEL-01,SKU-SHAMPOO-S,5,3.00,0
2025-05-04,STORE-DEL-01,SKU-SHAMPOO-S,9,3.00,0
2025-05-05,STORE-DEL-01,SKU-SHAMPOO-S,0,3.00,0
2025-05-06,STORE-DEL-01,SKU-SHAMPOO-S,0,3.00,0
2025-05-07,STORE-DEL-01,SKU-SHAMPOO-S,0,3.00,0
2025-05-08,STORE-DEL-01,SKU-SHAMPOO-S,2,3.00,0
2025-05-09,STORE-DEL-01,SKU-SHAMPOO-S,9,3.00,0
2025-05-10,STORE-DEL-01,SKU-SHAMPOO-S,0,3.00,0
2025-05-11,STORE-DEL-01,SKU-SHAMPOO-S,6,3.00,0
2025-05-12,STORE-DEL-01,SKU-SHAMPOO-S,3,3.00,0
2025-05-13,STORE-DEL-01,SKU-SHAMPOO-S,7,3.00,0
2025-05-14,STORE-DEL-01,SKU-SHAMPOO-S,5,3.00,0
2025-05-15,STORE-DEL-01,SKU-SHAMPOO-S,0,3.00,0
2025-05-16,STORE-DEL-01,SKU-SHAMPOO-S,0,3.00,0
2025-05-17,STORE-DEL-01,SKU-SHAMPOO-S,5,3.00,0
2025-05-18,STORE-DEL-01,SKU-SHAMPOO-S,0,3.00,0
2025-05-19,STORE-DEL-01,SKU-SHAMPOO-S,7,3.00,0
2025-05-20,STORE-DEL-01,SKU-SHAMPOO-S,0,3.00,0
2025-05-21,STORE-DEL-01,SKU-SHAMPOO-S,7,3.00,0
2025-05-22,STORE-DEL-01,SKU-SHAMPOO-S,4,3.00,0
2025-05-23,STORE-DEL-01,SKU-SHAMPOO-S,0,3.00,0
2025-05-24,STORE-DEL-01,SKU-SHAMPOO-S,0,3.00,0
2025-05-25,STORE-DEL-01,SKU-SHAMPOO-S,4,3.00,0
2025-05-26,STORE-DEL-01,SKU-SHAMPOO-S,0,3.00,0
2025-05-27,STORE-DEL-01,SKU-SHAMPOO-S,0,3.00,0
2025-05-28,STORE-DEL-01,SKU-SHAMPOO-S,8,3.00,0
2025-05-29,STORE-DEL-01,SKU-SHAMPOO-S,5,3.00,0
2025-05-30,STORE-DEL-01,SKU-SHAMPOO-S,0,3.00,0
2025-05-31,STORE-DEL-01,SKU-SHAMPOO-S,2,3.00,0
2025-06-01,STORE-DEL-01,SKU-SHAMPOO-S,0,3.00,0
2025-06-02,STORE-DEL-01,SKU-SHAMPOO-S,6,3.00,0
2025-06-03,STORE-DEL-01,SKU-SHAMPOO-S,0,3.00,0
2025-06-04,STORE-DEL-01,SKU-SHAMPOO-S,0,3.00,0
2025-06-05,STORE-DEL-01,SKU-SHAMPOO-S,0,3.00,0
2025-06-06,STORE-DEL-01,SKU-SHAMPOO-S,8,3.00,0
2025-06-07,STORE-DEL-01,SKU-SHAMPOO-S,0,3.00,0
2025-06-08,STORE-DEL-01,SKU-SHAMPOO-S,4,3.00,0
2025-06-09,STORE-DEL-01,SKU-SHAMPOO-S,0,3.00,0
2025-06-10,STORE-DEL-01,SKU-SHAMPOO-S,0,3.00,0
2025-06-11,STORE-DEL-01,SKU-SHAMPOO-S,0,3.00,0
2025-06-12,STORE-DEL-01,SKU-SHAMPOO-S,0,3.00,0
2025-06-13,STORE-DEL-01,SKU-SHAMPOO-S,1,3.00,0
2025-06-14,STORE-DEL-01,SKU-SHAMPOO-S,3,3.00,0
2025-06-15,STORE-DEL-01,SKU-SHAMPOO-S,3,3.00,0
2025-06-16,STORE-DEL-01,SKU-SHAMPOO-S,2,3.00,0
2025-06-17,STORE-DEL-01,SKU-SHAMPOO-S,0,3.00,0
2025-06-18,STORE-DEL-01,SKU-SHAMPOO-S,0,3.00,0
2025-06-19,STORE-DEL-01,SKU-SHAMPOO-S,0,3.00,0
2025-06-20,STORE-DEL-01,SKU-SHAMPOO-S,10,3.00,0
2025-06-21,STORE-DEL-01,SKU-SHAMPOO-S,0,3.00,0
2025-06-22,STORE-DEL-01,SKU-SHAMPOO-S,0,3.00,0
2025-06-23,STORE-DEL-01,SKU-SHAMPOO-S,0,3.00,0
2025-06-24,STORE-DEL-01,SKU-SHAMPOO-S,0,3.00,0
2025-06-25,STORE-DEL-01,SKU-SHAMPOO-S,4,3.00,0
2025-06-26,STORE-DEL-01,SKU-SHAMPOO-S,4,3.00,0
2025-06-27,STORE-DEL-01,SKU-SHAMPOO-S,0,3.00,0
2025-06-28,STORE-DEL-01,SKU-SHAMPOO-S,0,3.00,0
2025-06-29,STORE-DEL-01,SKU-SHAMPOO-S,6,3.00,0
2025-06-30,STORE-DEL-01,SKU-SHAMPOO-S,0,3.00,0
2025-07-01,STORE-DEL-01,SKU-SHAMPOO-S,5,3.00,0
2025-07-02,STORE-DEL-01,SKU-SHAMPOO-S,5,3.00,0
2025-07-03,STORE-DEL-01,SKU-SHAMPOO-S,6,3.00,0
2025-07-04,STORE-DEL-01,SKU-SHAMPOO-S,0,3.00,0
2025-07-05,STORE-DEL-01,SKU-SHAMPOO-S,5,3.00,0
2025-07-06,STORE-DEL-01,SKU-SHAMPOO-S,0,3.00,0
2025-07-07,STORE-DEL-01,SKU-SHAMPOO-S,2,3.00,0
2025-07-08,STORE-DEL-01,SKU-SHAMPOO-S,5,3.00,0
2025-07-09,STORE-DEL-01,SKU-SHAMPOO-S,7,3.00,1
2025-07-10,STORE-DEL-01,SKU-SHAMPOO-S,3,3.00,0
2025-07-11,STORE-DEL-01,SKU-SHAMPOO-S,0,3.00,0
2025-07-12,STORE-DEL-01,SKU-SHAMPOO-S,8,3.00,0
2025-07-13,STORE-DEL-01,SKU-SHAMPOO-S,5,3.00,0
2025-07-14,STORE-DEL-01,SKU-SHAMPOO-S,0,3.00,0
2025-07-15,STORE-DEL-01,SKU-SHAMPOO-S,2,3.00,0
2025-07-16,STORE-DEL-01,SKU-SHAMPOO-S,1,3.00,0
2025-07-17,STORE-DEL-01,SKU-SHAMPOO-S,0,3.00,0
2025-07-18,STORE-DEL-01,SKU-SHAMPOO-S,0,3.00,0
2025-07-19,STORE-DEL-01,SKU-SHAMPOO-S,4,3.00,0
2025-07-20,STORE-DEL-01,SKU-SHAMPOO-S,0,3.00,0
2025-07-21,STORE-DEL-01,SKU-SHAMPOO-S,4,3.00,0
2025-07-22,STORE-DEL-01,SKU-SHAMPOO-S,0,3.00,0
2025-07-23,STORE-DEL-01,SKU-SHAMPOO-S,0,3.00,0
2025-07-24,STORE-DEL-01,SKU-SHAMPOO-S,0,3.00,0
2025-07-25,STORE-DEL-01,SKU-SHAMPOO-S,7,3.00,0
2025-07-26,STORE-DEL-01,SKU-SHAMPOO-S,0,3.00,0
2025-07-27,STORE-DEL-01,SKU-SHAMPOO-S,0,3.00,0
2025-07-28,STORE-DEL-01,SKU-SHAMPOO-S,1,3.00,0
2025-07-29,STORE-DEL-01,SKU-SHAMPOO-S,2,3.00,0
2025-07-30,STORE-DEL-01,SKU-SHAMPOO-S,0,3.00,0
2025-07-31,STORE-DEL-01,SKU-SHAMPOO-S,0,3.00,0
2025-08-01,STORE-DEL-01,SKU-SHAMPOO-S,0,3.00,1
2025-08-02,STORE-DEL-01,SKU-SHAMPOO-S,0,3.00,0
2025-08-03,STORE-DEL-01,SKU-SHAMPOO-S,10,3.00,1
2025-08-04,STORE-DEL-01,SKU-SHAMPOO-S,0,3.00,0
2025-08-05,STORE-DEL-01,SKU-SHAMPOO-S,0,3.00,0
2025-08-06,STORE-DEL-01,SKU-SHAMPOO-S,6,3.00,0
2025-08-07,STORE-DEL-01,SKU-SHAMPOO-S,0,3.00,0
2025-08-08,STORE-DEL-01,SKU-SHAMPOO-S,0,3.00,0
2025-08-09,STORE-DEL-01,SKU-SHAMPOO-S,0,3.00,0
2025-08-10,STORE-DEL-01,SKU-SHAMPOO-S,0,3.00,1
2025-08-11,STORE-DEL-01,SKU-SHAMPOO-S,3,3.00,0
2025-08-12,STORE-DEL-01,SKU-SHAMPOO-S,8,3.00,0
2025-08-13,STORE-DEL-01,SKU-SHAMPOO-S,2,3.00,0
2025-08-14,STORE-DEL-01,SKU-SHAMPOO-S,4,3.00,0
2025-08-15,STORE-DEL-01,SKU-SHAMPOO-S,5,3.00,0
2025-08-16,STORE-DEL-01,SKU-SHAMPOO-S,4,3.00,0
2025-08-17,STORE-DEL-01,SKU-SHAMPOO-S,0,3.00,0
2025-08-18,STORE-DEL-01,SKU-SHAMPOO-S,0,3.00,0
2025-08-19,STORE-DEL-01,SKU-SHAMPOO-S,1,3.00,0
2025-08-20,STORE-DEL-01,SKU-SHAMPOO-S,0,3.00,0
2025-08-21,STORE-DEL-01,SKU-SHAMPOO-S,6,3.00,0
2025-08-22,STORE-DEL-01,SKU-SHAMPOO-S,4,3.00,0
2025-08-23,STORE-DEL-01,SKU-SHAMPOO-S,0,3.00,0
2025-08-24,STORE-DEL-01,SKU-SHAMPOO-S,0,3.00,0
2025-08-25,STORE-DEL-01,SKU-SHAMPOO-S,0,3.00,0
2025-08-26,STORE-DEL-01,SKU-SHAMPOO-S,0,3.00,0
2025-08-27,STORE-DEL-01,SKU-SHAMPOO-S,0,3.00,1
2025-08-28,STORE-DEL-01,SKU-SHAMPOO-S,0,3.00,0
2025-08-29,STORE-DEL-01,SKU-SHAMPOO-S,0,3.00,0
2025-08-30,STORE-DEL-01,SKU-SHAMPOO-S,0,3.00,0
2025-08-31,STORE-DEL-01,SKU-SHAMPOO-S,0,3.00,0
2025-09-01,STORE-DEL-01,SKU-SHAMPOO-S,0,3.00,0
2025-09-02,STORE-DEL-01,SKU-SHAMPOO-S,0,3.00,0
2025-09-03,STORE-DEL-01,SKU-SHAMPOO-S,0,3.00,0
2025-09-04,STORE-DEL-01,SKU-SHAMPOO-S,3,3.00,0
2025-09-05,STORE-DEL-01,SKU-SHAMPOO-S,0,3.00,1
2025-09-06,STORE-DEL-01,SKU-SHAMPOO-S,0,3.00,0
2025-09-07,STORE-DEL-01,SKU-SHAMPOO-S,3,3.00,0
2025-09-08,STORE-DEL-01,SKU-SHAMPOO-S,2,3.00,0
2025-09-09,STORE-DEL-01,SKU-SHAMPOO-S,0,3.00,0
2025-09-10,STORE-DEL-01,SKU-SHAMPOO-S,3,3.00,0
2025-09-11,STORE-DEL-01,SKU-SHAMPOO-S,3,3.00,0
2025-09-12,STORE-DEL-01,SKU-SHAMPOO-S,0,3.00,0
2025-09-13,STORE-DEL-01,SKU-SHAMPOO-S,2,3.00,0
2025-09-14,STORE-DEL-01,SKU-SHAMPOO-S,0,3.00,0
2025-09-15,STORE-DEL-01,SKU-SHAMPOO-S,0,3.00,1
2025-09-16,STORE-DEL-01,SKU-SHAMPOO-S,4,3.00,0
2025-09-17,STORE-DEL-01,SKU-SHAMPOO-S,0,3.00,0
2025-09-18,STORE-DEL-01,SKU-SHAMPOO-S,0,3.00,0
2025-09-19,STORE-DEL-01,SKU-SHAMPOO-S,0,3.00,0
2025-09-20,STORE-DEL-01,SKU-SHAMPOO-S,0,3.00,0
2025-09-21,STORE-DEL-01,SKU-SHAMPOO-S,6,3.00,1
2025-09-22,STORE-DEL-01,SKU-SHAMPOO-S,2,3.00,0
2025-09-23,STORE-DEL-01,SKU-SHAMPOO-S,0,3.00,0
2025-09-24,STORE-DEL-01,SKU-SHAMPOO-S,6,3.00,0
2025-09-25,STORE-DEL-01,SKU-SHAMPOO-S,0,3.00,0
2025-09-26,STORE-DEL-01,SKU-SHAMPOO-S,0,3.00,1
2025-09-27,STORE-DEL-01,SKU-SHAMPOO-S,3,3.00,0
2025-09-28,STORE-DEL-01,SKU-SHAMPOO-S,5,3.00,0
2025-09-29,STORE-DEL-01,SKU-SHAMPOO-S,0,3.00,0
2025-09-30,STORE-DEL-01,SKU-SHAMPOO-S,0,3.00,0
2025-10-01,STORE-DEL-01,SKU-SHAMPOO-S,0,3.00,0
2025-10-02,STORE-DEL-01,SKU-SHAMPOO-S,0,3.00,0
2025-10-03,STORE-DEL-01,SKU-SHAMPOO-S,0,3.00,0
2025-10-04,STORE-DEL-01,SKU-SHAMPOO-S,0,3.00,0
2025-10-05,STORE-DEL-01,SKU-SHAMPOO-S,2,3.00,0
2025-10-06,STORE-DEL-01,SKU-SHAMPOO-S,6,3.00,0
2025-10-07,STORE-DEL-01,SKU-SHAMPOO-S,0,3.00,0
2025-10-08,STORE-DEL-01,SKU-SHAMPOO-S,10,3.00,0
2025-10-09,STORE-DEL-01,SKU-SHAMPOO-S,0,3.00,0
2025-10-10,STORE-DEL-01,SKU-SHAMPOO-S,0,3.00,0
2025-10-11,STORE-DEL-01,SKU-SHAMPOO-S,0,3.00,1
2025-10-12,STORE-DEL-01,SKU-SHAMPOO-S,0,3.00,0
2025-10-13,STORE-DEL-01,SKU-SHAMPOO-S,0,3.00,0
2025-10-14,STORE-DEL-01,SKU-SHAMPOO-S,3,3.00,0
2025-10-15,STORE-DEL-01,SKU-SHAMPOO-S,2,3.00,0
2025-10-16,STORE-DEL-01,SKU-SHAMPOO-S,3,3.00,0
2025-10-17,STORE-DEL-01,SKU-SHAMPOO-S,4,3.00,1
2025-10-18,STORE-DEL-01,SKU-SHAMPOO-S,0,3.00,0
2025-10-19,STORE-DEL-01,SKU-SHAMPOO-S,17,3.00,1
2025-10-20,STORE-DEL-01,SKU-SHAMPOO-S,18,3.00,0
2025-10-21,STORE-DEL-01,SKU-SHAMPOO-S,9,3.00,0
2025-10-22,STORE-DEL-01,SKU-SHAMPOO-S,0,3.00,0
2025-10-23,STORE-DEL-01,SKU-SHAMPOO-S,2,3.00,0
2025-10-24,STORE-DEL-01,SKU-SHAMPOO-S,4,3.00,0
2025-10-25,STORE-DEL-01,SKU-SHAMPOO-S,1,3.00,0
2025-10-26,STORE-DEL-01,SKU-SHAMPOO-S,2,3.00,0
2025-10-27,STORE-DEL-01,SKU-SHAMPOO-S,0,3.00,0
2025-10-28,STORE-DEL-01,SKU-SHAMPOO-S,0,3.00,1
2025-10-29,STORE-DEL-01,SKU-SHAMPOO-S,6,3.00,0
2025-10-30,STORE-DEL-01,SKU-SHAMPOO-S,0,3.00,0
2025-10-31,STORE-DEL-01,SKU-SHAMPOO-S,3,3.00,0
2025-11-01,STORE-DEL-01,SKU-SHAMPOO-S,2,3.00,0
2025-11-02,STORE-DEL-01,SKU-SHAMPOO-S,0,3.00,0
2025-11-03,STORE-DEL-01,SKU-SHAMPOO-S,0,3.00,0
2025-11-04,STORE-DEL-01,SKU-SHAMPOO-S,3,3.00,0
2025-11-05,STORE-DEL-01,SKU-SHAMPOO-S,0,3.00,0
2025-11-06,STORE-DEL-01,SKU-SHAMPOO-S,0,3.00,0
2025-11-07,STORE-DEL-01,SKU-SHAMPOO-S,0,3.00,0
2025-11-08,STORE-DEL-01,SKU-SHAMPOO-S,0,3.00,0
2025-11-09,STORE-DEL-01,SKU-SHAMPOO-S,0,3.00,0
2025-11-10,STORE-DEL-01,SKU-SHAMPOO-S,6,3.00,0
2025-11-11,STORE-DEL-01,SKU-SHAMPOO-S,3,3.00,0
2025-11-12,STORE-DEL-01,SKU-SHAMPOO-S,5,3.00,0
2025-11-13,STORE-DEL-01,SKU-SHAMPOO-S,0,3.00,0
2025-11-14,STORE-DEL-01,SKU-SHAMPOO-S,2,3.00,0
2025-11-15,STORE-DEL-01,SKU-SHAMPOO-S,0,3.00,0
2025-11-16,STORE-DEL-01,SKU-SHAMPOO-S,0,3.00,0
2025-11-17,STORE-DEL-01,SKU-SHAMPOO-S,8,3.00,0
2025-11-18,STORE-DEL-01,SKU-SHAMPOO-S,1,3.00,0
2025-11-19,STORE-DEL-01,SKU-SHAMPOO-S,7,3.00,0
2025-11-20,STORE-DEL-01,SKU-SHAMPOO-S,6,3.00,0
2025-11-21,STORE-DEL-01,SKU-SHAMPOO-S,1,3.00,0
2025-11-22,STORE-DEL-01,SKU-SHAMPOO-S,6,3.00,0
2025-11-23,STORE-DEL-01,SKU-SHAMPOO-S,0,3.00,0
2025-11-24,STORE-DEL-01,SKU-SHAMPOO-S,0,3.00,0
2025-11-25,STORE-DEL-01,SKU-SHAMPOO-S,0,3.00,0
2025-11-26,STORE-DEL-01,SKU-SHAMPOO-S,0,3.00,0
2025-11-27,STORE-DEL-01,SKU-SHAMPOO-S,0,3.00,0
2025-11-28,STORE-DEL-01,SKU-SHAMPOO-S,5,3.00,0
2025-11-29,STORE-DEL-01,SKU-SHAMPOO-S,6,3.00,0
2025-11-30,STORE-DEL-01,SKU-SHAMPOO-S,0,3.00,0
2025-12-01,STORE-DEL-01,SKU-SHAMPOO-S,0,3.00,0
2025-12-02,STORE-DEL-01,SKU-SHAMPOO-S,3,3.00,0
2025-12-03,STORE-DEL-01,SKU-SHAMPOO-S,2,3.00,0
2025-12-04,STORE-DEL-01,SKU-SHAMPOO-S,0,3.00,0
2025-12-05,STORE-DEL-01,SKU-SHAMPOO-S,6,3.00,0
2025-12-06,STORE-DEL-01,SKU-SHAMPOO-S,0,3.00,0
2025-12-07,STORE-DEL-01,SKU-SHAMPOO-S,0,3.00,0
2025-12-08,STORE-DEL-01,SKU-SHAMPOO-S,0,3.00,0
2025-12-09,STORE-DEL-01,SKU-SHAMPOO-S,0,3.00,0
2025-12-10,STORE-DEL-01,SKU-SHAMPOO-S,1,3.00,0
2025-12-11,STORE-DEL-01,SKU-SHAMPOO-S,0,3.00,0
2025-12-12,STORE-DEL-01,SKU-SHAMPOO-S,0,3.00,0
2025-12-13,STORE-DEL-01,SKU-SHAMPOO-S,3,3.00,0
2025-12-14,STORE-DEL-01,SKU-SHAMPOO-S,7,3.00,0
2025-12-15,STORE-DEL-01,SKU-SHAMPOO-S,0,3.00,0
2025-12-16,STORE-DEL-01,SKU-SHAMPOO-S,0,3.00,0
2025-12-17,STORE-DEL-01,SKU-SHAMPOO-S,5,3.00,0
2025-12-18,STORE-DEL-01,SKU-SHAMPOO-S,0,3.00,0
2025-12-19,STORE-DEL-01,SKU-SHAMPOO-S,0,3.00,0
2025-12-20,STORE-DEL-01,SKU-SHAMPOO-S,0,3.00,0
2025-12-21,STORE-DEL-01,SKU-SHAMPOO-S,4,3.00,0
2025-12-22,STORE-DEL-01,SKU-SHAMPOO-S,5,3.00,0
2025-12-23,STORE-DEL-01,SKU-SHAMPOO-S,0,3.00,0
2025-12-24,STORE-DEL-01,SKU-SHAMPOO-S,0,3.00,0
2025-12-25,STORE-DEL-01,SKU-SHAMPOO-S,5,3.00,0
2025-12-26,STORE-DEL-01,SKU-SHAMPOO-S,0,3.00,0
2025-12-27,STORE-DEL-01,SKU-SHAMPOO-S,0,3.00,0
2025-12-28,STORE-DEL-01,SKU-SHAMPOO-S,1,3.00,0
2025-12-29,STORE-DEL-01,SKU-SHAMPOO-S,0,3.00,0
2025-12-30,STORE-DEL-01,SKU-SHAMPOO-S,0,3.00,0
2024-01-01,STORE-DEL-01,SKU-BATTERY-AA,0,90.00,0
2024-01-02,STORE-DEL-01,SKU-BATTERY-AA,2,90.00,0
2024-01-03,STORE-DEL-01,SKU-BATTERY-AA,0,90.00,0
2024-01-04,STORE-DEL-01,SKU-BATTERY-AA,2,90.00,0
2024-01-05,STORE-DEL-01,SKU-BATTERY-AA,0,90.00,0
2024-01-06,STORE-DEL-01,SKU-BATTERY-AA,0,90.00,0
2024-01-07,STORE-DEL-01,SKU-BATTERY-AA,0,90.00,0
2024-01-08,STORE-DEL-01,SKU-BATTERY-AA,0,90.00,0
2024-01-09,STORE-DEL-01,SKU-BATTERY-AA,0,90.00,0
2024-01-10,STORE-DEL-01,SKU-BATTERY-AA,8,90.00,0
2024-01-11,STORE-DEL-01,SKU-BATTERY-AA,0,90.00,0
2024-01-12,STORE-DEL-01,SKU-BATTERY-AA,1,90.00,0
2024-01-13,STORE-DEL-01,SKU-BATTERY-AA,0,90.00,0
2024-01-14,STORE-DEL-01,SKU-BATTERY-AA,3,90.00,0
2024-01-15,STORE-DEL-01,SKU-BATTERY-AA,0,90.00,0
2024-01-16,STORE-DEL-01,SKU-BATTERY-AA,4,90.00,0
2024-01-17,STORE-DEL-01,SKU-BATTERY-AA,0,90.00,0
2024-01-18,STORE-DEL-01,SKU-BATTERY-AA,0,90.00,0
2024-01-19,STORE-DEL-01,SKU-BATTERY-AA,0,90.00,1
2024-01-20,STORE-DEL-01,SKU-BATTERY-AA,0,90.00,0
2024-01-21,STORE-DEL-01,SKU-BATTERY-AA,0,90.00,0
2024-01-22,STORE-DEL-01,SKU-BATTERY-AA,0,90.00,1
2024-01-23,STORE-DEL-01,SKU-BATTERY-AA,0,90.00,0
2024-01-24,STORE-DEL-01,SKU-BATTERY-AA,5,90.00,1
2024-01-25,STORE-DEL-01,SKU-BATTERY-AA,2,90.00,0
2024-01-26,STORE-DEL-01,SKU-BATTERY-AA,0,90.00,0
2024-01-27,STORE-DEL-01,SKU-BATTERY-AA,11,90.00,1
2024-01-28,STORE-DEL-01,SKU-BATTERY-AA,0,90.00,0
2024-01-29,STORE-DEL-01,SKU-BATTERY-AA,6,90.00,0
2024-01-30,STORE-DEL-01,SKU-BATTERY-AA,0,90.00,0
2024-01-31,STORE-DEL-01,SKU-BATTERY-AA,0,90.00,0
2024-02-01,STORE-DEL-01,SKU-BATTERY-AA,0,90.00,0
2024-02-02,STORE-DEL-01,SKU-BATTERY-AA,0,90.00,0
2024-02-03,STORE-DEL-01,SKU-BATTERY-AA,6,90.00,0
2024-02-04,STORE-DEL-01,SKU-BATTERY-AA,0,90.00,0
2024-02-05,STORE-DEL-01,SKU-BATTERY-AA,0,90.00,0
2024-02-06,STORE-DEL-01,SKU-BATTERY-AA,0,90.00,0
2024-02-07,STORE-DEL-01,SKU-BATTERY-AA,0,90.00,0
2024-02-08,STORE-DEL-01,SKU-BATTERY-AA,4,90.00,0
2024-02-09,STORE-DEL-01,SKU-BATTERY-AA,0,90.00,0
2024-02-10,STORE-DEL-01,SKU-BATTERY-AA,0,90.00,0
2024-02-11,STORE-DEL-01,SKU-BATTERY-AA,0,90.00,0
2024-02-12,STORE-DEL-01,SKU-BATTERY-AA,0,90.00,0
2024-02-13,STORE-DEL-01,SKU-BATTERY-AA,0,90.00,0
2024-02-14,STORE-DEL-01,SKU-BATTERY-AA,0,90.00,0
2024-02-15,STORE-DEL-01,SKU-BATTERY-AA,0,90.00,0
2024-02-16,STORE-DEL-01,SKU-BATTERY-AA,0,90.00,0
2024-02-17,STORE-DEL-01,SKU-BATTERY-AA,0,90.00,0
2024-02-18,STORE-DEL-01,SKU-BATTERY-AA,0,90.00,0
2024-02-19,STORE-DEL-01,SKU-BATTERY-AA,0,90.00,0
2024-02-20,STORE-DEL-01,SKU-BATTERY-AA,8,90.00,0
2024-02-21,STORE-DEL-01,SKU-BATTERY-AA,0,90.00,0
2024-02-22,STORE-DEL-01,SKU-BATTERY-AA,0,90.00,0
2024-02-23,STORE-DEL-01,SKU-BATTERY-AA,0,90.00,0
2024-02-24,STORE-DEL-01,SKU-BATTERY-AA,0,90.00,0
2024-02-25,STORE-DEL-01,SKU-BATTERY-AA,0,90.00,0
2024-02-26,STORE-DEL-01,SKU-BATTERY-AA,6,90.00,0
2024-02-27,STORE-DEL-01,SKU-BATTERY-AA,0,90.00,0
2024-02-28,STORE-DEL-01,SKU-BATTERY-AA,0,90.00,0
2024-02-29,STORE-DEL-01,SKU-BATTERY-AA,0,90.00,0
2024-03-01,STORE-DEL-01,SKU-BATTERY-AA,0,90.00,0
2024-03-02,STORE-DEL-01,SKU-BATTERY-AA,0,90.00,0
2024-03-03,STORE-DEL-01,SKU-BATTERY-AA,0,90.00,0
2024-03-04,STORE-DEL-01,SKU-BATTERY-AA,6,90.00,0
2024-03-05,STORE-DEL-01,SKU-BATTERY-AA,4,90.00,0
2024-03-06,STORE-DEL-01,SKU-BATTERY-AA,0,90.00,0
2024-03-07,STORE-DEL-01,SKU-BATTERY-AA,0,90.00,0
2024-03-08,STORE-DEL-01,SKU-BATTERY-AA,0,90.00,0
2024-03-09,STORE-DEL-01,SKU-BATTERY-AA,0,90.00,0
2024-03-10,STORE-DEL-01,SKU-BATTERY-AA,0,90.00,0
2024-03-11,STORE-DEL-01,SKU-BATTERY-AA,0,90.00,0
2024-03-12,STORE-DEL-01,SKU-BATTERY-AA,0,90.00,0
2024-03-13,STORE-DEL-01,SKU-BATTERY-AA,0,90.00,0
2024-03-14,STORE-DEL-01,SKU-BATTERY-AA,0,90.00,0
2024-03-15,STORE-DEL-01,SKU-BATTERY-AA,0,90.00,0
2024-03-16,STORE-DEL-01,SKU-BATTERY-AA,2,90.00,0
2024-03-17,STORE-DEL-01,SKU-BATTERY-AA,0,90.00,1
2024-03-18,STORE-DEL-01,SKU-BATTERY-AA,0,90.00,0
2024-03-19,STORE-DEL-01,SKU-BATTERY-AA,0,90.00,0
2024-03-20,STORE-DEL-01,SKU-BATTERY-AA,2,90.00,0
2024-03-21,STORE-DEL-01,SKU-BATTERY-AA,5,90.00,0
2024-03-22,STORE-DEL-01,SKU-BATTERY-AA,3,90.00,0
2024-03-23,STORE-DEL-01,SKU-BATTERY-AA,0,90.00,0
2024-03-24,STORE-DEL-01,SKU-BATTERY-AA,22,90.00,0
2024-03-25,STORE-DEL-01,SKU-BATTERY-AA,0,90.00,0
2024-03-26,STORE-DEL-01,SKU-BATTERY-AA,7,90.00,0
2024-03-27,STORE-DEL-01,SKU-BATTERY-AA,0,90.00,0
2024-03-28,STORE-DEL-01,SKU-BATTERY-AA,4,90.00,0
2024-03-29,STORE-DEL-01,SKU-BATTERY-AA,0,90.00,0
2024-03-30,STORE-DEL-01,SKU-BATTERY-AA,0,90.00,0
2024-03-31,STORE-DEL-01,SKU-BATTERY-AA,0,90.00,0
2024-04-01,STORE-DEL-01,SKU-BATTERY-AA,4,90.00,0
2024-04-02,STORE-DEL-01,SKU-BATTERY-AA,0,90.00,0
2024-04-03,STORE-DEL-01,SKU-BATTERY-AA,0,90.00,0
2024-04-04,STORE-DEL-01,SKU-BATTERY-AA,6,90.00,0
2024-04-05,STORE-DEL-01,SKU-BATTERY-AA,0,90.00,0
2024-04-06,STORE-DEL-01,SKU-BATTERY-AA,0,90.00,0
2024-04-07,STORE-DEL-01,SKU-BATTERY-AA,0,90.00,0
2024-04-08,STORE-DEL-01,SKU-BATTERY-AA,0,90.00,0
2024-04-09,STORE-DEL-01,SKU-BATTERY-AA,0,90.00,0
2024-04-10,STORE-DEL-01,SKU-BATTERY-AA,0,90.00,0
2024-04-11,STORE-DEL-01,SKU-BATTERY-AA,7,90.00,0
2024-04-12,STORE-DEL-01,SKU-BATTERY-AA,0,90.00,0
2024-04-13,STORE-DEL-01,SKU-BATTERY-AA,0,90.00,0
2024-04-14,STORE-DEL-01,SKU-BATTERY-AA,0,90.00,0
2024-04-15,STORE-DEL-01,SKU-BATTERY-AA,0,90.00,0
2024-04-16,STORE-DEL-01,SKU-BATTERY-AA,2,90.00,0
2024-04-17,STORE-DEL-01,SKU-BATTERY-AA,4,90.00,0
2024-04-18,STORE-DEL-01,SKU-BATTERY-AA,0,90.00,0
2024-04-19,STORE-DEL-01,SKU-BATTERY-AA,0,90.00,0
2024-04-20,STORE-DEL-01,SKU-BATTERY-AA,0,90.00,0
2024-04-21,STORE-DEL-01,SKU-BATTERY-AA,4,90.00,0
2024-04-22,STORE-DEL-01,SKU-BATTERY-AA,0,90.00,0
2024-04-23,STORE-DEL-01,SKU-BATTERY-AA,0,90.00,0
2024-04-24,STORE-DEL-01,SKU-BATTERY-AA,7,90.00,0
2024-04-25,STORE-DEL-01,SKU-BATTERY-AA,0,90.00,0
2024-04-26,STORE-DEL-01,SKU-BATTERY-AA,0,90.00,0
2024-04-27,STORE-DEL-01,SKU-BATTERY-AA,0,90.00,0
2024-04-28,STORE-DEL-01,SKU-BATTERY-AA,7,90.00,0
2024-04-29,STORE-DEL-01,SKU-BATTERY-AA,0,90.00,0
2024-04-30,STORE-DEL-01,SKU-BATTERY-AA,0,90.00,0
2024-05-01,STORE-DEL-01,SKU-BATTERY-AA,0,90.00,0
2024-05-02,STORE-DEL-01,SKU-BATTERY-AA,0,90.00,0
2024-05-03,STORE-DEL-01,SKU-BATTERY-AA,0,90.00,0
2024-05-04,STORE-DEL-01,SKU-BATTERY-AA,0,90.00,0
2024-05-05,STORE-DEL-01,SKU-BATTERY-AA,0,90.00,0
2024-05-06,STORE-DEL-01,SKU-BATTERY-AA,1,90.00,0
2024-05-07,STORE-DEL-01,SKU-BATTERY-AA,0,90.00,0
2024-05-08,STORE-DEL-01,SKU-BATTERY-AA,2,90.00,0
2024-05-09,STORE-DEL-01,SKU-BATTERY-AA,0,90.00,0
2024-05-10,STORE-DEL-01,SKU-BATTERY-AA,6,90.00,0
2024-05-11,STORE-DEL-01,SKU-BATTERY-AA,0,90.00,0
2024-05-12,STORE-DEL-01,SKU-BATTERY-AA,0,90.00,0
2024-05-13,STORE-DEL-01,SKU-BATTERY-AA,1,90.00,0
2024-05-14,STORE-DEL-01,SKU-BATTERY-AA,5,90.00,0
2024-05-15,STORE-DEL-01,SKU-BATTERY-AA,0,90.00,0
2024-05-16,STORE-DEL-01,SKU-BATTERY-AA,0,90.00,1
2024-05-17,STORE-DEL-01,SKU-BATTERY-AA,0,90.00,0
2024-05-18,STORE-DEL-01,SKU-BATTERY-AA,7,90.00,0
2024-05-19,STORE-DEL-01,SKU-BATTERY-AA,0,90.00,0
2024-05-20,STORE-DEL-01,SKU-BATTERY-AA,0,90.00,0
2024-05-21,STORE-DEL-01,SKU-BATTERY-AA,0,90.00,0
2024-05-22,STORE-DEL-01,SKU-BATTERY-AA,0,90.00,0
2024-05-23,STORE-DEL-01,SKU-BATTERY-AA,0,90.00,0
2024-05-24,STORE-DEL-01,SKU-BATTERY-AA,0,90.00,0
2024-05-25,STORE-DEL-01,SKU-BATTERY-AA,0,90.00,0
2024-05-26,STORE-DEL-01,SKU-BATTERY-AA,4,90.00,0
2024-05-27,STORE-DEL-01,SKU-BATTERY-AA,0,90.00,0
2024-05-28,STORE-DEL-01,SKU-BATTERY-AA,0,90.00,0
2024-05-29,STORE-DEL-01,SKU-BATTERY-AA,0,90.00,0
2024-05-30,STORE-DEL-01,SKU-BATTERY-AA,2,90.00,0
2024-05-31,STORE-DEL-01,SKU-BATTERY-AA,0,90.00,1
2024-06-01,STORE-DEL-01,SKU-BATTERY-AA,0,90.00,0
2024-06-02,STORE-DEL-01,SKU-BATTERY-AA,0,90.00,0
2024-06-03,STORE-DEL-01,SKU-BATTERY-AA,1,90.00,0
2024-06-04,STORE-DEL-01,SKU-BATTERY-AA,0,90.00,0
2024-06-05,STORE-DEL-01,SKU-BATTERY-AA,0,90.00,0
2024-06-06,STORE-DEL-01,SKU-BATTERY-AA,3,90.00,0
2024-06-07,STORE-DEL-01,SKU-BATTERY-AA,0,90.00,0
2024-06-08,STORE-DEL-01,SKU-BATTERY-AA,0,90.00,0
2024-06-09,STORE-DEL-01,SKU-BATTERY-AA,0,90.00,0
2024-06-10,STORE-DEL-01,SKU-BATTERY-AA,0,90.00,0
2024-06-11,STORE-DEL-01,SKU-BATTERY-AA,0,90.00,0
2024-06-12,STORE-DEL-01,SKU-BATTERY-AA,0,90.00,0
2024-06-13,STORE-DEL-01,SKU-BATTERY-AA,4,90.00,0
2024-06-14,STORE-DEL-01,SKU-BATTERY-AA,0,90.00,0
2024-06-15,STORE-DEL-01,SKU-BATTERY-AA,1,90.00,0
2024-06-16,STORE-DEL-01,SKU-BATTERY-AA,2,90.00,0
2024-06-17,STORE-DEL-01,SKU-BATTERY-AA,0,90.00,0
2024-06-18,STORE-DEL-01,SKU-BATTERY-AA,4,90.00,0
2024-06-19,STORE-DEL-01,SKU-BATTERY-AA,0,90.00,0
2024-06-20,STORE-DEL-01,SKU-BATTERY-AA,4,90.00,0
2024-06-21,STORE-DEL-01,SKU-BATTERY-AA,2,90.00,0
2024-06-22,STORE-DEL-01,SKU-BATTERY-AA,0,90.00,0
2024-06-23,STORE-DEL-01,SKU-BATTERY-AA,0,90.00,0
2024-06-24,STORE-DEL-01,SKU-BATTERY-AA,4,90.00,0
2024-06-25,STORE-DEL-01,SKU-BATTERY-AA,0,90.00,0
2024-06-26,STORE-DEL-01,SKU-BATTERY-AA,0,90.00,0
2024-06-27,STORE-DEL-01,SKU-BATTERY-AA,0,90.00,0
2024-06-28,STORE-DEL-01,SKU-BATTERY-AA,0,90.00,0
2024-06-29,STORE-DEL-01,SKU-BATTERY-AA,0,90.00,0
2024-06-30,STORE-DEL-01,SKU-BATTERY-AA,0,90.00,0
2024-07-01,STORE-DEL-01,SKU-BATTERY-AA,2,90.00,0
2024-07-02,STORE-DEL-01,SKU-BATTERY-AA,0,90.00,0
2024-07-03,STORE-DEL-01,SKU-BATTERY-AA,0,90.00,0
2024-07-04,STORE-DEL-01,SKU-BATTERY-AA,0,90.00,0
2024-07-05,STORE-DEL-01,SKU-BATTERY-AA,0,90.00,0
2024-07-06,STORE-DEL-01,SKU-BATTERY-AA,0,90.00,0
2024-07-07,STORE-DEL-01,SKU-BATTERY-AA,0,90.00,0
2024-07-08,STORE-DEL-01,SKU-BATTERY-AA,3,90.00,0
2024-07-09,STORE-DEL-01,SKU-BATTERY-AA,0,90.00,0
2024-07-10,STORE-DEL-01,SKU-BATTERY-AA,0,90.00,0
2024-07-11,STORE-DEL-01,SKU-BATTERY-AA,3,90.00,0
2024-07-12,STORE-DEL-01,SKU-BATTERY-AA,0,90.00,0
2024-07-13,STORE-DEL-01,SKU-BATTERY-AA,4,90.00,0
2024-07-14,STORE-DEL-01,SKU-BATTERY-AA,0,90.00,0
2024-07-15,STORE-DEL-01,SKU-BATTERY-AA,0,90.00,0
2024-07-16,STORE-DEL-01,SKU-BATTERY-AA,0,90.00,0
2024-07-17,STORE-DEL-01,SKU-BATTERY-AA,0,90.00,0
2024-07-18,STORE-DEL-01,SKU-BATTERY-AA,0,90.00,0
2024-07-19,STORE-DEL-01,SKU-BATTERY-AA,0,90.00,0
2024-07-20,STORE-DEL-01,SKU-BATTERY-AA,0,90.00,0
2024-07-21,STORE-DEL-01,SKU-BATTERY-AA,4,90.00,0
2024-07-22,STORE-DEL-01,SKU-BATTERY-AA,0,90.00,0
2024-07-23,STORE-DEL-01,SKU-BATTERY-AA,0,90.00,0
2024-07-24,STORE-DEL-01,SKU-BATTERY-AA,0,90.00,0
2024-07-25,STORE-DEL-01,SKU-BATTERY-AA,0,90.00,0
2024-07-26,STORE-DEL-01,SKU-BATTERY-AA,0,90.00,0
2024-07-27,STORE-DEL-01,SKU-BATTERY-AA,2,90.00,0
2024-07-28,STORE-DEL-01,SKU-BATTERY-AA,0,90.00,0
2024-07-29,STORE-DEL-01,SKU-BATTERY-AA,0,90.00,1
2024-07-30,STORE-DEL-01,SKU-BATTERY-AA,0,90.00,0
2024-07-31,STORE-DEL-01,SKU-BATTERY-AA,0,90.00,0
2024-08-01,STORE-DEL-01,SKU-BATTERY-AA,0,90.00,0
2024-08-02,STORE-DEL-01,SKU-BATTERY-AA,0,90.00,0
2024-08-03,STORE-DEL-01,SKU-BATTERY-AA,0,90.00,0
2024-08-04,STORE-DEL-01,SKU-BATTERY-AA,0,90.00,0
2024-08-05,STORE-DEL-01,SKU-BATTERY-AA,0,90.00,0
2024-08-06,STORE-DEL-01,SKU-BATTERY-AA,0,90.00,0
2024-08-07,STORE-DEL-01,SKU-BATTERY-AA,0,90.00,0
2024-08-08,STORE-DEL-01,SKU-BATTERY-AA,0,90.00,0
2024-08-09,STORE-DEL-01,SKU-BATTERY-AA,0,90.00,1
2024-08-10,STORE-DEL-01,SKU-BATTERY-AA,3,90.00,0
2024-08-11,STORE-DEL-01,SKU-BATTERY-AA,0,90.00,1
2024-08-12,STORE-DEL-01,SKU-BATTERY-AA,0,90.00,0
2024-08-13,STORE-DEL-01,SKU-BATTERY-AA,3,90.00,0
2024-08-14,STORE-DEL-01,SKU-BATTERY-AA,0,90.00,0
2024-08-15,STORE-DEL-01,SKU-BATTERY-AA,6,90.00,0
2024-08-16,STORE-DEL-01,SKU-BATTERY-AA,0,90.00,0
2024-08-17,STORE-DEL-01,SKU-BATTERY-AA,0,90.00,0
2024-08-18,STORE-DEL-01,SKU-BATTERY-AA,0,90.00,0
2024-08-19,STORE-DEL-01,SKU-BATTERY-AA,0,90.00,0
2024-08-20,STORE-DEL-01,SKU-BATTERY-AA,0,90.00,0
2024-08-21,STORE-DEL-01,SKU-BATTERY-AA,0,90.00,0
2024-08-22,STORE-DEL-01,SKU-BATTERY-AA,0,90.00,0
2024-08-23,STORE-DEL-01,SKU-BATTERY-AA,0,90.00,1
2024-08-24,STORE-DEL-01,SKU-BATTERY-AA,0,90.00,0
2024-08-25,STORE-DEL-01,SKU-BATTERY-AA,0,90.00,0
2024-08-26,STORE-DEL-01,SKU-BATTERY-AA,1,90.00,0
2024-08-27,STORE-DEL-01,SKU-BATTERY-AA,6,90.00,0
2024-08-28,STORE-DEL-01,SKU-BATTERY-AA,0,90.00,0
2024-08-29,STORE-DEL-01,SKU-BATTERY-AA,2,90.00,0
2024-08-30,STORE-DEL-01,SKU-BATTERY-AA,0,90.00,0
2024-08-31,STORE-DEL-01,SKU-BATTERY-AA,0,90.00,0
2024-09-01,STORE-DEL-01,SKU-BATTERY-AA,0,90.00,0
2024-09-02,STORE-DEL-01,SKU-BATTERY-AA,0,90.00,1
2024-09-03,STORE-DEL-01,SKU-BATTERY-AA,0,90.00,0
2024-09-04,STORE-DEL-01,SKU-BATTERY-AA,0,90.00,0
2024-09-05,STORE-DEL-01,SKU-BATTERY-AA,0,90.00,0
2024-09-06,STORE-DEL-01,SKU-BATTERY-AA,0,90.00,0
2024-09-07,STORE-DEL-01,SKU-BATTERY-AA,0,90.00,0
2024-09-08,STORE-DEL-01,SKU-BATTERY-AA,0,90.00,0
2024-09-09,STORE-DEL-01,SKU-BATTERY-AA,0,90.00,0
2024-09-10,STORE-DEL-01,SKU-BATTERY-AA,0,90.00,0
2024-09-11,STORE-DEL-01,SKU-BATTERY-AA,0,90.00,0
2024-09-12,STORE-DEL-01,SKU-BATTERY-AA,0,90.00,0
2024-09-13,STORE-DEL-01,SKU-BATTERY-AA,5,90.00,0
2024-09-14,STORE-DEL-01,SKU-BATTERY-AA,5,90.00,1
2024-09-15,STORE-DEL-01,SKU-BATTERY-AA,0,90.00,1
2024-09-16,STORE-DEL-01,SKU-BATTERY-AA,2,90.00,0
2024-09-17,STORE-DEL-01,SKU-BATTERY-AA,3,90.00,0
2024-09-18,STORE-DEL-01,SKU-BATTERY-AA,0,90.00,0
2024-09-19,STORE-DEL-01,SKU-BATTERY-AA,0,90.00,0
2024-09-20,STORE-DEL-01,SKU-BATTERY-AA,0,90.00,0
2024-09-21,STORE-DEL-01,SKU-BATTERY-AA,0,90.00,0
2024-09-22,STORE-DEL-01,SKU-BATTERY-AA,4,90.00,0
2024-09-23,STORE-DEL-01,SKU-BATTERY-AA,0,90.00,0
2024-09-24,STORE-DEL-01,SKU-BATTERY-AA,0,90.00,0
2024-09-25,STORE-DEL-01,SKU-BATTERY-AA,4,90.00,1
2024-09-26,STORE-DEL-01,SKU-BATTERY-AA,0,90.00,1
2024-09-27,STORE-DEL-01,SKU-BATTERY-AA,0,90.00,0
2024-09-28,STORE-DEL-01,SKU-BATTERY-AA,0,90.00,0
2024-09-29,STORE-DEL-01,SKU-BATTERY-AA,1,90.00,0
2024-09-30,STORE-DEL-01,SKU-BATTERY-AA,0,90.00,0
2024-10-01,STORE-DEL-01,SKU-BATTERY-AA,0,90.00,0
2024-10-02,STORE-DEL-01,SKU-BATTERY-AA,0,90.00,0
2024-10-03,STORE-DEL-01,SKU-BATTERY-AA,0,90.00,0
2024-10-04,STORE-DEL-01,SKU-BATTERY-AA,0,90.00,0
2024-10-05,STORE-DEL-01,SKU-BATTERY-AA,0,90.00,0
2024-10-06,STORE-DEL-01,SKU-BATTERY-AA,0,90.00,0
2024-10-07,STORE-DEL-01,SKU-BATTERY-AA,0,90.00,0
2024-10-08,STORE-DEL-01,SKU-BATTERY-AA,1,90.00,0
2024-10-09,STORE-DEL-01,SKU-BATTERY-AA,0,90.00,0
2024-10-10,STORE-DEL-01,SKU-BATTERY-AA,2,90.00,0
2024-10-11,STORE-DEL-01,SKU-BATTERY-AA,3,90.00,0
2024-10-12,STORE-DEL-01,SKU-BATTERY-AA,0,90.00,0
2024-10-13,STORE-DEL-01,SKU-BATTERY-AA,0,90.00,0
2024-10-14,STORE-DEL-01,SKU-BATTERY-AA,0,90.00,0
2024-10-15,STORE-DEL-01,SKU-BATTERY-AA,2,90.00,0
2024-10-16,STORE-DEL-01,SKU-BATTERY-AA,0,90.00,0
2024-10-17,STORE-DEL-01,SKU-BATTERY-AA,0,90.00,0
2024-10-18,STORE-DEL-01,SKU-BATTERY-AA,0,90.00,0
2024-10-19,STORE-DEL-01,SKU-BATTERY-AA,3,90.00,0
2024-10-20,STORE-DEL-01,SKU-BATTERY-AA,0,90.00,0
2024-10-21,STORE-DEL-01,SKU-BATTERY-AA,0,90.00,0
2024-10-22,STORE-DEL-01,SKU-BATTERY-AA,0,90.00,1
2024-10-23,STORE-DEL-01,SKU-BATTERY-AA,0,90.00,0
2024-10-24,STORE-DEL-01,SKU-BATTERY-AA,0,90.00,0
2024-10-25,STORE-DEL-01,SKU-BATTERY-AA,4,90.00,0
2024-10-26,STORE-DEL-01,SKU-BATTERY-AA,0,90.00,0
2024-10-27,STORE-DEL-01,SKU-BATTERY-AA,3,90.00,0
2024-10-28,STORE-DEL-01,SKU-BATTERY-AA,4,90.00,0
2024-10-29,STORE-DEL-01,SKU-BATTERY-AA,6,90.00,0
2024-10-30,STORE-DEL-01,SKU-BATTERY-AA,0,90.00,0
2024-10-31,STORE-DEL-01,SKU-BATTERY-AA,0,90.00,0
2024-11-01,STORE-DEL-01,SKU-BATTERY-AA,0,90.00,0
2024-11-02,STORE-DEL-01,SKU-BATTERY-AA,3,90.00,0
2024-11-03,STORE-DEL-01,SKU-BATTERY-AA,0,90.00,0
2024-11-04,STORE-DEL-01,SKU-BATTERY-AA,5,90.00,0
2024-11-05,STORE-DEL-01,SKU-BATTERY-AA,4,90.00,0
2024-11-06,STORE-DEL-01,SKU-BATTERY-AA,0,90.00,0
2024-11-07,STORE-DEL-01,SKU-BATTERY-AA,0,90.00,0
2024-11-08,STORE-DEL-01,SKU-BATTERY-AA,0,90.00,0
2024-11-09,STORE-DEL-01,SKU-BATTERY-AA,0,90.00,0
2024-11-10,STORE-DEL-01,SKU-BATTERY-AA,0,90.00,0
2024-11-11,STORE-DEL-01,SKU-BATTERY-AA,0,90.00,0
2024-11-12,STORE-DEL-01,SKU-BATTERY-AA,1,90.00,0
2024-11-13,STORE-DEL-01,SKU-BATTERY-AA,3,90.00,0
2024-11-14,STORE-DEL-01,SKU-BATTERY-AA,0,90.00,1
2024-11-15,STORE-DEL-01,SKU-BATTERY-AA,0,90.00,0
2024-11-16,STORE-DEL-01,SKU-BATTERY-AA,4,90.00,0
2024-11-17,STORE-DEL-01,SKU-BATTERY-AA,1,90.00,0
2024-11-18,STORE-DEL-01,SKU-BATTERY-AA,0,90.00,0
2024-11-19,STORE-DEL-01,SKU-BATTERY-AA,4,90.00,0
2024-11-20,STORE-DEL-01,SKU-BATTERY-AA,0,90.00,1
2024-11-21,STORE-DEL-01,SKU-BATTERY-AA,2,90.00,0
2024-11-22,STORE-DEL-01,SKU-BATTERY-AA,0,90.00,0
2024-11-23,STORE-DEL-01,SKU-BATTERY-AA,0,90.00,0
2024-11-24,STORE-DEL-01,SKU-BATTERY-AA,0,90.00,0
2024-11-25,STORE-DEL-01,SKU-BATTERY-AA,0,90.00,0
2024-11-26,STORE-DEL-01,SKU-BATTERY-AA,0,90.00,0
2024-11-27,STORE-DEL-01,SKU-BATTERY-AA,2,90.00,0
2024-11-28,STORE-DEL-01,SKU-BATTERY-AA,0,90.00,0
2024-11-29,STORE-DEL-01,SKU-BATTERY-AA,0,90.00,0
2024-11-30,STORE-DEL-01,SKU-BATTERY-AA,0,90.00,0
2024-12-01,STORE-DEL-01,SKU-BATTERY-AA,5,90.00,0
2024-12-02,STORE-DEL-01,SKU-BATTERY-AA,0,90.00,0
2024-12-03,STORE-DEL-01,SKU-BATTERY-AA,0,90.00,0
2024-12-04,STORE-DEL-01,SKU-BATTERY-AA,0,90.00,0
2024-12-05,STORE-DEL-01,SKU-BATTERY-AA,0,90.00,0
2024-12-06,STORE-DEL-01,SKU-BATTERY-AA,5,90.00,0
2024-12-07,STORE-DEL-01,SKU-BATTERY-AA,7,90.00,0
2024-12-08,STORE-DEL-01,SKU-BATTERY-AA,4,90.00,0
2024-12-09,STORE-DEL-01,SKU-BATTERY-AA,0,90.00,0
2024-12-10,STORE-DEL-01,SKU-BATTERY-AA,0,90.00,0
2024-12-11,STORE-DEL-01,SKU-BATTERY-AA,1,90.00,0
2024-12-12,STORE-DEL-01,SKU-BATTERY-AA,0,90.00,0
2024-12-13,STORE-DEL-01,SKU-BATTERY-AA,4,90.00,0
2024-12-14,STORE-DEL-01,SKU-BATTERY-AA,0,90.00,1
2024-12-15,STORE-DEL-01,SKU-BATTERY-AA,0,90.00,0
2024-12-16,STORE-DEL-01,SKU-BATTERY-AA,0,90.00,0
2024-12-17,STORE-DEL-01,SKU-BATTERY-AA,0,90.00,0
2024-12-18,STORE-DEL-01,SKU-BATTERY-AA,3,90.00,0
2024-12-19,STORE-DEL-01,SKU-BATTERY-AA,4,90.00,0
2024-12-20,STORE-DEL-01,SKU-BATTERY-AA,1,90.00,0
2024-12-21,STORE-DEL-01,SKU-BATTERY-AA,0,90.00,0
2024-12-22,STORE-DEL-01,SKU-BATTERY-AA,0,90.00,0
2024-12-23,STORE-DEL-01,SKU-BATTERY-AA,0,90.00,0
2024-12-24,STORE-DEL-01,SKU-BATTERY-AA,0,90.00,0
2024-12-25,STORE-DEL-01,SKU-BATTERY-AA,0,90.00,0
2024-12-26,STORE-DEL-01,SKU-BATTERY-AA,4,90.00,0
2024-12-27,STORE-DEL-01,SKU-BATTERY-AA,0,90.00,0
2024-12-28,STORE-DEL-01,SKU-BATTERY-AA,0,90.00,0
2024-12-29,STORE-DEL-01,SKU-BATTERY-AA,6,90.00,0
2024-12-30,STORE-DEL-01,SKU-BATTERY-AA,6,90.00,0
2024-12-31,STORE-DEL-01,SKU-BATTERY-AA,1,90.00,0
2025-01-01,STORE-DEL-01,SKU-BATTERY-AA,0,90.00,0
2025-01-02,STORE-DEL-01,SKU-BATTERY-AA,0,90.00,0
2025-01-03,STORE-DEL-01,SKU-BATTERY-AA,5,90.00,0
2025-01-04,STORE-DEL-01,SKU-BATTERY-AA,0,90.00,1
2025-01-05,STORE-DEL-01,SKU-BATTERY-AA,0,90.00,0
2025-01-06,STORE-DEL-01,SKU-BATTERY-AA,0,90.00,0
2025-01-07,STORE-DEL-01,SKU-BATTERY-AA,0,90.00,0
2025-01-08,STORE-DEL-01,SKU-BATTERY-AA,4,90.00,0
2025-01-09,STORE-DEL-01,SKU-BATTERY-AA,0,90.00,0
2025-01-10,STORE-DEL-01,SKU-BATTERY-AA,6,90.00,0
2025-01-11,STORE-DEL-01,SKU-BATTERY-AA,0,90.00,0
2025-01-12,STORE-DEL-01,SKU-BATTERY-AA,0,90.00,0
2025-01-13,STORE-DEL-01,SKU-BATTERY-AA,4,90.00,0
2025-01-14,STORE-DEL-01,SKU-BATTERY-AA,7,90.00,1
2025-01-15,STORE-DEL-01,SKU-BATTERY-AA,0,90.00,0
2025-01-16,STORE-DEL-01,SKU-BATTERY-AA,0,90.00,0
2025-01-17,STORE-DEL-01,SKU-BATTERY-AA,0,90.00,0
2025-01-18,STORE-DEL-01,SKU-BATTERY-AA,3,90.00,0
2025-01-19,STORE-DEL-01,SKU-BATTERY-AA,0,90.00,0
2025-01-20,STORE-DEL-01,SKU-BATTERY-AA,0,90.00,0
2025-01-21,STORE-DEL-01,SKU-BATTERY-AA,0,90.00,0
2025-01-22,STORE-DEL-01,SKU-BATTERY-AA,2,90.00,0
2025-01-23,STORE-DEL-01,SKU-BATTERY-AA,0,90.00,0
2025-01-24,STORE-DEL-01,SKU-BATTERY-AA,0,90.00,0
2025-01-25,STORE-DEL-01,SKU-BATTERY-AA,1,90.00,0
2025-01-26,STORE-DEL-01,SKU-BATTERY-AA,3,90.00,0
2025-01-27,STORE-DEL-01,SKU-BATTERY-AA,0,90.00,0
2025-01-28,STORE-DEL-01,SKU-BATTERY-AA,0,90.00,0
2025-01-29,STORE-DEL-01,SKU-BATTERY-AA,0,90.00,0
2025-01-30,STORE-DEL-01,SKU-BATTERY-AA,0,90.00,0
2025-01-31,STORE-DEL-01,SKU-BATTERY-AA,0,90.00,0
2025-02-01,STORE-DEL-01,SKU-BATTERY-AA,2,90.00,0
2025-02-02,STORE-DEL-01,SKU-BATTERY-AA,6,90.00,0
2025-02-03,STORE-DEL-01,SKU-BATTERY-AA,0,90.00,0
2025-02-04,STORE-DEL-01,SKU-BATTERY-AA,3,90.00,0
2025-02-05,STORE-DEL-01,SKU-BATTERY-AA,1,90.00,0
2025-02-06,STORE-DEL-01,SKU-BATTERY-AA,0,90.00,0
2025-02-07,STORE-DEL-01,SKU-BATTERY-AA,0,90.00,0
2025-02-08,STORE-DEL-01,SKU-BATTERY-AA,0,90.00,0
2025-02-09,STORE-DEL-01,SKU-BATTERY-AA,3,90.00,0
2025-02-10,STORE-DEL-01,SKU-BATTERY-AA,0,90.00,0
2025-02-11,STORE-DEL-01,SKU-BATTERY-AA,0,90.00,1
2025-02-12,STORE-DEL-01,SKU-BATTERY-AA,4,90.00,0
2025-02-13,STORE-DEL-01,SKU-BATTERY-AA,0,90.00,0
2025-02-14,STORE-DEL-01,SKU-BATTERY-AA,0,90.00,0
2025-02-15,STORE-DEL-01,SKU-BATTERY-AA,1,90.00,0
2025-02-16,STORE-DEL-01,SKU-BATTERY-AA,0,90.00,0
2025-02-17,STORE-DEL-01,SKU-BATTERY-AA,0,90.00,0
2025-02-18,STORE-DEL-01,SKU-BATTERY-AA,1,90.00,0
2025-02-19,STORE-DEL-01,SKU-BATTERY-AA,0,90.00,0
2025-02-20,STORE-DEL-01,SKU-BATTERY-AA,0,90.00,0
2025-02-21,STORE-DEL-01,SKU-BATTERY-AA,1,90.00,0
2025-02-22,STORE-DEL-01,SKU-BATTERY-AA,0,90.00,0
2025-02-23,STORE-DEL-01,SKU-BATTERY-AA,5,90.00,0
2025-02-24,STORE-DEL-01,SKU-BATTERY-AA,8,90.00,0
2025-02-25,STORE-DEL-01,SKU-BATTERY-AA,4,90.00,0
2025-02-26,STORE-DEL-01,SKU-BATTERY-AA,0,90.00,0
2025-02-27,STORE-DEL-01,SKU-BATTERY-AA,0,90.00,0
2025-02-28,STORE-DEL-01,SKU-BATTERY-AA,0,90.00,0
2025-03-01,STORE-DEL-01,SKU-BATTERY-AA,0,90.00,0
2025-03-02,STORE-DEL-01,SKU-BATTERY-AA,0,90.00,0
2025-03-03,STORE-DEL-01,SKU-BATTERY-AA,0,90.00,0
2025-03-04,STORE-DEL-01,SKU-BATTERY-AA,0,90.00,0
2025-03-05,STORE-DEL-01,SKU-BATTERY-AA,0,90.00,0
2025-03-06,STORE-DEL-01,SKU-BATTERY-AA,0,90.00,1
2025-03-07,STORE-DEL-01,SKU-BATTERY-AA,5,90.00,0
2025-03-08,STORE-DEL-01,SKU-BATTERY-AA,3,90.00,1
2025-03-09,STORE-DEL-01,SKU-BATTERY-AA,0,90.00,0
2025-03-10,STORE-DEL-01,SKU-BATTERY-AA,2,90.00,1
2025-03-11,STORE-DEL-01,SKU-BATTERY-AA,0,90.00,0
2025-03-12,STORE-DEL-01,SKU-BATTERY-AA,0,90.00,0
2025-03-13,STORE-DEL-01,SKU-BATTERY-AA,6,90.00,0
2025-03-14,STORE-DEL-01,SKU-BATTERY-AA,0,90.00,0
2025-03-15,STORE-DEL-01,SKU-BATTERY-AA,8,90.00,0
2025-03-16,STORE-DEL-01,SKU-BATTERY-AA,10,90.00,0
2025-03-17,STORE-DEL-01,SKU-BATTERY-AA,5,90.00,0
2025-03-18,STORE-DEL-01,SKU-BATTERY-AA,4,90.00,0
2025-03-19,STORE-DEL-01,SKU-BATTERY-AA,1,90.00,0
2025-03-20,STORE-DEL-01,SKU-BATTERY-AA,0,90.00,0
2025-03-21,STORE-DEL-01,SKU-BATTERY-AA,0,90.00,0
2025-03-22,STORE-DEL-01,SKU-BATTERY-AA,0,90.00,0
2025-03-23,STORE-DEL-01,SKU-BATTERY-AA,0,90.00,0
2025-03-24,STORE-DEL-01,SKU-BATTERY-AA,0,90.00,0
2025-03-25,STORE-DEL-01,SKU-BATTERY-AA,0,90.00,0
2025-03-26,STORE-DEL-01,SKU-BATTERY-AA,0,90.00,0
2025-03-27,STORE-DEL-01,SKU-BATTERY-AA,0,90.00,0
2025-03-28,STORE-DEL-01,SKU-BATTERY-AA,0,90.00,0
2025-03-29,STORE-DEL-01,SKU-BATTERY-AA,6,90.00,0
2025-03-30,STORE-DEL-01,SKU-BATTERY-AA,0,90.00,1
2025-03-31,STORE-DEL-01,SKU-BATTERY-AA,0,90.00,0
2025-04-01,STORE-DEL-01,SKU-BATTERY-AA,0,90.00,0
2025-04-02,STORE-DEL-01,SKU-BATTERY-AA,0,90.00,0
2025-04-03,STORE-DEL-01,SKU-BATTERY-AA,0,90.00,0
2025-04-04,STORE-DEL-01,SKU-BATTERY-AA,0,90.00,0
2025-04-05,STORE-DEL-01,SKU-BATTERY-AA,7,90.00,0
2025-04-06,STORE-DEL-01,SKU-BATTERY-AA,0,90.00,0
2025-04-07,STORE-DEL-01,SKU-BATTERY-AA,0,90.00,0
2025-04-08,STORE-DEL-01,SKU-BATTERY-AA,0,90.00,0
2025-04-09,STORE-DEL-01,SKU-BATTERY-AA,5,90.00,0
2025-04-10,STORE-DEL-01,SKU-BATTERY-AA,0,90.00,0
2025-04-11,STORE-DEL-01,SKU-BATTERY-AA,0,90.00,0
2025-04-12,STORE-DEL-01,SKU-BATTERY-AA,0,90.00,1
2025-04-13,STORE-DEL-01,SKU-BATTERY-AA,8,90.00,0
2025-04-14,STORE-DEL-01,SKU-BATTERY-AA,0,90.00,0
2025-04-15,STORE-DEL-01,SKU-BATTERY-AA,3,90.00,0
2025-04-16,STORE-DEL-01,SKU-BATTERY-AA,0,90.00,0
2025-04-17,STORE-DEL-01,SKU-BATTERY-AA,0,90.00,0
2025-04-18,STORE-DEL-01,SKU-BATTERY-AA,4,90.00,0
2025-04-19,STORE-DEL-01,SKU-BATTERY-AA,7,90.00,0
2025-04-20,STORE-DEL-01,SKU-BATTERY-AA,0,90.00,0
2025-04-21,STORE-DEL-01,SKU-BATTERY-AA,0,90.00,0
2025-04-22,STORE-DEL-01,SKU-BATTERY-AA,0,90.00,0
2025-04-23,STORE-DEL-01,SKU-BATTERY-AA,0,90.00,0
2025-04-24,STORE-DEL-01,SKU-BATTERY-AA,7,90.00,0
2025-04-25,STORE-DEL-01,SKU-BATTERY-AA,2,90.00,0
2025-04-26,STORE-DEL-01,SKU-BATTERY-AA,0,90.00,0
2025-04-27,STORE-DEL-01,SKU-BATTERY-AA,5,90.00,0
2025-04-28,STORE-DEL-01,SKU-BATTERY-AA,0,90.00,0
2025-04-29,STORE-DEL-01,SKU-BATTERY-AA,2,90.00,0
2025-04-30,STORE-DEL-01,SKU-BATTERY-AA,2,90.00,0
2025-05-01,STORE-DEL-01,SKU-BATTERY-AA,4,90.00,0
2025-05-02,STORE-DEL-01,SKU-BATTERY-AA,0,90.00,0
2025-05-03,STORE-DEL-01,SKU-BATTERY-AA,10,90.00,0
2025-05-04,STORE-DEL-01,SKU-BATTERY-AA,0,90.00,0
2025-05-05,STORE-DEL-01,SKU-BATTERY-AA,0,90.00,0
2025-05-06,STORE-DEL-01,SKU-BATTERY-AA,0,90.00,0
2025-05-07,STORE-DEL-01,SKU-BATTERY-AA,0,90.00,0
2025-05-08,STORE-DEL-01,SKU-BATTERY-AA,3,90.00,0
2025-05-09,STORE-DEL-01,SKU-BATTERY-AA,0,90.00,0
2025-05-10,STORE-DEL-01,SKU-BATTERY-AA,1,90.00,0
2025-05-11,STORE-DEL-01,SKU-BATTERY-AA,1,90.00,0
2025-05-12,STORE-DEL-01,SKU-BATTERY-AA,0,90.00,1
2025-05-13,STORE-DEL-01,SKU-BATTERY-AA,0,90.00,0
2025-05-14,STORE-DEL-01,SKU-BATTERY-AA,0,90.00,0
2025-05-15,STORE-DEL-01,SKU-BATTERY-AA,0,90.00,0
2025-05-16,STORE-DEL-01,SKU-BATTERY-AA,0,90.00,0
2025-05-17,STORE-DEL-01,SKU-BATTERY-AA,9,90.00,0
2025-05-18,STORE-DEL-01,SKU-BATTERY-AA,0,90.00,0
2025-05-19,STORE-DEL-01,SKU-BATTERY-AA,0,90.00,0
2025-05-20,STORE-DEL-01,SKU-BATTERY-AA,0,90.00,0
2025-05-21,STORE-DEL-01,SKU-BATTERY-AA,0,90.00,0
2025-05-22,STORE-DEL-01,SKU-BATTERY-AA,0,90.00,0
2025-05-23,STORE-DEL-01,SKU-BATTERY-AA,0,90.00,0
2025-05-24,STORE-DEL-01,SKU-BATTERY-AA,0,90.00,0
2025-05-25,STORE-DEL-01,SKU-BATTERY-AA,7,90.00,0
2025-05-26,STORE-DEL-01,SKU-BATTERY-AA,4,90.00,0
2025-05-27,STORE-DEL-01,SKU-BATTERY-AA,0,90.00,0
2025-05-28,STORE-DEL-01,SKU-BATTERY-AA,0,90.00,0
2025-05-29,STORE-DEL-01,SKU-BATTERY-AA,0,90.00,0
2025-05-30,STORE-DEL-01,SKU-BATTERY-AA,0,90.00,0
2025-05-31,STORE-DEL-01,SKU-BATTERY-AA,1,90.00,0
2025-06-01,STORE-DEL-01,SKU-BATTERY-AA,3,90.00,0
2025-06-02,STORE-DEL-01,SKU-BATTERY-AA,0,90.00,0
2025-06-03,STORE-DEL-01,SKU-BATTERY-AA,3,90.00,1
2025-06-04,STORE-DEL-01,SKU-BATTERY-AA,0,90.00,0
2025-06-05,STORE-DEL-01,SKU-BATTERY-AA,0,90.00,0
2025-06-06,STORE-DEL-01,SKU-BATTERY-AA,0,90.00,1
2025-06-07,STORE-DEL-01,SKU-BATTERY-AA,0,90.00,0
2025-06-08,STORE-DEL-01,SKU-BATTERY-AA,0,90.00,0
2025-06-09,STORE-DEL-01,SKU-BATTERY-AA,0,90.00,0
2025-06-10,STORE-DEL-01,SKU-BATTERY-AA,0,90.00,0
2025-06-11,STORE-DEL-01,SKU-BATTERY-AA,0,90.00,0
2025-06-12,STORE-DEL-01,SKU-BATTERY-AA,5,90.00,0
2025-06-13,STORE-DEL-01,SKU-BATTERY-AA,2,90.00,0
2025-06-14,STORE-DEL-01,SKU-BATTERY-AA,0,90.00,0
2025-06-15,STORE-DEL-01,SKU-BATTERY-AA,2,90.00,0
2025-06-16,STORE-DEL-01,SKU-BATTERY-AA,5,90.00,0
2025-06-17,STORE-DEL-01,SKU-BATTERY-AA,0,90.00,0
2025-06-18,STORE-DEL-01,SKU-BATTERY-AA,0,90.00,0
2025-06-19,STORE-DEL-01,SKU-BATTERY-AA,0,90.00,0
2025-06-20,STORE-DEL-01,SKU-BATTERY-AA,0,90.00,0
2025-06-21,STORE-DEL-01,SKU-BATTERY-AA,7,90.00,0
2025-06-22,STORE-DEL-01,SKU-BATTERY-AA,0,90.00,0
2025-06-23,STORE-DEL-01,SKU-BATTERY-AA,1,90.00,1
2025-06-24,STORE-DEL-01,SKU-BATTERY-AA,0,90.00,0
2025-06-25,STORE-DEL-01,SKU-BATTERY-AA,1,90.00,0
2025-06-26,STORE-DEL-01,SKU-BATTERY-AA,5,90.00,0
2025-06-27,STORE-DEL-01,SKU-BATTERY-AA,0,90.00,0
2025-06-28,STORE-DEL-01,SKU-BATTERY-AA,0,90.00,0
2025-06-29,STORE-DEL-01,SKU-BATTERY-AA,4,90.00,0
2025-06-30,STORE-DEL-01,SKU-BATTERY-AA,0,90.00,0
2025-07-01,STORE-DEL-01,SKU-BATTERY-AA,2,90.00,0
2025-07-02,STORE-DEL-01,SKU-BATTERY-AA,0,90.00,0
2025-07-03,STORE-DEL-01,SKU-BATTERY-AA,0,90.00,0
2025-07-04,STORE-DEL-01,SKU-BATTERY-AA,0,90.00,0
2025-07-05,STORE-DEL-01,SKU-BATTERY-AA,0,90.00,0
2025-07-06,STORE-DEL-01,SKU-BATTERY-AA,6,90.00,0
2025-07-07,STORE-DEL-01,SKU-BATTERY-AA,0,90.00,0
2025-07-08,STORE-DEL-01,SKU-BATTERY-AA,0,90.00,0
2025-07-09,STORE-DEL-01,SKU-BATTERY-AA,0,90.00,0
2025-07-10,STORE-DEL-01,SKU-BATTERY-AA,0,90.00,0
2025-07-11,STORE-DEL-01,SKU-BATTERY-AA,0,90.00,0
2025-07-12,STORE-DEL-01,SKU-BATTERY-AA,0,90.00,0
2025-07-13,STORE-DEL-01,SKU-BATTERY-AA,0,90.00,0
2025-07-14,STORE-DEL-01,SKU-BATTERY-AA,5,90.00,0
2025-07-15,STORE-DEL-01,SKU-BATTERY-AA,4,90.00,0
2025-07-16,STORE-DEL-01,SKU-BATTERY-AA,0,90.00,0
2025-07-17,STORE-DEL-01,SKU-BATTERY-AA,0,90.00,0
2025-07-18,STORE-DEL-01,SKU-BATTERY-AA,0,90.00,0
2025-07-19,STORE-DEL-01,SKU-BATTERY-AA,1,90.00,0
2025-07-20,STORE-DEL-01,SKU-BATTERY-AA,4,90.00,0
2025-07-21,STORE-DEL-01,SKU-BATTERY-AA,0,90.00,0
2025-07-22,STORE-DEL-01,SKU-BATTERY-AA,0,90.00,0
2025-07-23,STORE-DEL-01,SKU-BATTERY-AA,0,90.00,1
2025-07-24,STORE-DEL-01,SKU-BATTERY-AA,0,90.00,0
2025-07-25,STORE-DEL-01,SKU-BATTERY-AA,0,90.00,0
2025-07-26,STORE-DEL-01,SKU-BATTERY-AA,0,90.00,0
2025-07-27,STORE-DEL-01,SKU-BATTERY-AA,0,90.00,0
2025-07-28,STORE-DEL-01,SKU-BATTERY-AA,0,90.00,0
2025-07-29,STORE-DEL-01,SKU-BATTERY-AA,0,90.00,0
2025-07-30,STORE-DEL-01,SKU-BATTERY-AA,0,90.00,0
2025-07-31,STORE-DEL-01,SKU-BATTERY-AA,0,90.00,0
2025-08-01,STORE-DEL-01,SKU-BATTERY-AA,0,90.00,0
2025-08-02,STORE-DEL-01,SKU-BATTERY-AA,0,90.00,0
2025-08-03,STORE-DEL-01,SKU-BATTERY-AA,0,90.00,0
2025-08-04,STORE-DEL-01,SKU-BATTERY-AA,1,90.00,0
2025-08-05,STORE-DEL-01,SKU-BATTERY-AA,0,90.00,0
2025-08-06,STORE-DEL-01,SKU-BATTERY-AA,0,90.00,0
2025-08-07,STORE-DEL-01,SKU-BATTERY-AA,0,90.00,0
2025-08-08,STORE-DEL-01,SKU-BATTERY-AA,0,90.00,0
2025-08-09,STORE-DEL-01,SKU-BATTERY-AA,0,90.00,0
2025-08-10,STORE-DEL-01,SKU-BATTERY-AA,0,90.00,0
2025-08-11,STORE-DEL-01,SKU-BATTERY-AA,0,90.00,0
2025-08-12,STORE-DEL-01,SKU-BATTERY-AA,0,90.00,0
2025-08-13,STORE-DEL-01,SKU-BATTERY-AA,0,90.00,0
2025-08-14,STORE-DEL-01,SKU-BATTERY-AA,3,90.00,0
2025-08-15,STORE-DEL-01,SKU-BATTERY-AA,0,90.00,0
2025-08-16,STORE-DEL-01,SKU-BATTERY-AA,0,90.00,0
2025-08-17,STORE-DEL-01,SKU-BATTERY-AA,4,90.00,0
2025-08-18,STORE-DEL-01,SKU-BATTERY-AA,0,90.00,0
2025-08-19,STORE-DEL-01,SKU-BATTERY-AA,1,90.00,0
2025-08-20,STORE-DEL-01,SKU-BATTERY-AA,0,90.00,0
2025-08-21,STORE-DEL-01,SKU-BATTERY-AA,0,90.00,0
2025-08-22,STORE-DEL-01,SKU-BATTERY-AA,0,90.00,0
2025-08-23,STORE-DEL-01,SKU-BATTERY-AA,1,90.00,0
2025-08-24,STORE-DEL-01,SKU-BATTERY-AA,0,90.00,0
2025-08-25,STORE-DEL-01,SKU-BATTERY-AA,0,90.00,0
2025-08-26,STORE-DEL-01,SKU-BATTERY-AA,7,90.00,0
2025-08-27,STORE-DEL-01,SKU-BATTERY-AA,0,90.00,0
2025-08-28,STORE-DEL-01,SKU-BATTERY-AA,0,90.00,0
2025-08-29,STORE-DEL-01,SKU-BATTERY-AA,0,90.00,0
2025-08-30,STORE-DEL-01,SKU-BATTERY-AA,0,90.00,0
2025-08-31,STORE-DEL-01,SKU-BATTERY-AA,0,90.00,0
2025-09-01,STORE-DEL-01,SKU-BATTERY-AA,0,90.00,0
2025-09-02,STORE-DEL-01,SKU-BATTERY-AA,0,90.00,1
2025-09-03,STORE-DEL-01,SKU-BATTERY-AA,0,90.00,0
2025-09-04,STORE-DEL-01,SKU-BATTERY-AA,0,90.00,0
2025-09-05,STORE-DEL-01,SKU-BATTERY-AA,0,90.00,0
2025-09-06,STORE-DEL-01,SKU-BATTERY-AA,0,90.00,0
2025-09-07,STORE-DEL-01,SKU-BATTERY-AA,0,90.00,0
2025-09-08,STORE-DEL-01,SKU-BATTERY-AA,2,90.00,0
2025-09-09,STORE-DEL-01,SKU-BATTERY-AA,0,90.00,0
2025-09-10,STORE-DEL-01,SKU-BATTERY-AA,0,90.00,0
2025-09-11,STORE-DEL-01,SKU-BATTERY-AA,0,90.00,0
2025-09-12,STORE-DEL-01,SKU-BATTERY-AA,0,90.00,0
2025-09-13,STORE-DEL-01,SKU-BATTERY-AA,0,90.00,0
2025-09-14,STORE-DEL-01,SKU-BATTERY-AA,0,90.00,0
2025-09-15,STORE-DEL-01,SKU-BATTERY-AA,3,90.00,0
2025-09-16,STORE-DEL-01,SKU-BATTERY-AA,0,90.00,0
2025-09-17,STORE-DEL-01,SKU-BATTERY-AA,0,90.00,0
2025-09-18,STORE-DEL-01,SKU-BATTERY-AA,2,90.00,0
2025-09-19,STORE-DEL-01,SKU-BATTERY-AA,0,90.00,0
2025-09-20,STORE-DEL-01,SKU-BATTERY-AA,0,90.00,0
2025-09-21,STORE-DEL-01,SKU-BATTERY-AA,0,90.00,0
2025-09-22,STORE-DEL-01,SKU-BATTERY-AA,0,90.00,0
2025-09-23,STORE-DEL-01,SKU-BATTERY-AA,1,90.00,0
2025-09-24,STORE-DEL-01,SKU-BATTERY-AA,0,90.00,0
2025-09-25,STORE-DEL-01,SKU-BATTERY-AA,0,90.00,0
2025-09-26,STORE-DEL-01,SKU-BATTERY-AA,0,90.00,0
2025-09-27,STORE-DEL-01,SKU-BATTERY-AA,0,90.00,0
2025-09-28,STORE-DEL-01,SKU-BATTERY-AA,13,90.00,0
2025-09-29,STORE-DEL-01,SKU-BATTERY-AA,0,90.00,0
2025-09-30,STORE-DEL-01,SKU-BATTERY-AA,2,90.00,0
2025-10-01,STORE-DEL-01,SKU-BATTERY-AA,0,90.00,0
2025-10-02,STORE-DEL-01,SKU-BATTERY-AA,0,90.00,0
2025-10-03,STORE-DEL-01,SKU-BATTERY-AA,0,90.00,0
2025-10-04,STORE-DEL-01,SKU-BATTERY-AA,0,90.00,0
2025-10-05,STORE-DEL-01,SKU-BATTERY-AA,0,90.00,0
2025-10-06,STORE-DEL-01,SKU-BATTERY-AA,0,90.00,1
2025-10-07,STORE-DEL-01,SKU-BATTERY-AA,0,90.00,0
2025-10-08,STORE-DEL-01,SKU-BATTERY-AA,0,90.00,0
2025-10-09,STORE-DEL-01,SKU-BATTERY-AA,0,90.00,0
2025-10-10,STORE-DEL-01,SKU-BATTERY-AA,0,90.00,0
2025-10-11,STORE-DEL-01,SKU-BATTERY-AA,0,90.00,0
2025-10-12,STORE-DEL-01,SKU-BATTERY-AA,0,90.00,0
2025-10-13,STORE-DEL-01,SKU-BATTERY-AA,0,90.00,0
2025-10-14,STORE-DEL-01,SKU-BATTERY-AA,0,90.00,0
2025-10-15,STORE-DEL-01,SKU-BATTERY-AA,0,90.00,0
2025-10-16,STORE-DEL-01,SKU-BATTERY-AA,0,90.00,0
2025-10-17,STORE-DEL-01,SKU-BATTERY-AA,0,90.00,0
2025-10-18,STORE-DEL-01,SKU-BATTERY-AA,0,90.00,0
2025-10-19,STORE-DEL-01,SKU-BATTERY-AA,0,90.00,0
2025-10-20,STORE-DEL-01,SKU-BATTERY-AA,0,90.00,0
2025-10-21,STORE-DEL-01,SKU-BATTERY-AA,0,90.00,0
2025-10-22,STORE-DEL-01,SKU-BATTERY-AA,6,90.00,0
2025-10-23,STORE-DEL-01,SKU-BATTERY-AA,6,90.00,0
2025-10-24,STORE-DEL-01,SKU-BATTERY-AA,0,90.00,0
2025-10-25,STORE-DEL-01,SKU-BATTERY-AA,0,90.00,0
2025-10-26,STORE-DEL-01,SKU-BATTERY-AA,7,90.00,0
2025-10-27,STORE-DEL-01,SKU-BATTERY-AA,1,90.00,0
2025-10-28,STORE-DEL-01,SKU-BATTERY-AA,0,90.00,0
2025-10-29,STORE-DEL-01,SKU-BATTERY-AA,0,90.00,0
2025-10-30,STORE-DEL-01,SKU-BATTERY-AA,0,90.00,0
2025-10-31,STORE-DEL-01,SKU-BATTERY-AA,0,90.00,0
2025-11-01,STORE-DEL-01,SKU-BATTERY-AA,0,90.00,0
2025-11-02,STORE-DEL-01,SKU-BATTERY-AA,4,90.00,1
2025-11-03,STORE-DEL-01,SKU-BATTERY-AA,0,90.00,0
2025-11-04,STORE-DEL-01,SKU-BATTERY-AA,2,90.00,0
2025-11-05,STORE-DEL-01,SKU-BATTERY-AA,3,90.00,0
2025-11-06,STORE-DEL-01,SKU-BATTERY-AA,6,90.00,0
2025-11-07,STORE-DEL-01,SKU-BATTERY-AA,8,90.00,0
2025-11-08,STORE-DEL-01,SKU-BATTERY-AA,0,90.00,0
2025-11-09,STORE-DEL-01,SKU-BATTERY-AA,0,90.00,0
2025-11-10,STORE-DEL-01,SKU-BATTERY-AA,0,90.00,0
2025-11-11,STORE-DEL-01,SKU-BATTERY-AA,2,90.00,0
2025-11-12,STORE-DEL-01,SKU-BATTERY-AA,0,90.00,0
2025-11-13,STORE-DEL-01,SKU-BATTERY-AA,0,90.00,0
2025-11-14,STORE-DEL-01,SKU-BATTERY-AA,2,90.00,0
2025-11-15,STORE-DEL-01,SKU-BATTERY-AA,0,90.00,0
2025-11-16,STORE-DEL-01,SKU-BATTERY-AA,0,90.00,0
2025-11-17,STORE-DEL-01,SKU-BATTERY-AA,6,90.00,0
2025-11-18,STORE-DEL-01,SKU-BATTERY-AA,0,90.00,0
2025-11-19,STORE-DEL-01,SKU-BATTERY-AA,0,90.00,0
2025-11-20,STORE-DEL-01,SKU-BATTERY-AA,2,90.00,0
2025-11-21,STORE-DEL-01,SKU-BATTERY-AA,0,90.00,0
2025-11-22,STORE-DEL-01,SKU-BATTERY-AA,0,90.00,0
2025-11-23,STORE-DEL-01,SKU-BATTERY-AA,0,90.00,0
2025-11-24,STORE-DEL-01,SKU-BATTERY-AA,0,90.00,0
2025-11-25,STORE-DEL-01,SKU-BATTERY-AA,0,90.00,0
2025-11-26,STORE-DEL-01,SKU-BATTERY-AA,3,90.00,0
2025-11-27,STORE-DEL-01,SKU-BATTERY-AA,0,90.00,0
2025-11-28,STORE-DEL-01,SKU-BATTERY-AA,1,90.00,0
2025-11-29,STORE-DEL-01,SKU-BATTERY-AA,0,90.00,0
2025-11-30,STORE-DEL-01,SKU-BATTERY-AA,0,90.00,0
2025-12-01,STORE-DEL-01,SKU-BATTERY-AA,0,90.00,0
2025-12-02,STORE-DEL-01,SKU-BATTERY-AA,0,90.00,0
2025-12-03,STORE-DEL-01,SKU-BATTERY-AA,1,90.00,0
2025-12-04,STORE-DEL-01,SKU-BATTERY-AA,6,90.00,1
2025-12-05,STORE-DEL-01,SKU-BATTERY-AA,0,90.00,0
2025-12-06,STORE-DEL-01,SKU-BATTERY-AA,1,90.00,0
2025-12-07,STORE-DEL-01,SKU-BATTERY-AA,0,90.00,0
2025-12-08,STORE-DEL-01,SKU-BATTERY-AA,0,90.00,1
2025-12-09,STORE-DEL-01,SKU-BATTERY-AA,0,90.00,0
2025-12-10,STORE-DEL-01,SKU-BATTERY-AA,2,90.00,0
2025-12-11,STORE-DEL-01,SKU-BATTERY-AA,0,90.00,0
2025-12-12,STORE-DEL-01,SKU-BATTERY-AA,0,90.00,0
2025-12-13,STORE-DEL-01,SKU-BATTERY-AA,3,90.00,0
2025-12-14,STORE-DEL-01,SKU-BATTERY-AA,0,90.00,0
2025-12-15,STORE-DEL-01,SKU-BATTERY-AA,0,90.00,0
2025-12-16,STORE-DEL-01,SKU-BATTERY-AA,8,90.00,0
2025-12-17,STORE-DEL-01,SKU-BATTERY-AA,0,90.00,0
2025-12-18,STORE-DEL-01,SKU-BATTERY-AA,0,90.00,0
2025-12-19,STORE-DEL-01,SKU-BATTERY-AA,3,90.00,0
2025-12-20,STORE-DEL-01,SKU-BATTERY-AA,0,90.00,0
2025-12-21,STORE-DEL-01,SKU-BATTERY-AA,0,90.00,0
2025-12-22,STORE-DEL-01,SKU-BATTERY-AA,0,90.00,0
2025-12-23,STORE-DEL-01,SKU-BATTERY-AA,3,90.00,0
2025-12-24,STORE-DEL-01,SKU-BATTERY-AA,0,90.00,0
2025-12-25,STORE-DEL-01,SKU-BATTERY-AA,4,90.00,0
2025-12-26,STORE-DEL-01,SKU-BATTERY-AA,0,90.00,0
2025-12-27,STORE-DEL-01,SKU-BATTERY-AA,0,90.00,1
2025-12-28,STORE-DEL-01,SKU-BATTERY-AA,2,90.00,0
2025-12-29,STORE-DEL-01,SKU-BATTERY-AA,0,90.00,0
2025-12-30,STORE-DEL-01,SKU-BATTERY-AA,0,90.00,0
2024-01-01,STORE-DEL-01,SKU-PRESSURE-CK,0,1850.00,0
2024-01-02,STORE-DEL-01,SKU-PRESSURE-CK,0,1850.00,0
2024-01-03,STORE-DEL-01,SKU-PRESSURE-CK,0,1850.00,0
2024-01-04,STORE-DEL-01,SKU-PRESSURE-CK,0,1850.00,0
2024-01-05,STORE-DEL-01,SKU-PRESSURE-CK,0,1850.00,0
2024-01-06,STORE-DEL-01,SKU-PRESSURE-CK,0,1850.00,0
2024-01-07,STORE-DEL-01,SKU-PRESSURE-CK,0,1850.00,0
2024-01-08,STORE-DEL-01,SKU-PRESSURE-CK,0,1850.00,0
2024-01-09,STORE-DEL-01,SKU-PRESSURE-CK,0,1850.00,0
2024-01-10,STORE-DEL-01,SKU-PRESSURE-CK,0,1850.00,0
2024-01-11,STORE-DEL-01,SKU-PRESSURE-CK,0,1850.00,0
2024-01-12,STORE-DEL-01,SKU-PRESSURE-CK,0,1850.00,0
2024-01-13,STORE-DEL-01,SKU-PRESSURE-CK,6,1850.00,0
2024-01-14,STORE-DEL-01,SKU-PRESSURE-CK,0,1850.00,1
2024-01-15,STORE-DEL-01,SKU-PRESSURE-CK,0,1850.00,1
2024-01-16,STORE-DEL-01,SKU-PRESSURE-CK,2,1850.00,1
2024-01-17,STORE-DEL-01,SKU-PRESSURE-CK,3,1850.00,0
2024-01-18,STORE-DEL-01,SKU-PRESSURE-CK,0,1850.00,0
2024-01-19,STORE-DEL-01,SKU-PRESSURE-CK,0,1850.00,0
2024-01-20,STORE-DEL-01,SKU-PRESSURE-CK,0,1850.00,0
2024-01-21,STORE-DEL-01,SKU-PRESSURE-CK,0,1850.00,0
2024-01-22,STORE-DEL-01,SKU-PRESSURE-CK,0,1850.00,0
2024-01-23,STORE-DEL-01,SKU-PRESSURE-CK,10,1850.00,0
2024-01-24,STORE-DEL-01,SKU-PRESSURE-CK,0,1850.00,0
2024-01-25,STORE-DEL-01,SKU-PRESSURE-CK,2,1850.00,0
2024-01-26,STORE-DEL-01,SKU-PRESSURE-CK,0,1850.00,0
2024-01-27,STORE-DEL-01,SKU-PRESSURE-CK,0,1850.00,1
2024-01-28,STORE-DEL-01,SKU-PRESSURE-CK,1,1850.00,0
2024-01-29,STORE-DEL-01,SKU-PRESSURE-CK,0,1850.00,0
2024-01-30,STORE-DEL-01,SKU-PRESSURE-CK,0,1850.00,0
2024-01-31,STORE-DEL-01,SKU-PRESSURE-CK,0,1850.00,0
2024-02-01,STORE-DEL-01,SKU-PRESSURE-CK,0,1850.00,0
2024-02-02,STORE-DEL-01,SKU-PRESSURE-CK,0,1850.00,0
2024-02-03,STORE-DEL-01,SKU-PRESSURE-CK,0,1850.00,0
2024-02-04,STORE-DEL-01,SKU-PRESSURE-CK,0,1850.00,0
2024-02-05,STORE-DEL-01,SKU-PRESSURE-CK,12,1850.00,0
2024-02-06,STORE-DEL-01,SKU-PRESSURE-CK,0,1850.00,0
2024-02-07,STORE-DEL-01,SKU-PRESSURE-CK,0,1850.00,0
2024-02-08,STORE-DEL-01,SKU-PRESSURE-CK,0,1850.00,0
2024-02-09,STORE-DEL-01,SKU-PRESSURE-CK,0,1850.00,0
2024-02-10,STORE-DEL-01,SKU-PRESSURE-CK,0,1850.00,0
2024-02-11,STORE-DEL-01,SKU-PRESSURE-CK,0,1850.00,0
2024-02-12,STORE-DEL-01,SKU-PRESSURE-CK,0,1850.00,0
2024-02-13,STORE-DEL-01,SKU-PRESSURE-CK,0,1850.00,0
2024-02-14,STORE-DEL-01,SKU-PRESSURE-CK,0,1850.00,1
2024-02-15,STORE-DEL-01,SKU-PRESSURE-CK,0,1850.00,0
2024-02-16,STORE-DEL-01,SKU-PRESSURE-CK,0,1850.00,0
2024-02-17,STORE-DEL-01,SKU-PRESSURE-CK,0,1850.00,0
2024-02-18,STORE-DEL-01,SKU-PRESSURE-CK,0,1850.00,0
2024-02-19,STORE-DEL-01,SKU-PRESSURE-CK,0,1850.00,0
2024-02-20,STORE-DEL-01,SKU-PRESSURE-CK,0,1850.00,0
2024-02-21,STORE-DEL-01,SKU-PRESSURE-CK,0,1850.00,0
2024-02-22,STORE-DEL-01,SKU-PRESSURE-CK,0,1850.00,0
2024-02-23,STORE-DEL-01,SKU-PRESSURE-CK,0,1850.00,1
2024-02-24,STORE-DEL-01,SKU-PRESSURE-CK,0,1850.00,1
2024-02-25,STORE-DEL-01,SKU-PRESSURE-CK,0,1850.00,0
2024-02-26,STORE-DEL-01,SKU-PRESSURE-CK,0,1850.00,0
2024-02-27,STORE-DEL-01,SKU-PRESSURE-CK,0,1850.00,0
2024-02-28,STORE-DEL-01,SKU-PRESSURE-CK,0,1850.00,0
2024-02-29,STORE-DEL-01,SKU-PRESSURE-CK,0,1850.00,0
2024-03-01,STORE-DEL-01,SKU-PRESSURE-CK,0,1850.00,0
2024-03-02,STORE-DEL-01,SKU-PRESSURE-CK,0,1850.00,0
2024-03-03,STORE-DEL-01,SKU-PRESSURE-CK,4,1850.00,0
2024-03-04,STORE-DEL-01,SKU-PRESSURE-CK,4,1850.00,0
2024-03-05,STORE-DEL-01,SKU-PRESSURE-CK,0,1850.00,0
2024-03-06,STORE-DEL-01,SKU-PRESSURE-CK,0,1850.00,0
2024-03-07,STORE-DEL-01,SKU-PRESSURE-CK,0,1850.00,0
2024-03-08,STORE-DEL-01,SKU-PRESSURE-CK,0,1850.00,1
2024-03-09,STORE-DEL-01,SKU-PRESSURE-CK,0,1850.00,0
2024-03-10,STORE-DEL-01,SKU-PRESSURE-CK,0,1850.00,0
2024-03-11,STORE-DEL-01,SKU-PRESSURE-CK,0,1850.00,0
2024-03-12,STORE-DEL-01,SKU-PRESSURE-CK,0,1850.00,0
2024-03-13,STORE-DEL-01,SKU-PRESSURE-CK,0,1850.00,0
2024-03-14,STORE-DEL-01,SKU-PRESSURE-CK,0,1850.00,0
2024-03-15,STORE-DEL-01,SKU-PRESSURE-CK,0,1850.00,0
2024-03-16,STORE-DEL-01,SKU-PRESSURE-CK,0,1850.00,0
2024-03-17,STORE-DEL-01,SKU-PRESSURE-CK,0,1850.00,0
2024-03-18,STORE-DEL-01,SKU-PRESSURE-CK,0,1850.00,0
2024-03-19,STORE-DEL-01,SKU-PRESSURE-CK,0,1850.00,0
2024-03-20,STORE-DEL-01,SKU-PRESSURE-CK,0,1850.00,0
2024-03-21,STORE-DEL-01,SKU-PRESSURE-CK,0,1850.00,0
2024-03-22,STORE-DEL-01,SKU-PRESSURE-CK,0,1850.00,0
2024-03-23,STORE-DEL-01,SKU-PRESSURE-CK,0,1850.00,0
2024-03-24,STORE-DEL-01,SKU-PRESSURE-CK,0,1850.00,0
2024-03-25,STORE-DEL-01,SKU-PRESSURE-CK,0,1850.00,0
2024-03-26,STORE-DEL-01,SKU-PRESSURE-CK,0,1850.00,0
2024-03-27,STORE-DEL-01,SKU-PRESSURE-CK,0,1850.00,0
2024-03-28,STORE-DEL-01,SKU-PRESSURE-CK,0,1850.00,0
2024-03-29,STORE-DEL-01,SKU-PRESSURE-CK,0,1850.00,0
2024-03-30,STORE-DEL-01,SKU-PRESSURE-CK,4,1850.00,0
2024-03-31,STORE-DEL-01,SKU-PRESSURE-CK,24,1850.00,1
2024-04-01,STORE-DEL-01,SKU-PRESSURE-CK,0,1850.00,0
2024-04-02,STORE-DEL-01,SKU-PRESSURE-CK,0,1850.00,0
2024-04-03,STORE-DEL-01,SKU-PRESSURE-CK,3,1850.00,0
2024-04-04,STORE-DEL-01,SKU-PRESSURE-CK,0,1850.00,0
2024-04-05,STORE-DEL-01,SKU-PRESSURE-CK,0,1850.00,0
2024-04-06,STORE-DEL-01,SKU-PRESSURE-CK,0,1850.00,0
2024-04-07,STORE-DEL-01,SKU-PRESSURE-CK,0,1850.00,1
2024-04-08,STORE-DEL-01,SKU-PRESSURE-CK,0,1850.00,1
2024-04-09,STORE-DEL-01,SKU-PRESSURE-CK,0,1850.00,0
2024-04-10,STORE-DEL-01,SKU-PRESSURE-CK,0,1850.00,1
2024-04-11,STORE-DEL-01,SKU-PRESSURE-CK,0,1850.00,0
2024-04-12,STORE-DEL-01,SKU-PRESSURE-CK,0,1850.00,0
2024-04-13,STORE-DEL-01,SKU-PRESSURE-CK,0,1850.00,0
2024-04-14,STORE-DEL-01,SKU-PRESSURE-CK,0,1850.00,0
2024-04-15,STORE-DEL-01,SKU-PRESSURE-CK,0,1850.00,0
2024-04-16,STORE-DEL-01,SKU-PRESSURE-CK,0,1850.00,0
2024-04-17,STORE-DEL-01,SKU-PRESSURE-CK,0,1850.00,0
2024-04-18,STORE-DEL-01,SKU-PRESSURE-CK,0,1850.00,0
2024-04-19,STORE-DEL-01,SKU-PRESSURE-CK,4,1850.00,0
2024-04-20,STORE-DEL-01,SKU-PRESSURE-CK,0,1850.00,1
2024-04-21,STORE-DEL-01,SKU-PRESSURE-CK,0,1850.00,0
2024-04-22,STORE-DEL-01,SKU-PRESSURE-CK,0,1850.00,1
2024-04-23,STORE-DEL-01,SKU-PRESSURE-CK,0,1850.00,0
2024-04-24,STORE-DEL-01,SKU-PRESSURE-CK,0,1850.00,0
2024-04-25,STORE-DEL-01,SKU-PRESSURE-CK,0,1850.00,0
2024-04-26,STORE-DEL-01,SKU-PRESSURE-CK,0,1850.00,0
2024-04-27,STORE-DEL-01,SKU-PRESSURE-CK,0,1850.00,0
2024-04-28,STORE-DEL-01,SKU-PRESSURE-CK,12,1850.00,0
2024-04-29,STORE-DEL-01,SKU-PRESSURE-CK,0,1850.00,0
2024-04-30,STORE-DEL-01,SKU-PRESSURE-CK,0,1850.00,0
2024-05-01,STORE-DEL-01,SKU-PRESSURE-CK,0,1850.00,0
2024-05-02,STORE-DEL-01,SKU-PRESSURE-CK,0,1850.00,0
2024-05-03,STORE-DEL-01,SKU-PRESSURE-CK,0,1850.00,0
2024-05-04,STORE-DEL-01,SKU-PRESSURE-CK,0,1850.00,0
2024-05-05,STORE-DEL-01,SKU-PRESSURE-CK,0,1850.00,0
2024-05-06,STORE-DEL-01,SKU-PRESSURE-CK,0,1850.00,0
2024-05-07,STORE-DEL-01,SKU-PRESSURE-CK,0,1850.00,0
2024-05-08,STORE-DEL-01,SKU-PRESSURE-CK,0,1850.00,0
2024-05-09,STORE-DEL-01,SKU-PRESSURE-CK,0,1850.00,1
2024-05-10,STORE-DEL-01,SKU-PRESSURE-CK,1,1850.00,0
2024-05-11,STORE-DEL-01,SKU-PRESSURE-CK,0,1850.00,0
2024-05-12,STORE-DEL-01,SKU-PRESSURE-CK,0,1850.00,0
2024-05-13,STORE-DEL-01,SKU-PRESSURE-CK,3,1850.00,0
2024-05-14,STORE-DEL-01,SKU-PRESSURE-CK,0,1850.00,0
2024-05-15,STORE-DEL-01,SKU-PRESSURE-CK,0,1850.00,0
2024-05-16,STORE-DEL-01,SKU-PRESSURE-CK,0,1850.00,0
2024-05-17,STORE-DEL-01,SKU-PRESSURE-CK,0,1850.00,1
2024-05-18,STORE-DEL-01,SKU-PRESSURE-CK,0,1850.00,0
2024-05-19,STORE-DEL-01,SKU-PRESSURE-CK,0,1850.00,0
2024-05-20,STORE-DEL-01,SKU-PRESSURE-CK,0,1850.00,0
2024-05-21,STORE-DEL-01,SKU-PRESSURE-CK,0,1850.00,0
2024-05-22,STORE-DEL-01,SKU-PRESSURE-CK,0,1850.00,0
2024-05-23,STORE-DEL-01,SKU-PRESSURE-CK,0,1850.00,1
2024-05-24,STORE-DEL-01,SKU-PRESSURE-CK,0,1850.00,0
2024-05-25,STORE-DEL-01,SKU-PRESSURE-CK,0,1850.00,0
2024-05-26,STORE-DEL-01,SKU-PRESSURE-CK,0,1850.00,0
2024-05-27,STORE-DEL-01,SKU-PRESSURE-CK,0,1850.00,0
2024-05-28,STORE-DEL-01,SKU-PRESSURE-CK,3,1850.00,0
2024-05-29,STORE-DEL-01,SKU-PRESSURE-CK,0,1850.00,0
2024-05-30,STORE-DEL-01,SKU-PRESSURE-CK,0,1850.00,0
2024-05-31,STORE-DEL-01,SKU-PRESSURE-CK,0,1850.00,0
2024-06-01,STORE-DEL-01,SKU-PRESSURE-CK,0,1850.00,0
2024-06-02,STORE-DEL-01,SKU-PRESSURE-CK,0,1850.00,0
2024-06-03,STORE-DEL-01,SKU-PRESSURE-CK,5,1850.00,1
2024-06-04,STORE-DEL-01,SKU-PRESSURE-CK,0,1850.00,0
2024-06-05,STORE-DEL-01,SKU-PRESSURE-CK,0,1850.00,1
2024-06-06,STORE-DEL-01,SKU-PRESSURE-CK,0,1850.00,0
2024-06-07,STORE-DEL-01,SKU-PRESSURE-CK,0,1850.00,0
2024-06-08,STORE-DEL-01,SKU-PRESSURE-CK,0,1850.00,0
2024-06-09,STORE-DEL-01,SKU-PRESSURE-CK,0,1850.00,0
2024-06-10,STORE-DEL-01,SKU-PRESSURE-CK,0,1850.00,0
2024-06-11,STORE-DEL-01,SKU-PRESSURE-CK,0,1850.00,0
2024-06-12,STORE-DEL-01,SKU-PRESSURE-CK,0,1850.00,0
2024-06-13,STORE-DEL-01,SKU-PRESSURE-CK,0,1850.00,0
2024-06-14,STORE-DEL-01,SKU-PRESSURE-CK,2,1850.00,0
2024-06-15,STORE-DEL-01,SKU-PRESSURE-CK,0,1850.00,0
2024-06-16,STORE-DEL-01,SKU-PRESSURE-CK,0,1850.00,0
2024-06-17,STORE-DEL-01,SKU-PRESSURE-CK,0,1850.00,1
2024-06-18,STORE-DEL-01,SKU-PRESSURE-CK,1,1850.00,0
2024-06-19,STORE-DEL-01,SKU-PRESSURE-CK,0,1850.00,0
2024-06-20,STORE-DEL-01,SKU-PRESSURE-CK,0,1850.00,0
2024-06-21,STORE-DEL-01,SKU-PRESSURE-CK,0,1850.00,0
2024-06-22,STORE-DEL-01,SKU-PRESSURE-CK,2,1850.00,0
2024-06-23,STORE-DEL-01,SKU-PRESSURE-CK,0,1850.00,1
2024-06-24,STORE-DEL-01,SKU-PRESSURE-CK,0,1850.00,0
2024-06-25,STORE-DEL-01,SKU-PRESSURE-CK,0,1850.00,0
2024-06-26,STORE-DEL-01,SKU-PRESSURE-CK,0,1850.00,1
2024-06-27,STORE-DEL-01,SKU-PRESSURE-CK,1,1850.00,0
2024-06-28,STORE-DEL-01,SKU-PRESSURE-CK,0,1850.00,0
2024-06-29,STORE-DEL-01,SKU-PRESSURE-CK,0,1850.00,1
2024-06-30,STORE-DEL-01,SKU-PRESSURE-CK,0,1850.00,1
2024-07-01,STORE-DEL-01,SKU-PRESSURE-CK,0,1850.00,0
2024-07-02,STORE-DEL-01,SKU-PRESSURE-CK,0,1850.00,1
2024-07-03,STORE-DEL-01,SKU-PRESSURE-CK,0,1850.00,0
2024-07-04,STORE-DEL-01,SKU-PRESSURE-CK,0,1850.00,0
2024-07-05,STORE-DEL-01,SKU-PRESSURE-CK,1,1850.00,1
2024-07-06,STORE-DEL-01,SKU-PRESSURE-CK,0,1850.00,1
2024-07-07,STORE-DEL-01,SKU-PRESSURE-CK,0,1850.00,0
2024-07-08,STORE-DEL-01,SKU-PRESSURE-CK,0,1850.00,0
2024-07-09,STORE-DEL-01,SKU-PRESSURE-CK,0,1850.00,0
2024-07-10,STORE-DEL-01,SKU-PRESSURE-CK,0,1850.00,1
2024-07-11,STORE-DEL-01,SKU-PRESSURE-CK,0,1850.00,0
2024-07-12,STORE-DEL-01,SKU-PRESSURE-CK,0,1850.00,0
2024-07-13,STORE-DEL-01,SKU-PRESSURE-CK,0,1850.00,0
2024-07-14,STORE-DEL-01,SKU-PRESSURE-CK,0,1850.00,0
2024-07-15,STORE-DEL-01,SKU-PRESSURE-CK,0,1850.00,0
2024-07-16,STORE-DEL-01,SKU-PRESSURE-CK,5,1850.00,0
2024-07-17,STORE-DEL-01,SKU-PRESSURE-CK,0,1850.00,0
2024-07-18,STORE-DEL-01,SKU-PRESSURE-CK,0,1850.00,0
2024-07-19,STORE-DEL-01,SKU-PRESSURE-CK,0,1850.00,0
2024-07-20,STORE-DEL-01,SKU-PRESSURE-CK,0,1850.00,1
2024-07-21,STORE-DEL-01,SKU-PRESSURE-CK,0,1850.00,0
2024-07-22,STORE-DEL-01,SKU-PRESSURE-CK,0,1850.00,0
2024-07-23,STORE-DEL-01,SKU-PRESSURE-CK,0,1850.00,0
2024-07-24,STORE-DEL-01,SKU-PRESSURE-CK,0,1850.00,0
2024-07-25,STORE-DEL-01,SKU-PRESSURE-CK,3,1850.00,0
2024-07-26,STORE-DEL-01,SKU-PRESSURE-CK,0,1850.00,0
2024-07-27,STORE-DEL-01,SKU-PRESSURE-CK,0,1850.00,0
2024-07-28,STORE-DEL-01,SKU-PRESSURE-CK,0,1850.00,0
2024-07-29,STORE-DEL-01,SKU-PRESSURE-CK,0,1850.00,1
2024-07-30,STORE-DEL-01,SKU-PRESSURE-CK,0,1850.00,0
2024-07-31,STORE-DEL-01,SKU-PRESSURE-CK,0,1850.00,0
2024-08-01,STORE-DEL-01,SKU-PRESSURE-CK,0,1850.00,0
2024-08-02,STORE-DEL-01,SKU-PRESSURE-CK,0,1850.00,0
2024-08-03,STORE-DEL-01,SKU-PRESSURE-CK,0,1850.00,0
2024-08-04,STORE-DEL-01,SKU-PRESSURE-CK,0,1850.00,0
2024-08-05,STORE-DEL-01,SKU-PRESSURE-CK,0,1850.00,0
2024-08-06,STORE-DEL-01,SKU-PRESSURE-CK,0,1850.00,1
2024-08-07,STORE-DEL-01,SKU-PRESSURE-CK,0,1850.00,0
2024-08-08,STORE-DEL-01,SKU-PRESSURE-CK,0,1850.00,0
2024-08-09,STORE-DEL-01,SKU-PRESSURE-CK,0,1850.00,0
2024-08-10,STORE-DEL-01,SKU-PRESSURE-CK,3,1850.00,0
2024-08-11,STORE-DEL-01,SKU-PRESSURE-CK,0,1850.00,0
2024-08-12,STORE-DEL-01,SKU-PRESSURE-CK,0,1850.00,0
2024-08-13,STORE-DEL-01,SKU-PRESSURE-CK,0,1850.00,0
2024-08-14,STORE-DEL-01,SKU-PRESSURE-CK,0,1850.00,1
2024-08-15,STORE-DEL-01,SKU-PRESSURE-CK,0,1850.00,0
2024-08-16,STORE-DEL-01,SKU-PRESSURE-CK,0,1850.00,0
2024-08-17,STORE-DEL-01,SKU-PRESSURE-CK,0,1850.00,0
2024-08-18,STORE-DEL-01,SKU-PRESSURE-CK,0,1850.00,0
2024-08-19,STORE-DEL-01,SKU-PRESSURE-CK,0,1850.00,0
2024-08-20,STORE-DEL-01,SKU-PRESSURE-CK,0,1850.00,0
2024-08-21,STORE-DEL-01,SKU-PRESSURE-CK,0,1850.00,0
2024-08-22,STORE-DEL-01,SKU-PRESSURE-CK,0,1850.00,1
2024-08-23,STORE-DEL-01,SKU-PRESSURE-CK,0,1850.00,0
2024-08-24,STORE-DEL-01,SKU-PRESSURE-CK,0,1850.00,0
2024-08-25,STORE-DEL-01,SKU-PRESSURE-CK,2,1850.00,0
2024-08-26,STORE-DEL-01,SKU-PRESSURE-CK,0,1850.00,0
2024-08-27,STORE-DEL-01,SKU-PRESSURE-CK,0,1850.00,0
2024-08-28,STORE-DEL-01,SKU-PRESSURE-CK,0,1850.00,0
2024-08-29,STORE-DEL-01,SKU-PRESSURE-CK,0,1850.00,0
2024-08-30,STORE-DEL-01,SKU-PRESSURE-CK,0,1850.00,0
2024-08-31,STORE-DEL-01,SKU-PRESSURE-CK,0,1850.00,0
2024-09-01,STORE-DEL-01,SKU-PRESSURE-CK,0,1850.00,0
2024-09-02,STORE-DEL-01,SKU-PRESSURE-CK,0,1850.00,0
2024-09-03,STORE-DEL-01,SKU-PRESSURE-CK,0,1850.00,0
2024-09-04,STORE-DEL-01,SKU-PRESSURE-CK,0,1850.00,0
2024-09-05,STORE-DEL-01,SKU-PRESSURE-CK,0,1850.00,0
2024-09-06,STORE-DEL-01,SKU-PRESSURE-CK,0,1850.00,1
2024-09-07,STORE-DEL-01,SKU-PRESSURE-CK,0,1850.00,0
2024-09-08,STORE-DEL-01,SKU-PRESSURE-CK,0,1850.00,0
2024-09-09,STORE-DEL-01,SKU-PRESSURE-CK,0,1850.00,0
2024-09-10,STORE-DEL-01,SKU-PRESSURE-CK,0,1850.00,0
2024-09-11,STORE-DEL-01,SKU-PRESSURE-CK,0,1850.00,0
2024-09-12,STORE-DEL-01,SKU-PRESSURE-CK,0,1850.00,0
2024-09-13,STORE-DEL-01,SKU-PRESSURE-CK,0,1850.00,0
2024-09-14,STORE-DEL-01,SKU-PRESSURE-CK,0,1850.00,0
2024-09-15,STORE-DEL-01,SKU-PRESSURE-CK,0,1850.00,0
2024-09-16,STORE-DEL-01,SKU-PRESSURE-CK,0,1850.00,0
2024-09-17,STORE-DEL-01,SKU-PRESSURE-CK,0,1850.00,0
2024-09-18,STORE-DEL-01,SKU-PRESSURE-CK,0,1850.00,0
2024-09-19,STORE-DEL-01,SKU-PRESSURE-CK,2,1850.00,0
2024-09-20,STORE-DEL-01,SKU-PRESSURE-CK,0,1850.00,0
2024-09-21,STORE-DEL-01,SKU-PRESSURE-CK,0,1850.00,0
2024-09-22,STORE-DEL-01,SKU-PRESSURE-CK,0,1850.00,0
2024-09-23,STORE-DEL-01,SKU-PRESSURE-CK,0,1850.00,1
2024-09-24,STORE-DEL-01,SKU-PRESSURE-CK,0,1850.00,0
2024-09-25,STORE-DEL-01,SKU-PRESSURE-CK,0,1850.00,0
2024-09-26,STORE-DEL-01,SKU-PRESSURE-CK,0,1850.00,0
2024-09-27,STORE-DEL-01,SKU-PRESSURE-CK,0,1850.00,0
2024-09-28,STORE-DEL-01,SKU-PRESSURE-CK,0,1850.00,0
2024-09-29,STORE-DEL-01,SKU-PRESSURE-CK,0,1850.00,0
2024-09-30,STORE-DEL-01,SKU-PRESSURE-CK,0,1850.00,0
2024-10-01,STORE-DEL-01,SKU-PRESSURE-CK,0,1850.00,0
2024-10-02,STORE-DEL-01,SKU-PRESSURE-CK,0,1850.00,0
2024-10-03,STORE-DEL-01,SKU-PRESSURE-CK,0,1850.00,0
2024-10-04,STORE-DEL-01,SKU-PRESSURE-CK,0,1850.00,1
2024-10-05,STORE-DEL-01,SKU-PRESSURE-CK,3,1850.00,0
2024-10-06,STORE-DEL-01,SKU-PRESSURE-CK,0,1850.00,0
2024-10-07,STORE-DEL-01,SKU-PRESSURE-CK,0,1850.00,0
2024-10-08,STORE-DEL-01,SKU-PRESSURE-CK,0,1850.00,0
2024-10-09,STORE-DEL-01,SKU-PRESSURE-CK,1,1850.00,0
2024-10-10,STORE-DEL-01,SKU-PRESSURE-CK,0,1850.00,0
2024-10-11,STORE-DEL-01,SKU-PRESSURE-CK,0,1850.00,0
2024-10-12,STORE-DEL-01,SKU-PRESSURE-CK,0,1850.00,0
2024-10-13,STORE-DEL-01,SKU-PRESSURE-CK,0,1850.00,0
2024-10-14,STORE-DEL-01,SKU-PRESSURE-CK,0,1850.00,0
2024-10-15,STORE-DEL-01,SKU-PRESSURE-CK,0,1850.00,0
2024-10-16,STORE-DEL-01,SKU-PRESSURE-CK,0,1850.00,0
2024-10-17,STORE-DEL-01,SKU-PRESSURE-CK,0,1850.00,0
2024-10-18,STORE-DEL-01,SKU-PRESSURE-CK,1,1850.00,0
2024-10-19,STORE-DEL-01,SKU-PRESSURE-CK,1,1850.00,0
2024-10-20,STORE-DEL-01,SKU-PRESSURE-CK,0,1850.00,0
2024-10-21,STORE-DEL-01,SKU-PRESSURE-CK,0,1850.00,0
2024-10-22,STORE-DEL-01,SKU-PRESSURE-CK,0,1850.00,0
2024-10-23,STORE-DEL-01,SKU-PRESSURE-CK,0,1850.00,0
2024-10-24,STORE-DEL-01,SKU-PRESSURE-CK,0,1850.00,0
2024-10-25,STORE-DEL-01,SKU-PRESSURE-CK,0,1850.00,0
2024-10-26,STORE-DEL-01,SKU-PRESSURE-CK,0,1850.00,0
2024-10-27,STORE-DEL-01,SKU-PRESSURE-CK,0,1850.00,0
2024-10-28,STORE-DEL-01,SKU-PRESSURE-CK,0,1850.00,1
2024-10-29,STORE-DEL-01,SKU-PRESSURE-CK,0,1850.00,0
2024-10-30,STORE-DEL-01,SKU-PRESSURE-CK,0,1850.00,0
2024-10-31,STORE-DEL-01,SKU-PRESSURE-CK,0,1850.00,0
2024-11-01,STORE-DEL-01,SKU-PRESSURE-CK,0,1850.00,0
2024-11-02,STORE-DEL-01,SKU-PRESSURE-CK,0,1850.00,1
2024-11-03,STORE-DEL-01,SKU-PRESSURE-CK,0,1850.00,0
2024-11-04,STORE-DEL-01,SKU-PRESSURE-CK,0,1850.00,0
2024-11-05,STORE-DEL-01,SKU-PRESSURE-CK,0,1850.00,0
2024-11-06,STORE-DEL-01,SKU-PRESSURE-CK,0,1850.00,0
2024-11-07,STORE-DEL-01,SKU-PRESSURE-CK,0,1850.00,0
2024-11-08,STORE-DEL-01,SKU-PRESSURE-CK,0,1850.00,0
2024-11-09,STORE-DEL-01,SKU-PRESSURE-CK,0,1850.00,0
2024-11-10,STORE-DEL-01,SKU-PRESSURE-CK,0,1850.00,0
2024-11-11,STORE-DEL-01,SKU-PRESSURE-CK,0,1850.00,0
2024-11-12,STORE-DEL-01,SKU-PRESSURE-CK,0,1850.00,0
2024-11-13,STORE-DEL-01,SKU-PRESSURE-CK,0,1850.00,0
2024-11-14,STORE-DEL-01,SKU-PRESSURE-CK,0,1850.00,0
2024-11-15,STORE-DEL-01,SKU-PRESSURE-CK,0,1850.00,0
2024-11-16,STORE-DEL-01,SKU-PRESSURE-CK,0,1850.00,0
2024-11-17,STORE-DEL-01,SKU-PRESSURE-CK,0,1850.00,0
2024-11-18,STORE-DEL-01,SKU-PRESSURE-CK,0,1850.00,0
2024-11-19,STORE-DEL-01,SKU-PRESSURE-CK,0,1850.00,0
2024-11-20,STORE-DEL-01,SKU-PRESSURE-CK,0,1850.00,0
2024-11-21,STORE-DEL-01,SKU-PRESSURE-CK,0,1850.00,0
2024-11-22,STORE-DEL-01,SKU-PRESSURE-CK,0,1850.00,0
2024-11-23,STORE-DEL-01,SKU-PRESSURE-CK,6,1850.00,1
2024-11-24,STORE-DEL-01,SKU-PRESSURE-CK,0,1850.00,0
2024-11-25,STORE-DEL-01,SKU-PRESSURE-CK,0,1850.00,0
2024-11-26,STORE-DEL-01,SKU-PRESSURE-CK,0,1850.00,0
2024-11-27,STORE-DEL-01,SKU-PRESSURE-CK,0,1850.00,0
2024-11-28,STORE-DEL-01,SKU-PRESSURE-CK,0,1850.00,0
2024-11-29,STORE-DEL-01,SKU-PRESSURE-CK,0,1850.00,0
2024-11-30,STORE-DEL-01,SKU-PRESSURE-CK,1,1850.00,0
2024-12-01,STORE-DEL-01,SKU-PRESSURE-CK,0,1850.00,0
2024-12-02,STORE-DEL-01,SKU-PRESSURE-CK,0,1850.00,0
2024-12-03,STORE-DEL-01,SKU-PRESSURE-CK,0,1850.00,0
2024-12-04,STORE-DEL-01,SKU-PRESSURE-CK,0,1850.00,0
2024-12-05,STORE-DEL-01,SKU-PRESSURE-CK,0,1850.00,1
2024-12-06,STORE-DEL-01,SKU-PRESSURE-CK,0,1850.00,0
2024-12-07,STORE-DEL-01,SKU-PRESSURE-CK,0,1850.00,0
2024-12-08,STORE-DEL-01,SKU-PRESSURE-CK,0,1850.00,0
2024-12-09,STORE-DEL-01,SKU-PRESSURE-CK,0,1850.00,1
2024-12-10,STORE-DEL-01,SKU-PRESSURE-CK,0,1850.00,0
2024-12-11,STORE-DEL-01,SKU-PRESSURE-CK,0,1850.00,1
2024-12-12,STORE-DEL-01,SKU-PRESSURE-CK,0,1850.00,0
2024-12-13,STORE-DEL-01,SKU-PRESSURE-CK,0,1850.00,0
2024-12-14,STORE-DEL-01,SKU-PRESSURE-CK,0,1850.00,0
2024-12-15,STORE-DEL-01,SKU-PRESSURE-CK,0,1850.00,0
2024-12-16,STORE-DEL-01,SKU-PRESSURE-CK,5,1850.00,0
2024-12-17,STORE-DEL-01,SKU-PRESSURE-CK,0,1850.00,1
2024-12-18,STORE-DEL-01,SKU-PRESSURE-CK,7,1850.00,0
2024-12-19,STORE-DEL-01,SKU-PRESSURE-CK,0,1850.00,1
2024-12-20,STORE-DEL-01,SKU-PRESSURE-CK,0,1850.00,0
2024-12-21,STORE-DEL-01,SKU-PRESSURE-CK,0,1850.00,0
2024-12-22,STORE-DEL-01,SKU-PRESSURE-CK,0,1850.00,0
2024-12-23,STORE-DEL-01,SKU-PRESSURE-CK,0,1850.00,0
2024-12-24,STORE-DEL-01,SKU-PRESSURE-CK,0,1850.00,0
2024-12-25,STORE-DEL-01,SKU-PRESSURE-CK,0,1850.00,0
2024-12-26,STORE-DEL-01,SKU-PRESSURE-CK,0,1850.00,0
2024-12-27,STORE-DEL-01,SKU-PRESSURE-CK,0,1850.00,0
2024-12-28,STORE-DEL-01,SKU-PRESSURE-CK,0,1850.00,0
2024-12-29,STORE-DEL-01,SKU-PRESSURE-CK,0,1850.00,0
2024-12-30,STORE-DEL-01,SKU-PRESSURE-CK,0,1850.00,0
2024-12-31,STORE-DEL-01,SKU-PRESSURE-CK,0,1850.00,0
2025-01-01,STORE-DEL-01,SKU-PRESSURE-CK,0,1850.00,0
2025-01-02,STORE-DEL-01,SKU-PRESSURE-CK,0,1850.00,0
2025-01-03,STORE-DEL-01,SKU-PRESSURE-CK,0,1850.00,0
2025-01-04,STORE-DEL-01,SKU-PRESSURE-CK,0,1850.00,0
2025-01-05,STORE-DEL-01,SKU-PRESSURE-CK,0,1850.00,0
2025-01-06,STORE-DEL-01,SKU-PRESSURE-CK,0,1850.00,0
2025-01-07,STORE-DEL-01,SKU-PRESSURE-CK,0,1850.00,0
2025-01-08,STORE-DEL-01,SKU-PRESSURE-CK,0,1850.00,1
2025-01-09,STORE-DEL-01,SKU-PRESSURE-CK,0,1850.00,0
2025-01-10,STORE-DEL-01,SKU-PRESSURE-CK,0,1850.00,0
2025-01-11,STORE-DEL-01,SKU-PRESSURE-CK,0,1850.00,0
2025-01-12,STORE-DEL-01,SKU-PRESSURE-CK,0,1850.00,0
2025-01-13,STORE-DEL-01,SKU-PRESSURE-CK,0,1850.00,0
2025-01-14,STORE-DEL-01,SKU-PRESSURE-CK,0,1850.00,0
2025-01-15,STORE-DEL-01,SKU-PRESSURE-CK,0,1850.00,0
2025-01-16,STORE-DEL-01,SKU-PRESSURE-CK,0,1850.00,1
2025-01-17,STORE-DEL-01,SKU-PRESSURE-CK,0,1850.00,0
2025-01-18,STORE-DEL-01,SKU-PRESSURE-CK,0,1850.00,0
2025-01-19,STORE-DEL-01,SKU-PRESSURE-CK,0,1850.00,0
2025-01-20,STORE-DEL-01,SKU-PRESSURE-CK,0,1850.00,0
2025-01-21,STORE-DEL-01,SKU-PRESSURE-CK,0,1850.00,0
2025-01-22,STORE-DEL-01,SKU-PRESSURE-CK,0,1850.00,0
2025-01-23,STORE-DEL-01,SKU-PRESSURE-CK,0,1850.00,1
2025-01-24,STORE-DEL-01,SKU-PRESSURE-CK,0,1850.00,0
2025-01-25,STORE-DEL-01,SKU-PRESSURE-CK,0,1850.00,1
2025-01-26,STORE-DEL-01,SKU-PRESSURE-CK,0,1850.00,0
2025-01-27,STORE-DEL-01,SKU-PRESSURE-CK,0,1850.00,0
2025-01-28,STORE-DEL-01,SKU-PRESSURE-CK,0,1850.00,1
2025-01-29,STORE-DEL-01,SKU-PRESSURE-CK,0,1850.00,0
2025-01-30,STORE-DEL-01,SKU-PRESSURE-CK,0,1850.00,0
2025-01-31,STORE-DEL-01,SKU-PRESSURE-CK,0,1850.00,0
2025-02-01,STORE-DEL-01,SKU-PRESSURE-CK,0,1850.00,0
2025-02-02,STORE-DEL-01,SKU-PRESSURE-CK,0,1850.00,0
2025-02-03,STORE-DEL-01,SKU-PRESSURE-CK,0,1850.00,0
2025-02-04,STORE-DEL-01,SKU-PRESSURE-CK,0,1850.00,0
2025-02-05,STORE-DEL-01,SKU-PRESSURE-CK,0,1850.00,0
2025-02-06,STORE-DEL-01,SKU-PRESSURE-CK,0,1850.00,0
2025-02-07,STORE-DEL-01,SKU-PRESSURE-CK,0,1850.00,1
2025-02-08,STORE-DEL-01,SKU-PRESSURE-CK,0,1850.00,0
2025-02-09,STORE-DEL-01,SKU-PRESSURE-CK,0,1850.00,0
2025-02-10,STORE-DEL-01,SKU-PRESSURE-CK,0,1850.00,0
2025-02-11,STORE-DEL-01,SKU-PRESSURE-CK,0,1850.00,0
2025-02-12,STORE-DEL-01,SKU-PRESSURE-CK,0,1850.00,1
2025-02-13,STORE-DEL-01,SKU-PRESSURE-CK,0,1850.00,0
2025-02-14,STORE-DEL-01,SKU-PRESSURE-CK,0,1850.00,0
2025-02-15,STORE-DEL-01,SKU-PRESSURE-CK,0,1850.00,0
2025-02-16,STORE-DEL-01,SKU-PRESSURE-CK,0,1850.00,0
2025-02-17,STORE-DEL-01,SKU-PRESSURE-CK,0,1850.00,0
2025-02-18,STORE-DEL-01,SKU-PRESSURE-CK,0,1850.00,0
2025-02-19,STORE-DEL-01,SKU-PRESSURE-CK,0,1850.00,0
2025-02-20,STORE-DEL-01,SKU-PRESSURE-CK,0,1850.00,0
2025-02-21,STORE-DEL-01,SKU-PRESSURE-CK,0,1850.00,0
2025-02-22,STORE-DEL-01,SKU-PRESSURE-CK,0,1850.00,0
2025-02-23,STORE-DEL-01,SKU-PRESSURE-CK,0,1850.00,1
2025-02-24,STORE-DEL-01,SKU-PRESSURE-CK,0,1850.00,0
2025-02-25,STORE-DEL-01,SKU-PRESSURE-CK,0,1850.00,0
2025-02-26,STORE-DEL-01,SKU-PRESSURE-CK,0,1850.00,0
2025-02-27,STORE-DEL-01,SKU-PRESSURE-CK,0,1850.00,0
2025-02-28,STORE-DEL-01,SKU-PRESSURE-CK,5,1850.00,0
2025-03-01,STORE-DEL-01,SKU-PRESSURE-CK,0,1850.00,0
2025-03-02,STORE-DEL-01,SKU-PRESSURE-CK,0,1850.00,0
2025-03-03,STORE-DEL-01,SKU-PRESSURE-CK,0,1850.00,0
2025-03-04,STORE-DEL-01,SKU-PRESSURE-CK,0,1850.00,0
2025-03-05,STORE-DEL-01,SKU-PRESSURE-CK,4,1850.00,0
2025-03-06,STORE-DEL-01,SKU-PRESSURE-CK,0,1850.00,0
2025-03-07,STORE-DEL-01,SKU-PRESSURE-CK,0,1850.00,0
2025-03-08,STORE-DEL-01,SKU-PRESSURE-CK,0,1850.00,0
2025-03-09,STORE-DEL-01,SKU-PRESSURE-CK,0,1850.00,0
2025-03-10,STORE-DEL-01,SKU-PRESSURE-CK,0,1850.00,1
2025-03-11,STORE-DEL-01,SKU-PRESSURE-CK,0,1850.00,0
2025-03-12,STORE-DEL-01,SKU-PRESSURE-CK,0,1850.00,1
2025-03-13,STORE-DEL-01,SKU-PRESSURE-CK,0,1850.00,0
2025-03-14,STORE-DEL-01,SKU-PRESSURE-CK,0,1850.00,1
2025-03-15,STORE-DEL-01,SKU-PRESSURE-CK,0,1850.00,0
2025-03-16,STORE-DEL-01,SKU-PRESSURE-CK,0,1850.00,0
2025-03-17,STORE-DEL-01,SKU-PRESSURE-CK,0,1850.00,0
2025-03-18,STORE-DEL-01,SKU-PRESSURE-CK,0,1850.00,0
2025-03-19,STORE-DEL-01,SKU-PRESSURE-CK,0,1850.00,0
2025-03-20,STORE-DEL-01,SKU-PRESSURE-CK,0,1850.00,0
2025-03-21,STORE-DEL-01,SKU-PRESSURE-CK,0,1850.00,0
2025-03-22,STORE-DEL-01,SKU-PRESSURE-CK,0,1850.00,0
2025-03-23,STORE-DEL-01,SKU-PRESSURE-CK,0,1850.00,1
2025-03-24,STORE-DEL-01,SKU-PRESSURE-CK,55,1850.00,0
2025-03-25,STORE-DEL-01,SKU-PRESSURE-CK,0,1850.00,0
2025-03-26,STORE-DEL-01,SKU-PRESSURE-CK,0,1850.00,0
2025-03-27,STORE-DEL-01,SKU-PRESSURE-CK,0,1850.00,0
2025-03-28,STORE-DEL-01,SKU-PRESSURE-CK,0,1850.00,0
2025-03-29,STORE-DEL-01,SKU-PRESSURE-CK,0,1850.00,0
2025-03-30,STORE-DEL-01,SKU-PRESSURE-CK,0,1850.00,0
2025-03-31,STORE-DEL-01,SKU-PRESSURE-CK,0,1850.00,0
2025-04-01,STORE-DEL-01,SKU-PRESSURE-CK,0,1850.00,0
2025-04-02,STORE-DEL-01,SKU-PRESSURE-CK,0,1850.00,0
2025-04-03,STORE-DEL-01,SKU-PRESSURE-CK,0,1850.00,0
2025-04-04,STORE-DEL-01,SKU-PRESSURE-CK,0,1850.00,1
2025-04-05,STORE-DEL-01,SKU-PRESSURE-CK,0,1850.00,0
2025-04-06,STORE-DEL-01,SKU-PRESSURE-CK,0,1850.00,1
2025-04-07,STORE-DEL-01,SKU-PRESSURE-CK,0,1850.00,0
2025-04-08,STORE-DEL-01,SKU-PRESSURE-CK,5,1850.00,0
2025-04-09,STORE-DEL-01,SKU-PRESSURE-CK,0,1850.00,0
2025-04-10,STORE-DEL-01,SKU-PRESSURE-CK,0,1850.00,0
2025-04-11,STORE-DEL-01,SKU-PRESSURE-CK,0,1850.00,0
2025-04-12,STORE-DEL-01,SKU-PRESSURE-CK,2,1850.00,0
2025-04-13,STORE-DEL-01,SKU-PRESSURE-CK,0,1850.00,0
2025-04-14,STORE-DEL-01,SKU-PRESSURE-CK,0,1850.00,0
2025-04-15,STORE-DEL-01,SKU-PRESSURE-CK,2,1850.00,0
2025-04-16,STORE-DEL-01,SKU-PRESSURE-CK,0,1850.00,0
2025-04-17,STORE-DEL-01,SKU-PRESSURE-CK,0,1850.00,0
2025-04-18,STORE-DEL-01,SKU-PRESSURE-CK,0,1850.00,0
2025-04-19,STORE-DEL-01,SKU-PRESSURE-CK,1,1850.00,1
2025-04-20,STORE-DEL-01,SKU-PRESSURE-CK,0,1850.00,0
2025-04-21,STORE-DEL-01,SKU-PRESSURE-CK,0,1850.00,0
2025-04-22,STORE-DEL-01,SKU-PRESSURE-CK,0,1850.00,0
2025-04-23,STORE-DEL-01,SKU-PRESSURE-CK,0,1850.00,1
2025-04-24,STORE-DEL-01,SKU-PRESSURE-CK,7,1850.00,0
2025-04-25,STORE-DEL-01,SKU-PRESSURE-CK,0,1850.00,0
2025-04-26,STORE-DEL-01,SKU-PRESSURE-CK,0,1850.00,0
2025-04-27,STORE-DEL-01,SKU-PRESSURE-CK,0,1850.00,0
2025-04-28,STORE-DEL-01,SKU-PRESSURE-CK,0,1850.00,0
2025-04-29,STORE-DEL-01,SKU-PRESSURE-CK,0,1850.00,0
2025-04-30,STORE-DEL-01,SKU-PRESSURE-CK,0,1850.00,0
2025-05-01,STORE-DEL-01,SKU-PRESSURE-CK,0,1850.00,0
2025-05-02,STORE-DEL-01,SKU-PRESSURE-CK,0,1850.00,0
2025-05-03,STORE-DEL-01,SKU-PRESSURE-CK,0,1850.00,0
2025-05-04,STORE-DEL-01,SKU-PRESSURE-CK,0,1850.00,0
2025-05-05,STORE-DEL-01,SKU-PRESSURE-CK,0,1850.00,0
2025-05-06,STORE-DEL-01,SKU-PRESSURE-CK,0,1850.00,0
2025-05-07,STORE-DEL-01,SKU-PRESSURE-CK,0,1850.00,0
2025-05-08,STORE-DEL-01,SKU-PRESSURE-CK,0,1850.00,0
2025-05-09,STORE-DEL-01,SKU-PRESSURE-CK,0,1850.00,0
2025-05-10,STORE-DEL-01,SKU-PRESSURE-CK,0,1850.00,0
2025-05-11,STORE-DEL-01,SKU-PRESSURE-CK,0,1850.00,0
2025-05-12,STORE-DEL-01,SKU-PRESSURE-CK,0,1850.00,0
2025-05-13,STORE-DEL-01,SKU-PRESSURE-CK,0,1850.00,0
2025-05-14,STORE-DEL-01,SKU-PRESSURE-CK,0,1850.00,0
2025-05-15,STORE-DEL-01,SKU-PRESSURE-CK,0,1850.00,1
2025-05-16,STORE-DEL-01,SKU-PRESSURE-CK,0,1850.00,0
2025-05-17,STORE-DEL-01,SKU-PRESSURE-CK,0,1850.00,0
2025-05-18,STORE-DEL-01,SKU-PRESSURE-CK,0,1850.00,0
2025-05-19,STORE-DEL-01,SKU-PRESSURE-CK,0,1850.00,1
2025-05-20,STORE-DEL-01,SKU-PRESSURE-CK,0,1850.00,0
2025-05-21,STORE-DEL-01,SKU-PRESSURE-CK,0,1850.00,0
2025-05-22,STORE-DEL-01,SKU-PRESSURE-CK,0,1850.00,0
2025-05-23,STORE-DEL-01,SKU-PRESSURE-CK,0,1850.00,0
2025-05-24,STORE-DEL-01,SKU-PRESSURE-CK,0,1850.00,0
2025-05-25,STORE-DEL-01,SKU-PRESSURE-CK,0,1850.00,0
2025-05-26,STORE-DEL-01,SKU-PRESSURE-CK,0,1850.00,0
2025-05-27,STORE-DEL-01,SKU-PRESSURE-CK,0,1850.00,0
2025-05-28,STORE-DEL-01,SKU-PRESSURE-CK,0,1850.00,0
2025-05-29,STORE-DEL-01,SKU-PRESSURE-CK,0,1850.00,0
2025-05-30,STORE-DEL-01,SKU-PRESSURE-CK,0,1850.00,0
2025-05-31,STORE-DEL-01,SKU-PRESSURE-CK,6,1850.00,0
2025-06-01,STORE-DEL-01,SKU-PRESSURE-CK,0,1850.00,1
2025-06-02,STORE-DEL-01,SKU-PRESSURE-CK,0,1850.00,0
2025-06-03,STORE-DEL-01,SKU-PRESSURE-CK,0,1850.00,0
2025-06-04,STORE-DEL-01,SKU-PRESSURE-CK,1,1850.00,0
2025-06-05,STORE-DEL-01,SKU-PRESSURE-CK,0,1850.00,0
2025-06-06,STORE-DEL-01,SKU-PRESSURE-CK,8,1850.00,1
2025-06-07,STORE-DEL-01,SKU-PRESSURE-CK,0,1850.00,0
2025-06-08,STORE-DEL-01,SKU-PRESSURE-CK,0,1850.00,0
2025-06-09,STORE-DEL-01,SKU-PRESSURE-CK,0,1850.00,1
2025-06-10,STORE-DEL-01,SKU-PRESSURE-CK,0,1850.00,0
2025-06-11,STORE-DEL-01,SKU-PRESSURE-CK,0,1850.00,0
2025-06-12,STORE-DEL-01,SKU-PRESSURE-CK,0,1850.00,0
2025-06-13,STORE-DEL-01,SKU-PRESSURE-CK,0,1850.00,0
2025-06-14,STORE-DEL-01,SKU-PRESSURE-CK,4,1850.00,0
2025-06-15,STORE-DEL-01,SKU-PRESSURE-CK,0,1850.00,0
2025-06-16,STORE-DEL-01,SKU-PRESSURE-CK,0,1850.00,1
2025-06-17,STORE-DEL-01,SKU-PRESSURE-CK,0,1850.00,0
2025-06-18,STORE-DEL-01,SKU-PRESSURE-CK,0,1850.00,1
2025-06-19,STORE-DEL-01,SKU-PRESSURE-CK,0,1850.00,0
2025-06-20,STORE-DEL-01,SKU-PRESSURE-CK,0,1850.00,0
2025-06-21,STORE-DEL-01,SKU-PRESSURE-CK,0,1850.00,1
2025-06-22,STORE-DEL-01,SKU-PRESSURE-CK,0,1850.00,0
2025-06-23,STORE-DEL-01,SKU-PRESSURE-CK,0,1850.00,0
2025-06-24,STORE-DEL-01,SKU-PRESSURE-CK,0,1850.00,0
2025-06-25,STORE-DEL-01,SKU-PRESSURE-CK,0,1850.00,0
2025-06-26,STORE-DEL-01,SKU-PRESSURE-CK,7,1850.00,1
2025-06-27,STORE-DEL-01,SKU-PRESSURE-CK,0,1850.00,0
2025-06-28,STORE-DEL-01,SKU-PRESSURE-CK,0,1850.00,0
2025-06-29,STORE-DEL-01,SKU-PRESSURE-CK,0,1850.00,0
2025-06-30,STORE-DEL-01,SKU-PRESSURE-CK,0,1850.00,0
2025-07-01,STORE-DEL-01,SKU-PRESSURE-CK,0,1850.00,0
2025-07-02,STORE-DEL-01,SKU-PRESSURE-CK,0,1850.00,0
2025-07-03,STORE-DEL-01,SKU-PRESSURE-CK,0,1850.00,0
2025-07-04,STORE-DEL-01,SKU-PRESSURE-CK,0,1850.00,0
2025-07-05,STORE-DEL-01,SKU-PRESSURE-CK,0,1850.00,0
2025-07-06,STORE-DEL-01,SKU-PRESSURE-CK,0,1850.00,0
2025-07-07,STORE-DEL-01,SKU-PRESSURE-CK,0,1850.00,0
2025-07-08,STORE-DEL-01,SKU-PRESSURE-CK,0,1850.00,1
2025-07-09,STORE-DEL-01,SKU-PRESSURE-CK,0,1850.00,0
2025-07-10,STORE-DEL-01,SKU-PRESSURE-CK,0,1850.00,0
2025-07-11,STORE-DEL-01,SKU-PRESSURE-CK,0,1850.00,0
2025-07-12,STORE-DEL-01,SKU-PRESSURE-CK,0,1850.00,0
2025-07-13,STORE-DEL-01,SKU-PRESSURE-CK,0,1850.00,0
2025-07-14,STORE-DEL-01,SKU-PRESSURE-CK,0,1850.00,0
2025-07-15,STORE-DEL-01,SKU-PRESSURE-CK,0,1850.00,0
2025-07-16,STORE-DEL-01,SKU-PRESSURE-CK,0,1850.00,0
2025-07-17,STORE-DEL-01,SKU-PRESSURE-CK,0,1850.00,1
2025-07-18,STORE-DEL-01,SKU-PRESSURE-CK,3,1850.00,0
2025-07-19,STORE-DEL-01,SKU-PRESSURE-CK,0,1850.00,0
2025-07-20,STORE-DEL-01,SKU-PRESSURE-CK,0,1850.00,0
2025-07-21,STORE-DEL-01,SKU-PRESSURE-CK,0,1850.00,1
2025-07-22,STORE-DEL-01,SKU-PRESSURE-CK,0,1850.00,0
2025-07-23,STORE-DEL-01,SKU-PRESSURE-CK,0,1850.00,0
2025-07-24,STORE-DEL-01,SKU-PRESSURE-CK,0,1850.00,0
2025-07-25,STORE-DEL-01,SKU-PRESSURE-CK,0,1850.00,0
2025-07-26,STORE-DEL-01,SKU-PRESSURE-CK,0,1850.00,0
2025-07-27,STORE-DEL-01,SKU-PRESSURE-CK,0,1850.00,0
2025-07-28,STORE-DEL-01,SKU-PRESSURE-CK,0,1850.00,0
2025-07-29,STORE-DEL-01,SKU-PRESSURE-CK,0,1850.00,0
2025-07-30,STORE-DEL-01,SKU-PRESSURE-CK,0,1850.00,0
2025-07-31,STORE-DEL-01,SKU-PRESSURE-CK,0,1850.00,0
2025-08-01,STORE-DEL-01,SKU-PRESSURE-CK,0,1850.00,0
2025-08-02,STORE-DEL-01,SKU-PRESSURE-CK,0,1850.00,0
2025-08-03,STORE-DEL-01,SKU-PRESSURE-CK,4,1850.00,0
2025-08-04,STORE-DEL-01,SKU-PRESSURE-CK,0,1850.00,0
2025-08-05,STORE-DEL-01,SKU-PRESSURE-CK,0,1850.00,0
2025-08-06,STORE-DEL-01,SKU-PRESSURE-CK,0,1850.00,0
2025-08-07,STORE-DEL-01,SKU-PRESSURE-CK,0,1850.00,0
2025-08-08,STORE-DEL-01,SKU-PRESSURE-CK,0,1850.00,0
2025-08-09,STORE-DEL-01,SKU-PRESSURE-CK,0,1850.00,1
2025-08-10,STORE-DEL-01,SKU-PRESSURE-CK,0,1850.00,0
2025-08-11,STORE-DEL-01,SKU-PRESSURE-CK,0,1850.00,0
2025-08-12,STORE-DEL-01,SKU-PRESSURE-CK,0,1850.00,0
2025-08-13,STORE-DEL-01,SKU-PRESSURE-CK,7,1850.00,1
2025-08-14,STORE-DEL-01,SKU-PRESSURE-CK,5,1850.00,1
2025-08-15,STORE-DEL-01,SKU-PRESSURE-CK,5,1850.00,0
2025-08-16,STORE-DEL-01,SKU-PRESSURE-CK,0,1850.00,0
2025-08-17,STORE-DEL-01,SKU-PRESSURE-CK,0,1850.00,0
2025-08-18,STORE-DEL-01,SKU-PRESSURE-CK,0,1850.00,0
2025-08-19,STORE-DEL-01,SKU-PRESSURE-CK,0,1850.00,0
2025-08-20,STORE-DEL-01,SKU-PRESSURE-CK,0,1850.00,0
2025-08-21,STORE-DEL-01,SKU-PRESSURE-CK,0,1850.00,0
2025-08-22,STORE-DEL-01,SKU-PRESSURE-CK,0,1850.00,0
2025-08-23,STORE-DEL-01,SKU-PRESSURE-CK,3,1850.00,0
2025-08-24,STORE-DEL-01,SKU-PRESSURE-CK,0,1850.00,0
2025-08-25,STORE-DEL-01,SKU-PRESSURE-CK,0,1850.00,0
2025-08-26,STORE-DEL-01,SKU-PRESSURE-CK,0,1850.00,0
2025-08-27,STORE-DEL-01,SKU-PRESSURE-CK,0,1850.00,0
2025-08-28,STORE-DEL-01,SKU-PRESSURE-CK,0,1850.00,0
2025-08-29,STORE-DEL-01,SKU-PRESSURE-CK,0,1850.00,0
2025-08-30,STORE-DEL-01,SKU-PRESSURE-CK,0,1850.00,0
2025-08-31,STORE-DEL-01,SKU-PRESSURE-CK,0,1850.00,0
2025-09-01,STORE-DEL-01,SKU-PRESSURE-CK,0,1850.00,0
2025-09-02,STORE-DEL-01,SKU-PRESSURE-CK,0,1850.00,0
2025-09-03,STORE-DEL-01,SKU-PRESSURE-CK,0,1850.00,0
2025-09-04,STORE-DEL-01,SKU-PRESSURE-CK,0,1850.00,0
2025-09-05,STORE-DEL-01,SKU-PRESSURE-CK,0,1850.00,0
2025-09-06,STORE-DEL-01,SKU-PRESSURE-CK,0,1850.00,0
2025-09-07,STORE-DEL-01,SKU-PRESSURE-CK,0,1850.00,0
2025-09-08,STORE-DEL-01,SKU-PRESSURE-CK,0,1850.00,0
2025-09-09,STORE-DEL-01,SKU-PRESSURE-CK,1,1850.00,0
2025-09-10,STORE-DEL-01,SKU-PRESSURE-CK,1,1850.00,0
2025-09-11,STORE-DEL-01,SKU-PRESSURE-CK,0,1850.00,0
2025-09-12,STORE-DEL-01,SKU-PRESSURE-CK,0,1850.00,1
2025-09-13,STORE-DEL-01,SKU-PRESSURE-CK,0,1850.00,0
2025-09-14,STORE-DEL-01,SKU-PRESSURE-CK,0,1850.00,0
2025-09-15,STORE-DEL-01,SKU-PRESSURE-CK,0,1850.00,1
2025-09-16,STORE-DEL-01,SKU-PRESSURE-CK,0,1850.00,0
2025-09-17,STORE-DEL-01,SKU-PRESSURE-CK,0,1850.00,0
2025-09-18,STORE-DEL-01,SKU-PRESSURE-CK,0,1850.00,0
2025-09-19,STORE-DEL-01,SKU-PRESSURE-CK,0,1850.00,0
2025-09-20,STORE-DEL-01,SKU-PRESSURE-CK,0,1850.00,1
2025-09-21,STORE-DEL-01,SKU-PRESSURE-CK,3,1850.00,0
2025-09-22,STORE-DEL-01,SKU-PRESSURE-CK,0,1850.00,1
2025-09-23,STORE-DEL-01,SKU-PRESSURE-CK,1,1850.00,0
2025-09-24,STORE-DEL-01,SKU-PRESSURE-CK,0,1850.00,0
2025-09-25,STORE-DEL-01,SKU-PRESSURE-CK,0,1850.00,0
2025-09-26,STORE-DEL-01,SKU-PRESSURE-CK,0,1850.00,0
2025-09-27,STORE-DEL-01,SKU-PRESSURE-CK,0,1850.00,0
2025-09-28,STORE-DEL-01,SKU-PRESSURE-CK,0,1850.00,0
2025-09-29,STORE-DEL-01,SKU-PRESSURE-CK,1,1850.00,1
2025-09-30,STORE-DEL-01,SKU-PRESSURE-CK,0,1850.00,0
2025-10-01,STORE-DEL-01,SKU-PRESSURE-CK,2,1850.00,0
2025-10-02,STORE-DEL-01,SKU-PRESSURE-CK,0,1850.00,0
2025-10-03,STORE-DEL-01,SKU-PRESSURE-CK,0,1850.00,0
2025-10-04,STORE-DEL-01,SKU-PRESSURE-CK,0,1850.00,0
2025-10-05,STORE-DEL-01,SKU-PRESSURE-CK,0,1850.00,0
2025-10-06,STORE-DEL-01,SKU-PRESSURE-CK,0,1850.00,0
2025-10-07,STORE-DEL-01,SKU-PRESSURE-CK,0,1850.00,0
2025-10-08,STORE-DEL-01,SKU-PRESSURE-CK,0,1850.00,0
2025-10-09,STORE-DEL-01,SKU-PRESSURE-CK,0,1850.00,0
2025-10-10,STORE-DEL-01,SKU-PRESSURE-CK,0,1850.00,0
2025-10-11,STORE-DEL-01,SKU-PRESSURE-CK,0,1850.00,0
2025-10-12,STORE-DEL-01,SKU-PRESSURE-CK,2,1850.00,0
2025-10-13,STORE-DEL-01,SKU-PRESSURE-CK,0,1850.00,0
2025-10-14,STORE-DEL-01,SKU-PRESSURE-CK,0,1850.00,0
2025-10-15,STORE-DEL-01,SKU-PRESSURE-CK,0,1850.00,0
2025-10-16,STORE-DEL-01,SKU-PRESSURE-CK,0,1850.00,0
2025-10-17,STORE-DEL-01,SKU-PRESSURE-CK,0,1850.00,0
2025-10-18,STORE-DEL-01,SKU-PRESSURE-CK,6,1850.00,0
2025-10-19,STORE-DEL-01,SKU-PRESSURE-CK,0,1850.00,0
2025-10-20,STORE-DEL-01,SKU-PRESSURE-CK,0,1850.00,0
2025-10-21,STORE-DEL-01,SKU-PRESSURE-CK,1,1850.00,1
2025-10-22,STORE-DEL-01,SKU-PRESSURE-CK,0,1850.00,1
2025-10-23,STORE-DEL-01,SKU-PRESSURE-CK,0,1850.00,0
2025-10-24,STORE-DEL-01,SKU-PRESSURE-CK,0,1850.00,0
2025-10-25,STORE-DEL-01,SKU-PRESSURE-CK,0,1850.00,0
2025-10-26,STORE-DEL-01,SKU-PRESSURE-CK,0,1850.00,0
2025-10-27,STORE-DEL-01,SKU-PRESSURE-CK,0,1850.00,1
2025-10-28,STORE-DEL-01,SKU-PRESSURE-CK,0,1850.00,0
2025-10-29,STORE-DEL-01,SKU-PRESSURE-CK,0,1850.00,1
2025-10-30,STORE-DEL-01,SKU-PRESSURE-CK,0,1850.00,0
2025-10-31,STORE-DEL-01,SKU-PRESSURE-CK,0,1850.00,0
2025-11-01,STORE-DEL-01,SKU-PRESSURE-CK,8,1850.00,0
2025-11-02,STORE-DEL-01,SKU-PRESSURE-CK,0,1850.00,0
2025-11-03,STORE-DEL-01,SKU-PRESSURE-CK,0,1850.00,0
2025-11-04,STORE-DEL-01,SKU-PRESSURE-CK,0,1850.00,0
2025-11-05,STORE-DEL-01,SKU-PRESSURE-CK,0,1850.00,0
2025-11-06,STORE-DEL-01,SKU-PRESSURE-CK,0,1850.00,0
2025-11-07,STORE-DEL-01,SKU-PRESSURE-CK,0,1850.00,0
2025-11-08,STORE-DEL-01,SKU-PRESSURE-CK,0,1850.00,1
2025-11-09,STORE-DEL-01,SKU-PRESSURE-CK,0,1850.00,0
2025-11-10,STORE-DEL-01,SKU-PRESSURE-CK,0,1850.00,1
2025-11-11,STORE-DEL-01,SKU-PRESSURE-CK,0,1850.00,0
2025-11-12,STORE-DEL-01,SKU-PRESSURE-CK,0,1850.00,0
2025-11-13,STORE-DEL-01,SKU-PRESSURE-CK,0,1850.00,1
2025-11-14,STORE-DEL-01,SKU-PRESSURE-CK,0,1850.00,0
2025-11-15,STORE-DEL-01,SKU-PRESSURE-CK,0,1850.00,0
2025-11-16,STORE-DEL-01,SKU-PRESSURE-CK,0,1850.00,0
2025-11-17,STORE-DEL-01,SKU-PRESSURE-CK,0,1850.00,0
2025-11-18,STORE-DEL-01,SKU-PRESSURE-CK,0,1850.00,0
2025-11-19,STORE-DEL-01,SKU-PRESSURE-CK,0,1850.00,0
2025-11-20,STORE-DEL-01,SKU-PRESSURE-CK,0,1850.00,1
2025-11-21,STORE-DEL-01,SKU-PRESSURE-CK,0,1850.00,0
2025-11-22,STORE-DEL-01,SKU-PRESSURE-CK,2,1850.00,0
2025-11-23,STORE-DEL-01,SKU-PRESSURE-CK,0,1850.00,0
2025-11-24,STORE-DEL-01,SKU-PRESSURE-CK,0,1850.00,1
2025-11-25,STORE-DEL-01,SKU-PRESSURE-CK,0,1850.00,0
2025-11-26,STORE-DEL-01,SKU-PRESSURE-CK,0,1850.00,0
2025-11-27,STORE-DEL-01,SKU-PRESSURE-CK,0,1850.00,0
2025-11-28,STORE-DEL-01,SKU-PRESSURE-CK,0,1850.00,0
2025-11-29,STORE-DEL-01,SKU-PRESSURE-CK,0,1850.00,0
2025-11-30,STORE-DEL-01,SKU-PRESSURE-CK,0,1850.00,0
2025-12-01,STORE-DEL-01,SKU-PRESSURE-CK,0,1850.00,1
2025-12-02,STORE-DEL-01,SKU-PRESSURE-CK,0,1850.00,0
2025-12-03,STORE-DEL-01,SKU-PRESSURE-CK,0,1850.00,0
2025-12-04,STORE-DEL-01,SKU-PRESSURE-CK,3,1850.00,0
2025-12-05,STORE-DEL-01,SKU-PRESSURE-CK,0,1850.00,0
2025-12-06,STORE-DEL-01,SKU-PRESSURE-CK,0,1850.00,0
2025-12-07,STORE-DEL-01,SKU-PRESSURE-CK,0,1850.00,1
2025-12-08,STORE-DEL-01,SKU-PRESSURE-CK,0,1850.00,1
2025-12-09,STORE-DEL-01,SKU-PRESSURE-CK,0,1850.00,0
2025-12-10,STORE-DEL-01,SKU-PRESSURE-CK,0,1850.00,1
2025-12-11,STORE-DEL-01,SKU-PRESSURE-CK,0,1850.00,0
2025-12-12,STORE-DEL-01,SKU-PRESSURE-CK,0,1850.00,0
2025-12-13,STORE-DEL-01,SKU-PRESSURE-CK,0,1850.00,0
2025-12-14,STORE-DEL-01,SKU-PRESSURE-CK,0,1850.00,0
2025-12-15,STORE-DEL-01,SKU-PRESSURE-CK,0,1850.00,0
2025-12-16,STORE-DEL-01,SKU-PRESSURE-CK,0,1850.00,0
2025-12-17,STORE-DEL-01,SKU-PRESSURE-CK,0,1850.00,0
2025-12-18,STORE-DEL-01,SKU-PRESSURE-CK,0,1850.00,0
2025-12-19,STORE-DEL-01,SKU-PRESSURE-CK,0,1850.00,0
2025-12-20,STORE-DEL-01,SKU-PRESSURE-CK,0,1850.00,1
2025-12-21,STORE-DEL-01,SKU-PRESSURE-CK,0,1850.00,0
2025-12-22,STORE-DEL-01,SKU-PRESSURE-CK,0,1850.00,1
2025-12-23,STORE-DEL-01,SKU-PRESSURE-CK,0,1850.00,1
2025-12-24,STORE-DEL-01,SKU-PRESSURE-CK,0,1850.00,0
2025-12-25,STORE-DEL-01,SKU-PRESSURE-CK,0,1850.00,0
2025-12-26,STORE-DEL-01,SKU-PRESSURE-CK,1,1850.00,0
2025-12-27,STORE-DEL-01,SKU-PRESSURE-CK,2,1850.00,0
2025-12-28,STORE-DEL-01,SKU-PRESSURE-CK,0,1850.00,0
2025-12-29,STORE-DEL-01,SKU-PRESSURE-CK,0,1850.00,0
2025-12-30,STORE-DEL-01,SKU-PRESSURE-CK,0,1850.00,0
2024-01-01,STORE-DEL-01,SKU-GIFT-BOX,0,450.00,0
2024-01-02,STORE-DEL-01,SKU-GIFT-BOX,0,450.00,0
2024-01-03,STORE-DEL-01,SKU-GIFT-BOX,0,450.00,0
2024-01-04,STORE-DEL-01,SKU-GIFT-BOX,0,450.00,0
2024-01-05,STORE-DEL-01,SKU-GIFT-BOX,0,450.00,1
2024-01-06,STORE-DEL-01,SKU-GIFT-BOX,0,450.00,0
2024-01-07,STORE-DEL-01,SKU-GIFT-BOX,0,450.00,0
2024-01-08,STORE-DEL-01,SKU-GIFT-BOX,0,450.00,0
2024-01-09,STORE-DEL-01,SKU-GIFT-BOX,0,450.00,0
2024-01-10,STORE-DEL-01,SKU-GIFT-BOX,0,450.00,0
2024-01-11,STORE-DEL-01,SKU-GIFT-BOX,7,450.00,0
2024-01-12,STORE-DEL-01,SKU-GIFT-BOX,0,450.00,0
2024-01-13,STORE-DEL-01,SKU-GIFT-BOX,0,450.00,0
2024-01-14,STORE-DEL-01,SKU-GIFT-BOX,1,450.00,0
2024-01-15,STORE-DEL-01,SKU-GIFT-BOX,0,450.00,1
2024-01-16,STORE-DEL-01,SKU-GIFT-BOX,0,450.00,0
2024-01-17,STORE-DEL-01,SKU-GIFT-BOX,0,450.00,0
2024-01-18,STORE-DEL-01,SKU-GIFT-BOX,0,450.00,0
2024-01-19,STORE-DEL-01,SKU-GIFT-BOX,0,450.00,0
2024-01-20,STORE-DEL-01,SKU-GIFT-BOX,0,450.00,0
2024-01-21,STORE-DEL-01,SKU-GIFT-BOX,1,450.00,0
2024-01-22,STORE-DEL-01,SKU-GIFT-BOX,0,450.00,0
2024-01-23,STORE-DEL-01,SKU-GIFT-BOX,0,450.00,0
2024-01-24,STORE-DEL-01,SKU-GIFT-BOX,0,450.00,1
2024-01-25,STORE-DEL-01,SKU-GIFT-BOX,0,450.00,0
2024-01-26,STORE-DEL-01,SKU-GIFT-BOX,0,450.00,0
2024-01-27,STORE-DEL-01,SKU-GIFT-BOX,0,450.00,1
2024-01-28,STORE-DEL-01,SKU-GIFT-BOX,0,450.00,0
2024-01-29,STORE-DEL-01,SKU-GIFT-BOX,0,450.00,1
2024-01-30,STORE-DEL-01,SKU-GIFT-BOX,0,450.00,0
2024-01-31,STORE-DEL-01,SKU-GIFT-BOX,0,450.00,0
2024-02-01,STORE-DEL-01,SKU-GIFT-BOX,0,450.00,1
2024-02-02,STORE-DEL-01,SKU-GIFT-BOX,0,450.00,1
2024-02-03,STORE-DEL-01,SKU-GIFT-BOX,0,450.00,0
2024-02-04,STORE-DEL-01,SKU-GIFT-BOX,0,450.00,0
2024-02-05,STORE-DEL-01,SKU-GIFT-BOX,0,450.00,0
2024-02-06,STORE-DEL-01,SKU-GIFT-BOX,0,450.00,0
2024-02-07,STORE-DEL-01,SKU-GIFT-BOX,0,450.00,1
2024-02-08,STORE-DEL-01,SKU-GIFT-BOX,0,450.00,0
2024-02-09,STORE-DEL-01,SKU-GIFT-BOX,0,450.00,1
2024-02-10,STORE-DEL-01,SKU-GIFT-BOX,0,450.00,0
2024-02-11,STORE-DEL-01,SKU-GIFT-BOX,0,450.00,0
2024-02-12,STORE-DEL-01,SKU-GIFT-BOX,0,450.00,0
2024-02-13,STORE-DEL-01,SKU-GIFT-BOX,0,450.00,0
2024-02-14,STORE-DEL-01,SKU-GIFT-BOX,0,450.00,0
2024-02-15,STORE-DEL-01,SKU-GIFT-BOX,0,450.00,0
2024-02-16,STORE-DEL-01,SKU-GIFT-BOX,0,450.00,0
2024-02-17,STORE-DEL-01,SKU-GIFT-BOX,0,450.00,0
2024-02-18,STORE-DEL-01,SKU-GIFT-BOX,0,450.00,1
2024-02-19,STORE-DEL-01,SKU-GIFT-BOX,0,450.00,0
2024-02-20,STORE-DEL-01,SKU-GIFT-BOX,0,450.00,0
2024-02-21,STORE-DEL-01,SKU-GIFT-BOX,0,450.00,0
2024-02-22,STORE-DEL-01,SKU-GIFT-BOX,0,450.00,0
2024-02-23,STORE-DEL-01,SKU-GIFT-BOX,0,450.00,0
2024-02-24,STORE-DEL-01,SKU-GIFT-BOX,0,450.00,1
2024-02-25,STORE-DEL-01,SKU-GIFT-BOX,0,450.00,0
2024-02-26,STORE-DEL-01,SKU-GIFT-BOX,0,450.00,1
2024-02-27,STORE-DEL-01,SKU-GIFT-BOX,0,450.00,0
2024-02-28,STORE-DEL-01,SKU-GIFT-BOX,0,450.00,0
2024-02-29,STORE-DEL-01,SKU-GIFT-BOX,0,450.00,0
2024-03-01,STORE-DEL-01,SKU-GIFT-BOX,0,450.00,0
2024-03-02,STORE-DEL-01,SKU-GIFT-BOX,0,450.00,0
2024-03-03,STORE-DEL-01,SKU-GIFT-BOX,0,450.00,0
2024-03-04,STORE-DEL-01,SKU-GIFT-BOX,0,450.00,1
2024-03-05,STORE-DEL-01,SKU-GIFT-BOX,0,450.00,0
2024-03-06,STORE-DEL-01,SKU-GIFT-BOX,0,450.00,1
2024-03-07,STORE-DEL-01,SKU-GIFT-BOX,0,450.00,0
2024-03-08,STORE-DEL-01,SKU-GIFT-BOX,0,450.00,0
2024-03-09,STORE-DEL-01,SKU-GIFT-BOX,0,450.00,0
2024-03-10,STORE-DEL-01,SKU-GIFT-BOX,0,450.00,0
2024-03-11,STORE-DEL-01,SKU-GIFT-BOX,0,450.00,0
2024-03-12,STORE-DEL-01,SKU-GIFT-BOX,0,450.00,0
2024-03-13,STORE-DEL-01,SKU-GIFT-BOX,0,450.00,0
2024-03-14,STORE-DEL-01,SKU-GIFT-BOX,0,450.00,0
2024-03-15,STORE-DEL-01,SKU-GIFT-BOX,0,450.00,1
2024-03-16,STORE-DEL-01,SKU-GIFT-BOX,0,450.00,0
2024-03-17,STORE-DEL-01,SKU-GIFT-BOX,0,450.00,0
2024-03-18,STORE-DEL-01,SKU-GIFT-BOX,0,450.00,1
2024-03-19,STORE-DEL-01,SKU-GIFT-BOX,0,450.00,0
2024-03-20,STORE-DEL-01,SKU-GIFT-BOX,0,450.00,0
2024-03-21,STORE-DEL-01,SKU-GIFT-BOX,0,450.00,0
2024-03-22,STORE-DEL-01,SKU-GIFT-BOX,0,450.00,0
2024-03-23,STORE-DEL-01,SKU-GIFT-BOX,0,450.00,0
2024-03-24,STORE-DEL-01,SKU-GIFT-BOX,0,450.00,1
2024-03-25,STORE-DEL-01,SKU-GIFT-BOX,0,450.00,0
2024-03-26,STORE-DEL-01,SKU-GIFT-BOX,0,450.00,0
2024-03-27,STORE-DEL-01,SKU-GIFT-BOX,0,450.00,0
2024-03-28,STORE-DEL-01,SKU-GIFT-BOX,0,450.00,0
2024-03-29,STORE-DEL-01,SKU-GIFT-BOX,0,450.00,0
2024-03-30,STORE-DEL-01,SKU-GIFT-BOX,0,450.00,0
2024-03-31,STORE-DEL-01,SKU-GIFT-BOX,0,450.00,1
2024-04-01,STORE-DEL-01,SKU-GIFT-BOX,0,450.00,0
2024-04-02,STORE-DEL-01,SKU-GIFT-BOX,0,450.00,0
2024-04-03,STORE-DEL-01,SKU-GIFT-BOX,33,450.00,0
2024-04-04,STORE-DEL-01,SKU-GIFT-BOX,0,450.00,0
2024-04-05,STORE-DEL-01,SKU-GIFT-BOX,0,450.00,0
2024-04-06,STORE-DEL-01,SKU-GIFT-BOX,0,450.00,0
2024-04-07,STORE-DEL-01,SKU-GIFT-BOX,0,450.00,0
2024-04-08,STORE-DEL-01,SKU-GIFT-BOX,0,450.00,0
2024-04-09,STORE-DEL-01,SKU-GIFT-BOX,0,450.00,0
2024-04-10,STORE-DEL-01,SKU-GIFT-BOX,0,450.00,0
2024-04-11,STORE-DEL-01,SKU-GIFT-BOX,0,450.00,0
2024-04-12,STORE-DEL-01,SKU-GIFT-BOX,0,450.00,0
2024-04-13,STORE-DEL-01,SKU-GIFT-BOX,0,450.00,0
2024-04-14,STORE-DEL-01,SKU-GIFT-BOX,0,450.00,0
2024-04-15,STORE-DEL-01,SKU-GIFT-BOX,0,450.00,0
2024-04-16,STORE-DEL-01,SKU-GIFT-BOX,0,450.00,0
2024-04-17,STORE-DEL-01,SKU-GIFT-BOX,0,450.00,0
2024-04-18,STORE-DEL-01,SKU-GIFT-BOX,0,450.00,0
2024-04-19,STORE-DEL-01,SKU-GIFT-BOX,0,450.00,0
2024-04-20,STORE-DEL-01,SKU-GIFT-BOX,0,450.00,0
2024-04-21,STORE-DEL-01,SKU-GIFT-BOX,0,450.00,0
2024-04-22,STORE-DEL-01,SKU-GIFT-BOX,16,450.00,0
2024-04-23,STORE-DEL-01,SKU-GIFT-BOX,0,450.00,1
2024-04-24,STORE-DEL-01,SKU-GIFT-BOX,0,450.00,0
2024-04-25,STORE-DEL-01,SKU-GIFT-BOX,0,450.00,0
2024-04-26,STORE-DEL-01,SKU-GIFT-BOX,0,450.00,0
2024-04-27,STORE-DEL-01,SKU-GIFT-BOX,0,450.00,0
2024-04-28,STORE-DEL-01,SKU-GIFT-BOX,19,450.00,0
2024-04-29,STORE-DEL-01,SKU-GIFT-BOX,0,450.00,0
2024-04-30,STORE-DEL-01,SKU-GIFT-BOX,0,450.00,0
2024-05-01,STORE-DEL-01,SKU-GIFT-BOX,0,450.00,0
2024-05-02,STORE-DEL-01,SKU-GIFT-BOX,0,450.00,0
2024-05-03,STORE-DEL-01,SKU-GIFT-BOX,0,450.00,0
2024-05-04,STORE-DEL-01,SKU-GIFT-BOX,0,450.00,0
2024-05-05,STORE-DEL-01,SKU-GIFT-BOX,0,450.00,0
2024-05-06,STORE-DEL-01,SKU-GIFT-BOX,0,450.00,0
2024-05-07,STORE-DEL-01,SKU-GIFT-BOX,0,450.00,0
2024-05-08,STORE-DEL-01,SKU-GIFT-BOX,0,450.00,1
2024-05-09,STORE-DEL-01,SKU-GIFT-BOX,0,450.00,0
2024-05-10,STORE-DEL-01,SKU-GIFT-BOX,0,450.00,0
2024-05-11,STORE-DEL-01,SKU-GIFT-BOX,0,450.00,1
2024-05-12,STORE-DEL-01,SKU-GIFT-BOX,0,450.00,0
2024-05-13,STORE-DEL-01,SKU-GIFT-BOX,0,450.00,0
2024-05-14,STORE-DEL-01,SKU-GIFT-BOX,0,450.00,0
2024-05-15,STORE-DEL-01,SKU-GIFT-BOX,0,450.00,0
2024-05-16,STORE-DEL-01,SKU-GIFT-BOX,0,450.00,0
2024-05-17,STORE-DEL-01,SKU-GIFT-BOX,1,450.00,0
2024-05-18,STORE-DEL-01,SKU-GIFT-BOX,0,450.00,0
2024-05-19,STORE-DEL-01,SKU-GIFT-BOX,0,450.00,0
2024-05-20,STORE-DEL-01,SKU-GIFT-BOX,0,450.00,0
2024-05-21,STORE-DEL-01,SKU-GIFT-BOX,0,450.00,0
2024-05-22,STORE-DEL-01,SKU-GIFT-BOX,0,450.00,0
2024-05-23,STORE-DEL-01,SKU-GIFT-BOX,0,450.00,0
2024-05-24,STORE-DEL-01,SKU-GIFT-BOX,0,450.00,0
2024-05-25,STORE-DEL-01,SKU-GIFT-BOX,0,450.00,0
2024-05-26,STORE-DEL-01,SKU-GIFT-BOX,0,450.00,0
2024-05-27,STORE-DEL-01,SKU-GIFT-BOX,11,450.00,0
2024-05-28,STORE-DEL-01,SKU-GIFT-BOX,0,450.00,0
2024-05-29,STORE-DEL-01,SKU-GIFT-BOX,0,450.00,0
2024-05-30,STORE-DEL-01,SKU-GIFT-BOX,0,450.00,0
2024-05-31,STORE-DEL-01,SKU-GIFT-BOX,0,450.00,0
2024-06-01,STORE-DEL-01,SKU-GIFT-BOX,0,450.00,0
2024-06-02,STORE-DEL-01,SKU-GIFT-BOX,0,450.00,1
2024-06-03,STORE-DEL-01,SKU-GIFT-BOX,0,450.00,0
2024-06-04,STORE-DEL-01,SKU-GIFT-BOX,0,450.00,1
2024-06-05,STORE-DEL-01,SKU-GIFT-BOX,0,450.00,0
2024-06-06,STORE-DEL-01,SKU-GIFT-BOX,0,450.00,0
2024-06-07,STORE-DEL-01,SKU-GIFT-BOX,0,450.00,1
2024-06-08,STORE-DEL-01,SKU-GIFT-BOX,0,450.00,0
2024-06-09,STORE-DEL-01,SKU-GIFT-BOX,0,450.00,0
2024-06-10,STORE-DEL-01,SKU-GIFT-BOX,0,450.00,0
2024-06-11,STORE-DEL-01,SKU-GIFT-BOX,0,450.00,1
2024-06-12,STORE-DEL-01,SKU-GIFT-BOX,15,450.00,1
2024-06-13,STORE-DEL-01,SKU-GIFT-BOX,0,450.00,0
2024-06-14,STORE-DEL-01,SKU-GIFT-BOX,0,450.00,1
2024-06-15,STORE-DEL-01,SKU-GIFT-BOX,0,450.00,1
2024-06-16,STORE-DEL-01,SKU-GIFT-BOX,0,450.00,0
2024-06-17,STORE-DEL-01,SKU-GIFT-BOX,0,450.00,0
2024-06-18,STORE-DEL-01,SKU-GIFT-BOX,0,450.00,0
2024-06-19,STORE-DEL-01,SKU-GIFT-BOX,0,450.00,0
2024-06-20,STORE-DEL-01,SKU-GIFT-BOX,0,450.00,0
2024-06-21,STORE-DEL-01,SKU-GIFT-BOX,0,450.00,0
2024-06-22,STORE-DEL-01,SKU-GIFT-BOX,0,450.00,0
2024-06-23,STORE-DEL-01,SKU-GIFT-BOX,0,450.00,0
2024-06-24,STORE-DEL-01,SKU-GIFT-BOX,0,450.00,0
2024-06-25,STORE-DEL-01,SKU-GIFT-BOX,0,450.00,0
2024-06-26,STORE-DEL-01,SKU-GIFT-BOX,0,450.00,0
2024-06-27,STORE-DEL-01,SKU-GIFT-BOX,0,450.00,0
2024-06-28,STORE-DEL-01,SKU-GIFT-BOX,0,450.00,0
2024-06-29,STORE-DEL-01,SKU-GIFT-BOX,0,450.00,1
2024-06-30,STORE-DEL-01,SKU-GIFT-BOX,0,450.00,0
2024-07-01,STORE-DEL-01,SKU-GIFT-BOX,0,450.00,1
2024-07-02,STORE-DEL-01,SKU-GIFT-BOX,0,450.00,0
2024-07-03,STORE-DEL-01,SKU-GIFT-BOX,0,450.00,0
2024-07-04,STORE-DEL-01,SKU-GIFT-BOX,0,450.00,0
2024-07-05,STORE-DEL-01,SKU-GIFT-BOX,0,450.00,1
2024-07-06,STORE-DEL-01,SKU-GIFT-BOX,2,450.00,0
2024-07-07,STORE-DEL-01,SKU-GIFT-BOX,0,450.00,0
2024-07-08,STORE-DEL-01,SKU-GIFT-BOX,0,450.00,0
2024-07-09,STORE-DEL-01,SKU-GIFT-BOX,0,450.00,0
2024-07-10,STORE-DEL-01,SKU-GIFT-BOX,0,450.00,0
2024-07-11,STORE-DEL-01,SKU-GIFT-BOX,0,450.00,0
2024-07-12,STORE-DEL-01,SKU-GIFT-BOX,0,450.00,0
2024-07-13,STORE-DEL-01,SKU-GIFT-BOX,0,450.00,0
2024-07-14,STORE-DEL-01,SKU-GIFT-BOX,0,450.00,0
2024-07-15,STORE-DEL-01,SKU-GIFT-BOX,0,450.00,0
2024-07-16,STORE-DEL-01,SKU-GIFT-BOX,0,450.00,0
2024-07-17,STORE-DEL-01,SKU-GIFT-BOX,0,450.00,0
2024-07-18,STORE-DEL-01,SKU-GIFT-BOX,0,450.00,0
2024-07-19,STORE-DEL-01,SKU-GIFT-BOX,0,450.00,0
2024-07-20,STORE-DEL-01,SKU-GIFT-BOX,0,450.00,0
2024-07-21,STORE-DEL-01,SKU-GIFT-BOX,0,450.00,0
2024-07-22,STORE-DEL-01,SKU-GIFT-BOX,0,450.00,0
2024-07-23,STORE-DEL-01,SKU-GIFT-BOX,0,450.00,0
2024-07-24,STORE-DEL-01,SKU-GIFT-BOX,0,450.00,0
2024-07-25,STORE-DEL-01,SKU-GIFT-BOX,0,450.00,0
2024-07-26,STORE-DEL-01,SKU-GIFT-BOX,0,450.00,0
2024-07-27,STORE-DEL-01,SKU-GIFT-BOX,0,450.00,0
2024-07-28,STORE-DEL-01,SKU-GIFT-BOX,0,450.00,0
2024-07-29,STORE-DEL-01,SKU-GIFT-BOX,0,450.00,0
2024-07-30,STORE-DEL-01,SKU-GIFT-BOX,0,450.00,0
2024-07-31,STORE-DEL-01,SKU-GIFT-BOX,0,450.00,0
2024-08-01,STORE-DEL-01,SKU-GIFT-BOX,0,450.00,0
2024-08-02,STORE-DEL-01,SKU-GIFT-BOX,0,450.00,0
2024-08-03,STORE-DEL-01,SKU-GIFT-BOX,0,450.00,0
2024-08-04,STORE-DEL-01,SKU-GIFT-BOX,0,450.00,0
2024-08-05,STORE-DEL-01,SKU-GIFT-BOX,0,450.00,0
2024-08-06,STORE-DEL-01,SKU-GIFT-BOX,0,450.00,0
2024-08-07,STORE-DEL-01,SKU-GIFT-BOX,0,450.00,0
2024-08-08,STORE-DEL-01,SKU-GIFT-BOX,0,450.00,0
2024-08-09,STORE-DEL-01,SKU-GIFT-BOX,0,450.00,0
2024-08-10,STORE-DEL-01,SKU-GIFT-BOX,0,450.00,0
2024-08-11,STORE-DEL-01,SKU-GIFT-BOX,0,450.00,0
2024-08-12,STORE-DEL-01,SKU-GIFT-BOX,0,450.00,0
2024-08-13,STORE-DEL-01,SKU-GIFT-BOX,0,450.00,1
2024-08-14,STORE-DEL-01,SKU-GIFT-BOX,0,450.00,0
2024-08-15,STORE-DEL-01,SKU-GIFT-BOX,0,450.00,0
2024-08-16,STORE-DEL-01,SKU-GIFT-BOX,0,450.00,0
2024-08-17,STORE-DEL-01,SKU-GIFT-BOX,0,450.00,0
2024-08-18,STORE-DEL-01,SKU-GIFT-BOX,0,450.00,0
2024-08-19,STORE-DEL-01,SKU-GIFT-BOX,0,450.00,0
2024-08-20,STORE-DEL-01,SKU-GIFT-BOX,0,450.00,0
2024-08-21,STORE-DEL-01,SKU-GIFT-BOX,0,450.00,0
2024-08-22,STORE-DEL-01,SKU-GIFT-BOX,0,450.00,0
2024-08-23,STORE-DEL-01,SKU-GIFT-BOX,0,450.00,0
2024-08-24,STORE-DEL-01,SKU-GIFT-BOX,0,450.00,0
2024-08-25,STORE-DEL-01,SKU-GIFT-BOX,0,450.00,0
2024-08-26,STORE-DEL-01,SKU-GIFT-BOX,0,450.00,0
2024-08-27,STORE-DEL-01,SKU-GIFT-BOX,0,450.00,0
2024-08-28,STORE-DEL-01,SKU-GIFT-BOX,0,450.00,0
2024-08-29,STORE-DEL-01,SKU-GIFT-BOX,0,450.00,0
2024-08-30,STORE-DEL-01,SKU-GIFT-BOX,0,450.00,0
2024-08-31,STORE-DEL-01,SKU-GIFT-BOX,0,450.00,0
2024-09-01,STORE-DEL-01,SKU-GIFT-BOX,0,450.00,0
2024-09-02,STORE-DEL-01,SKU-GIFT-BOX,0,450.00,1
2024-09-03,STORE-DEL-01,SKU-GIFT-BOX,0,450.00,0
2024-09-04,STORE-DEL-01,SKU-GIFT-BOX,0,450.00,0
2024-09-05,STORE-DEL-01,SKU-GIFT-BOX,0,450.00,0
2024-09-06,STORE-DEL-01,SKU-GIFT-BOX,0,450.00,0
2024-09-07,STORE-DEL-01,SKU-GIFT-BOX,0,450.00,0
2024-09-08,STORE-DEL-01,SKU-GIFT-BOX,0,450.00,0
2024-09-09,STORE-DEL-01,SKU-GIFT-BOX,0,450.00,1
2024-09-10,STORE-DEL-01,SKU-GIFT-BOX,0,450.00,0
2024-09-11,STORE-DEL-01,SKU-GIFT-BOX,0,450.00,0
2024-09-12,STORE-DEL-01,SKU-GIFT-BOX,0,450.00,0
2024-09-13,STORE-DEL-01,SKU-GIFT-BOX,0,450.00,0
2024-09-14,STORE-DEL-01,SKU-GIFT-BOX,0,450.00,0
2024-09-15,STORE-DEL-01,SKU-GIFT-BOX,0,450.00,0
2024-09-16,STORE-DEL-01,SKU-GIFT-BOX,0,450.00,0
2024-09-17,STORE-DEL-01,SKU-GIFT-BOX,0,450.00,0
2024-09-18,STORE-DEL-01,SKU-GIFT-BOX,0,450.00,1
2024-09-19,STORE-DEL-01,SKU-GIFT-BOX,0,450.00,0
2024-09-20,STORE-DEL-01,SKU-GIFT-BOX,0,450.00,0
2024-09-21,STORE-DEL-01,SKU-GIFT-BOX,0,450.00,0
2024-09-22,STORE-DEL-01,SKU-GIFT-BOX,0,450.00,0
2024-09-23,STORE-DEL-01,SKU-GIFT-BOX,0,450.00,0
2024-09-24,STORE-DEL-01,SKU-GIFT-BOX,0,450.00,0
2024-09-25,STORE-DEL-01,SKU-GIFT-BOX,0,450.00,0
2024-09-26,STORE-DEL-01,SKU-GIFT-BOX,0,450.00,0
2024-09-27,STORE-DEL-01,SKU-GIFT-BOX,0,450.00,0
2024-09-28,STORE-DEL-01,SKU-GIFT-BOX,0,450.00,0
2024-09-29,STORE-DEL-01,SKU-GIFT-BOX,0,450.00,0
2024-09-30,STORE-DEL-01,SKU-GIFT-BOX,0,450.00,0
2024-10-01,STORE-DEL-01,SKU-GIFT-BOX,0,450.00,0
2024-10-02,STORE-DEL-01,SKU-GIFT-BOX,0,450.00,1
2024-10-03,STORE-DEL-01,SKU-GIFT-BOX,0,450.00,0
2024-10-04,STORE-DEL-01,SKU-GIFT-BOX,0,450.00,0
2024-10-05,STORE-DEL-01,SKU-GIFT-BOX,0,450.00,1
2024-10-06,STORE-DEL-01,SKU-GIFT-BOX,0,450.00,1
2024-10-07,STORE-DEL-01,SKU-GIFT-BOX,0,450.00,0
2024-10-08,STORE-DEL-01,SKU-GIFT-BOX,0,450.00,0
2024-10-09,STORE-DEL-01,SKU-GIFT-BOX,0,450.00,0
2024-10-10,STORE-DEL-01,SKU-GIFT-BOX,0,450.00,0
2024-10-11,STORE-DEL-01,SKU-GIFT-BOX,0,450.00,0
2024-10-12,STORE-DEL-01,SKU-GIFT-BOX,0,450.00,0
2024-10-13,STORE-DEL-01,SKU-GIFT-BOX,0,450.00,0
2024-10-14,STORE-DEL-01,SKU-GIFT-BOX,0,450.00,0
2024-10-15,STORE-DEL-01,SKU-GIFT-BOX,1,450.00,0
2024-10-16,STORE-DEL-01,SKU-GIFT-BOX,0,450.00,0
2024-10-17,STORE-DEL-01,SKU-GIFT-BOX,0,450.00,0
2024-10-18,STORE-DEL-01,SKU-GIFT-BOX,0,450.00,0
2024-10-19,STORE-DEL-01,SKU-GIFT-BOX,0,450.00,0
2024-10-20,STORE-DEL-01,SKU-GIFT-BOX,0,450.00,0
2024-10-21,STORE-DEL-01,SKU-GIFT-BOX,0,450.00,0
2024-10-22,STORE-DEL-01,SKU-GIFT-BOX,0,450.00,0
2024-10-23,STORE-DEL-01,SKU-GIFT-BOX,0,450.00,1
2024-10-24,STORE-DEL-01,SKU-GIFT-BOX,0,450.00,0
2024-10-25,STORE-DEL-01,SKU-GIFT-BOX,0,450.00,0
2024-10-26,STORE-DEL-01,SKU-GIFT-BOX,0,450.00,1
2024-10-27,STORE-DEL-01,SKU-GIFT-BOX,0,450.00,0
2024-10-28,STORE-DEL-01,SKU-GIFT-BOX,0,450.00,0
2024-10-29,STORE-DEL-01,SKU-GIFT-BOX,0,450.00,1
2024-10-30,STORE-DEL-01,SKU-GIFT-BOX,0,450.00,1
2024-10-31,STORE-DEL-01,SKU-GIFT-BOX,0,450.00,0
2024-11-01,STORE-DEL-01,SKU-GIFT-BOX,0,450.00,1
2024-11-02,STORE-DEL-01,SKU-GIFT-BOX,0,450.00,0
2024-11-03,STORE-DEL-01,SKU-GIFT-BOX,2,450.00,0
2024-11-04,STORE-DEL-01,SKU-GIFT-BOX,0,450.00,0
2024-11-05,STORE-DEL-01,SKU-GIFT-BOX,0,450.00,1
2024-11-06,STORE-DEL-01,SKU-GIFT-BOX,0,450.00,0
2024-11-07,STORE-DEL-01,SKU-GIFT-BOX,0,450.00,0
2024-11-08,STORE-DEL-01,SKU-GIFT-BOX,4,450.00,0
2024-11-09,STORE-DEL-01,SKU-GIFT-BOX,0,450.00,0
2024-11-10,STORE-DEL-01,SKU-GIFT-BOX,0,450.00,0
2024-11-11,STORE-DEL-01,SKU-GIFT-BOX,0,450.00,0
2024-11-12,STORE-DEL-01,SKU-GIFT-BOX,0,450.00,0
2024-11-13,STORE-DEL-01,SKU-GIFT-BOX,0,450.00,0
2024-11-14,STORE-DEL-01,SKU-GIFT-BOX,0,450.00,0
2024-11-15,STORE-DEL-01,SKU-GIFT-BOX,0,450.00,0
2024-11-16,STORE-DEL-01,SKU-GIFT-BOX,0,450.00,0
2024-11-17,STORE-DEL-01,SKU-GIFT-BOX,0,450.00,0
2024-11-18,STORE-DEL-01,SKU-GIFT-BOX,0,450.00,0
2024-11-19,STORE-DEL-01,SKU-GIFT-BOX,0,450.00,0
2024-11-20,STORE-DEL-01,SKU-GIFT-BOX,0,450.00,1
2024-11-21,STORE-DEL-01,SKU-GIFT-BOX,0,450.00,0
2024-11-22,STORE-DEL-01,SKU-GIFT-BOX,0,450.00,1
2024-11-23,STORE-DEL-01,SKU-GIFT-BOX,0,450.00,0
2024-11-24,STORE-DEL-01,SKU-GIFT-BOX,0,450.00,0
2024-11-25,STORE-DEL-01,SKU-GIFT-BOX,0,450.00,1
2024-11-26,STORE-DEL-01,SKU-GIFT-BOX,0,450.00,0
2024-11-27,STORE-DEL-01,SKU-GIFT-BOX,0,450.00,1
2024-11-28,STORE-DEL-01,SKU-GIFT-BOX,0,450.00,0
2024-11-29,STORE-DEL-01,SKU-GIFT-BOX,0,450.00,0
2024-11-30,STORE-DEL-01,SKU-GIFT-BOX,0,450.00,0
2024-12-01,STORE-DEL-01,SKU-GIFT-BOX,0,450.00,1
2024-12-02,STORE-DEL-01,SKU-GIFT-BOX,0,450.00,0
2024-12-03,STORE-DEL-01,SKU-GIFT-BOX,0,450.00,0
2024-12-04,STORE-DEL-01,SKU-GIFT-BOX,0,450.00,0
2024-12-05,STORE-DEL-01,SKU-GIFT-BOX,0,450.00,0
2024-12-06,STORE-DEL-01,SKU-GIFT-BOX,0,450.00,0
2024-12-07,STORE-DEL-01,SKU-GIFT-BOX,0,450.00,0
2024-12-08,STORE-DEL-01,SKU-GIFT-BOX,0,450.00,1
2024-12-09,STORE-DEL-01,SKU-GIFT-BOX,0,450.00,0
2024-12-10,STORE-DEL-01,SKU-GIFT-BOX,0,450.00,0
2024-12-11,STORE-DEL-01,SKU-GIFT-BOX,0,450.00,0
2024-12-12,STORE-DEL-01,SKU-GIFT-BOX,0,450.00,0
2024-12-13,STORE-DEL-01,SKU-GIFT-BOX,0,450.00,0
2024-12-14,STORE-DEL-01,SKU-GIFT-BOX,1,450.00,0
2024-12-15,STORE-DEL-01,SKU-GIFT-BOX,0,450.00,1
2024-12-16,STORE-DEL-01,SKU-GIFT-BOX,0,450.00,0
2024-12-17,STORE-DEL-01,SKU-GIFT-BOX,0,450.00,0
2024-12-18,STORE-DEL-01,SKU-GIFT-BOX,0,450.00,1
2024-12-19,STORE-DEL-01,SKU-GIFT-BOX,0,450.00,0
2024-12-20,STORE-DEL-01,SKU-GIFT-BOX,0,450.00,0
2024-12-21,STORE-DEL-01,SKU-GIFT-BOX,0,450.00,0
2024-12-22,STORE-DEL-01,SKU-GIFT-BOX,0,450.00,0
2024-12-23,STORE-DEL-01,SKU-GIFT-BOX,0,450.00,0
2024-12-24,STORE-DEL-01,SKU-GIFT-BOX,0,450.00,0
2024-12-25,STORE-DEL-01,SKU-GIFT-BOX,0,450.00,0
2024-12-26,STORE-DEL-01,SKU-GIFT-BOX,0,450.00,0
2024-12-27,STORE-DEL-01,SKU-GIFT-BOX,0,450.00,1
2024-12-28,STORE-DEL-01,SKU-GIFT-BOX,0,450.00,0
2024-12-29,STORE-DEL-01,SKU-GIFT-BOX,0,450.00,0
2024-12-30,STORE-DEL-01,SKU-GIFT-BOX,0,450.00,1
2024-12-31,STORE-DEL-01,SKU-GIFT-BOX,0,450.00,0
2025-01-01,STORE-DEL-01,SKU-GIFT-BOX,0,450.00,0
2025-01-02,STORE-DEL-01,SKU-GIFT-BOX,14,450.00,0
2025-01-03,STORE-DEL-01,SKU-GIFT-BOX,0,450.00,0
2025-01-04,STORE-DEL-01,SKU-GIFT-BOX,0,450.00,0
2025-01-05,STORE-DEL-01,SKU-GIFT-BOX,0,450.00,0
2025-01-06,STORE-DEL-01,SKU-GIFT-BOX,0,450.00,0
2025-01-07,STORE-DEL-01,SKU-GIFT-BOX,0,450.00,0
2025-01-08,STORE-DEL-01,SKU-GIFT-BOX,26,450.00,0
2025-01-09,STORE-DEL-01,SKU-GIFT-BOX,0,450.00,1
2025-01-10,STORE-DEL-01,SKU-GIFT-BOX,1,450.00,0
2025-01-11,STORE-DEL-01,SKU-GIFT-BOX,0,450.00,1
2025-01-12,STORE-DEL-01,SKU-GIFT-BOX,0,450.00,0
2025-01-13,STORE-DEL-01,SKU-GIFT-BOX,0,450.00,0
2025-01-14,STORE-DEL-01,SKU-GIFT-BOX,0,450.00,0
2025-01-15,STORE-DEL-01,SKU-GIFT-BOX,0,450.00,0
2025-01-16,STORE-DEL-01,SKU-GIFT-BOX,0,450.00,0
2025-01-17,STORE-DEL-01,SKU-GIFT-BOX,0,450.00,0
2025-01-18,STORE-DEL-01,SKU-GIFT-BOX,0,450.00,0
2025-01-19,STORE-DEL-01,SKU-GIFT-BOX,0,450.00,0
2025-01-20,STORE-DEL-01,SKU-GIFT-BOX,7,450.00,0
2025-01-21,STORE-DEL-01,SKU-GIFT-BOX,0,450.00,0
2025-01-22,STORE-DEL-01,SKU-GIFT-BOX,0,450.00,0
2025-01-23,STORE-DEL-01,SKU-GIFT-BOX,0,450.00,0
2025-01-24,STORE-DEL-01,SKU-GIFT-BOX,0,450.00,0
2025-01-25,STORE-DEL-01,SKU-GIFT-BOX,0,450.00,1
2025-01-26,STORE-DEL-01,SKU-GIFT-BOX,0,450.00,0
2025-01-27,STORE-DEL-01,SKU-GIFT-BOX,0,450.00,0
2025-01-28,STORE-DEL-01,SKU-GIFT-BOX,0,450.00,0
2025-01-29,STORE-DEL-01,SKU-GIFT-BOX,0,450.00,0
2025-01-30,STORE-DEL-01,SKU-GIFT-BOX,0,450.00,0
2025-01-31,STORE-DEL-01,SKU-GIFT-BOX,0,450.00,0
2025-02-01,STORE-DEL-01,SKU-GIFT-BOX,0,450.00,1
2025-02-02,STORE-DEL-01,SKU-GIFT-BOX,0,450.00,0
2025-02-03,STORE-DEL-01,SKU-GIFT-BOX,0,450.00,0
2025-02-04,STORE-DEL-01,SKU-GIFT-BOX,0,450.00,0
2025-02-05,STORE-DEL-01,SKU-GIFT-BOX,0,450.00,0
2025-02-06,STORE-DEL-01,SKU-GIFT-BOX,0,450.00,0
2025-02-07,STORE-DEL-01,SKU-GIFT-BOX,0,450.00,0
2025-02-08,STORE-DEL-01,SKU-GIFT-BOX,0,450.00,0
2025-02-09,STORE-DEL-01,SKU-GIFT-BOX,18,450.00,1
2025-02-10,STORE-DEL-01,SKU-GIFT-BOX,0,450.00,0
2025-02-11,STORE-DEL-01,SKU-GIFT-BOX,0,450.00,0
2025-02-12,STORE-DEL-01,SKU-GIFT-BOX,0,450.00,0
2025-02-13,STORE-DEL-01,SKU-GIFT-BOX,0,450.00,0
2025-02-14,STORE-DEL-01,SKU-GIFT-BOX,0,450.00,0
2025-02-15,STORE-DEL-01,SKU-GIFT-BOX,0,450.00,0
2025-02-16,STORE-DEL-01,SKU-GIFT-BOX,0,450.00,0
2025-02-17,STORE-DEL-01,SKU-GIFT-BOX,0,450.00,0
2025-02-18,STORE-DEL-01,SKU-GIFT-BOX,0,450.00,0
2025-02-19,STORE-DEL-01,SKU-GIFT-BOX,0,450.00,0
2025-02-20,STORE-DEL-01,SKU-GIFT-BOX,0,450.00,0
2025-02-21,STORE-DEL-01,SKU-GIFT-BOX,0,450.00,1
2025-02-22,STORE-DEL-01,SKU-GIFT-BOX,0,450.00,0
2025-02-23,STORE-DEL-01,SKU-GIFT-BOX,2,450.00,0
2025-02-24,STORE-DEL-01,SKU-GIFT-BOX,0,450.00,0
2025-02-25,STORE-DEL-01,SKU-GIFT-BOX,0,450.00,0
2025-02-26,STORE-DEL-01,SKU-GIFT-BOX,0,450.00,0
2025-02-27,STORE-DEL-01,SKU-GIFT-BOX,0,450.00,1
2025-02-28,STORE-DEL-01,SKU-GIFT-BOX,2,450.00,0
2025-03-01,STORE-DEL-01,SKU-GIFT-BOX,0,450.00,0
2025-03-02,STORE-DEL-01,SKU-GIFT-BOX,0,450.00,0
2025-03-03,STORE-DEL-01,SKU-GIFT-BOX,0,450.00,1
2025-03-04,STORE-DEL-01,SKU-GIFT-BOX,0,450.00,0
2025-03-05,STORE-DEL-01,SKU-GIFT-BOX,0,450.00,0
2025-03-06,STORE-DEL-01,SKU-GIFT-BOX,0,450.00,1
2025-03-07,STORE-DEL-01,SKU-GIFT-BOX,0,450.00,1
2025-03-08,STORE-DEL-01,SKU-GIFT-BOX,3,450.00,0
2025-03-09,STORE-DEL-01,SKU-GIFT-BOX,0,450.00,0
2025-03-10,STORE-DEL-01,SKU-GIFT-BOX,14,450.00,0
2025-03-11,STORE-DEL-01,SKU-GIFT-BOX,0,450.00,0
2025-03-12,STORE-DEL-01,SKU-GIFT-BOX,0,450.00,1
2025-03-13,STORE-DEL-01,SKU-GIFT-BOX,37,450.00,0
2025-03-14,STORE-DEL-01,SKU-GIFT-BOX,0,450.00,0
2025-03-15,STORE-DEL-01,SKU-GIFT-BOX,0,450.00,0
2025-03-16,STORE-DEL-01,SKU-GIFT-BOX,0,450.00,0
2025-03-17,STORE-DEL-01,SKU-GIFT-BOX,0,450.00,0
2025-03-18,STORE-DEL-01,SKU-GIFT-BOX,0,450.00,0
2025-03-19,STORE-DEL-01,SKU-GIFT-BOX,0,450.00,1
2025-03-20,STORE-DEL-01,SKU-GIFT-BOX,0,450.00,0
2025-03-21,STORE-DEL-01,SKU-GIFT-BOX,0,450.00,0
2025-03-22,STORE-DEL-01,SKU-GIFT-BOX,0,450.00,0
2025-03-23,STORE-DEL-01,SKU-GIFT-BOX,0,450.00,1
2025-03-24,STORE-DEL-01,SKU-GIFT-BOX,0,450.00,0
2025-03-25,STORE-DEL-01,SKU-GIFT-BOX,0,450.00,0
2025-03-26,STORE-DEL-01,SKU-GIFT-BOX,0,450.00,0
2025-03-27,STORE-DEL-01,SKU-GIFT-BOX,0,450.00,0
2025-03-28,STORE-DEL-01,SKU-GIFT-BOX,0,450.00,0
2025-03-29,STORE-DEL-01,SKU-GIFT-BOX,0,450.00,0
2025-03-30,STORE-DEL-01,SKU-GIFT-BOX,0,450.00,1
2025-03-31,STORE-DEL-01,SKU-GIFT-BOX,0,450.00,1
2025-04-01,STORE-DEL-01,SKU-GIFT-BOX,0,450.00,0
2025-04-02,STORE-DEL-01,SKU-GIFT-BOX,0,450.00,0
2025-04-03,STORE-DEL-01,SKU-GIFT-BOX,0,450.00,0
2025-04-04,STORE-DEL-01,SKU-GIFT-BOX,1,450.00,0
2025-04-05,STORE-DEL-01,SKU-GIFT-BOX,0,450.00,0
2025-04-06,STORE-DEL-01,SKU-GIFT-BOX,0,450.00,0
2025-04-07,STORE-DEL-01,SKU-GIFT-BOX,16,450.00,0
2025-04-08,STORE-DEL-01,SKU-GIFT-BOX,0,450.00,1
2025-04-09,STORE-DEL-01,SKU-GIFT-BOX,2,450.00,0
2025-04-10,STORE-DEL-01,SKU-GIFT-BOX,0,450.00,0
2025-04-11,STORE-DEL-01,SKU-GIFT-BOX,0,450.00,1
2025-04-12,STORE-DEL-01,SKU-GIFT-BOX,0,450.00,0
2025-04-13,STORE-DEL-01,SKU-GIFT-BOX,0,450.00,1
2025-04-14,STORE-DEL-01,SKU-GIFT-BOX,0,450.00,0
2025-04-15,STORE-DEL-01,SKU-GIFT-BOX,0,450.00,1
2025-04-16,STORE-DEL-01,SKU-GIFT-BOX,0,450.00,0
2025-04-17,STORE-DEL-01,SKU-GIFT-BOX,0,450.00,0
2025-04-18,STORE-DEL-01,SKU-GIFT-BOX,3,450.00,0
2025-04-19,STORE-DEL-01,SKU-GIFT-BOX,0,450.00,1
2025-04-20,STORE-DEL-01,SKU-GIFT-BOX,0,450.00,0
2025-04-21,STORE-DEL-01,SKU-GIFT-BOX,8,450.00,0
2025-04-22,STORE-DEL-01,SKU-GIFT-BOX,0,450.00,0
2025-04-23,STORE-DEL-01,SKU-GIFT-BOX,0,450.00,0
2025-04-24,STORE-DEL-01,SKU-GIFT-BOX,0,450.00,0
2025-04-25,STORE-DEL-01,SKU-GIFT-BOX,0,450.00,0
2025-04-26,STORE-DEL-01,SKU-GIFT-BOX,0,450.00,0
2025-04-27,STORE-DEL-01,SKU-GIFT-BOX,0,450.00,0
2025-04-28,STORE-DEL-01,SKU-GIFT-BOX,0,450.00,0
2025-04-29,STORE-DEL-01,SKU-GIFT-BOX,0,450.00,0
2025-04-30,STORE-DEL-01,SKU-GIFT-BOX,0,450.00,0
2025-05-01,STORE-DEL-01,SKU-GIFT-BOX,0,450.00,0
2025-05-02,STORE-DEL-01,SKU-GIFT-BOX,0,450.00,1
2025-05-03,STORE-DEL-01,SKU-GIFT-BOX,0,450.00,1
2025-05-04,STORE-DEL-01,SKU-GIFT-BOX,0,450.00,0
2025-05-05,STORE-DEL-01,SKU-GIFT-BOX,0,450.00,0
2025-05-06,STORE-DEL-01,SKU-GIFT-BOX,0,450.00,0
2025-05-07,STORE-DEL-01,SKU-GIFT-BOX,0,450.00,0
2025-05-08,STORE-DEL-01,SKU-GIFT-BOX,0,450.00,0
2025-05-09,STORE-DEL-01,SKU-GIFT-BOX,0,450.00,0
2025-05-10,STORE-DEL-01,SKU-GIFT-BOX,0,450.00,1
2025-05-11,STORE-DEL-01,SKU-GIFT-BOX,0,450.00,0
2025-05-12,STORE-DEL-01,SKU-GIFT-BOX,0,450.00,0
2025-05-13,STORE-DEL-01,SKU-GIFT-BOX,0,450.00,0
2025-05-14,STORE-DEL-01,SKU-GIFT-BOX,0,450.00,1
2025-05-15,STORE-DEL-01,SKU-GIFT-BOX,0,450.00,0
2025-05-16,STORE-DEL-01,SKU-GIFT-BOX,0,450.00,0
2025-05-17,STORE-DEL-01,SKU-GIFT-BOX,0,450.00,0
2025-05-18,STORE-DEL-01,SKU-GIFT-BOX,0,450.00,1
2025-05-19,STORE-DEL-01,SKU-GIFT-BOX,0,450.00,0
2025-05-20,STORE-DEL-01,SKU-GIFT-BOX,0,450.00,0
2025-05-21,STORE-DEL-01,SKU-GIFT-BOX,5,450.00,1
2025-05-22,STORE-DEL-01,SKU-GIFT-BOX,0,450.00,0
2025-05-23,STORE-DEL-01,SKU-GIFT-BOX,0,450.00,1
2025-05-24,STORE-DEL-01,SKU-GIFT-BOX,18,450.00,0
2025-05-25,STORE-DEL-01,SKU-GIFT-BOX,0,450.00,0
2025-05-26,STORE-DEL-01,SKU-GIFT-BOX,0,450.00,0
2025-05-27,STORE-DEL-01,SKU-GIFT-BOX,0,450.00,0
2025-05-28,STORE-DEL-01,SKU-GIFT-BOX,0,450.00,0
2025-05-29,STORE-DEL-01,SKU-GIFT-BOX,0,450.00,0
2025-05-30,STORE-DEL-01,SKU-GIFT-BOX,0,450.00,0
2025-05-31,STORE-DEL-01,SKU-GIFT-BOX,0,450.00,1
2025-06-01,STORE-DEL-01,SKU-GIFT-BOX,0,450.00,0
2025-06-02,STORE-DEL-01,SKU-GIFT-BOX,0,450.00,0
2025-06-03,STORE-DEL-01,SKU-GIFT-BOX,0,450.00,0
2025-06-04,STORE-DEL-01,SKU-GIFT-BOX,0,450.00,0
2025-06-05,STORE-DEL-01,SKU-GIFT-BOX,0,450.00,0
2025-06-06,STORE-DEL-01,SKU-GIFT-BOX,0,450.00,0
2025-06-07,STORE-DEL-01,SKU-GIFT-BOX,0,450.00,0
2025-06-08,STORE-DEL-01,SKU-GIFT-BOX,0,450.00,0
2025-06-09,STORE-DEL-01,SKU-GIFT-BOX,0,450.00,1
2025-06-10,STORE-DEL-01,SKU-GIFT-BOX,0,450.00,0
2025-06-11,STORE-DEL-01,SKU-GIFT-BOX,0,450.00,0
2025-06-12,STORE-DEL-01,SKU-GIFT-BOX,0,450.00,0
2025-06-13,STORE-DEL-01,SKU-GIFT-BOX,0,450.00,0
2025-06-14,STORE-DEL-01,SKU-GIFT-BOX,0,450.00,0
2025-06-15,STORE-DEL-01,SKU-GIFT-BOX,0,450.00,0
2025-06-16,STORE-DEL-01,SKU-GIFT-BOX,0,450.00,0
2025-06-17,STORE-DEL-01,SKU-GIFT-BOX,12,450.00,1
2025-06-18,STORE-DEL-01,SKU-GIFT-BOX,0,450.00,0
2025-06-19,STORE-DEL-01,SKU-GIFT-BOX,0,450.00,0
2025-06-20,STORE-DEL-01,SKU-GIFT-BOX,0,450.00,0
2025-06-21,STORE-DEL-01,SKU-GIFT-BOX,0,450.00,0
2025-06-22,STORE-DEL-01,SKU-GIFT-BOX,0,450.00,0
2025-06-23,STORE-DEL-01,SKU-GIFT-BOX,0,450.00,0
2025-06-24,STORE-DEL-01,SKU-GIFT-BOX,0,450.00,0
2025-06-25,STORE-DEL-01,SKU-GIFT-BOX,0,450.00,1
2025-06-26,STORE-DEL-01,SKU-GIFT-BOX,0,450.00,0
2025-06-27,STORE-DEL-01,SKU-GIFT-BOX,0,450.00,0
2025-06-28,STORE-DEL-01,SKU-GIFT-BOX,0,450.00,0
2025-06-29,STORE-DEL-01,SKU-GIFT-BOX,80,450.00,1
2025-06-30,STORE-DEL-01,SKU-GIFT-BOX,7,450.00,0
2025-07-01,STORE-DEL-01,SKU-GIFT-BOX,3,450.00,0
2025-07-02,STORE-DEL-01,SKU-GIFT-BOX,0,450.00,0
2025-07-03,STORE-DEL-01,SKU-GIFT-BOX,0,450.00,0
2025-07-04,STORE-DEL-01,SKU-GIFT-BOX,0,450.00,0
2025-07-05,STORE-DEL-01,SKU-GIFT-BOX,0,450.00,0
2025-07-06,STORE-DEL-01,SKU-GIFT-BOX,0,450.00,0
2025-07-07,STORE-DEL-01,SKU-GIFT-BOX,0,450.00,0
2025-07-08,STORE-DEL-01,SKU-GIFT-BOX,0,450.00,0
2025-07-09,STORE-DEL-01,SKU-GIFT-BOX,0,450.00,0
2025-07-10,STORE-DEL-01,SKU-GIFT-BOX,0,450.00,0
2025-07-11,STORE-DEL-01,SKU-GIFT-BOX,0,450.00,0
2025-07-12,STORE-DEL-01,SKU-GIFT-BOX,0,450.00,0
2025-07-13,STORE-DEL-01,SKU-GIFT-BOX,0,450.00,0
2025-07-14,STORE-DEL-01,SKU-GIFT-BOX,0,450.00,0
2025-07-15,STORE-DEL-01,SKU-GIFT-BOX,0,450.00,0
2025-07-16,STORE-DEL-01,SKU-GIFT-BOX,8,450.00,0
2025-07-17,STORE-DEL-01,SKU-GIFT-BOX,2,450.00,0
2025-07-18,STORE-DEL-01,SKU-GIFT-BOX,0,450.00,0
2025-07-19,STORE-DEL-01,SKU-GIFT-BOX,1,450.00,0
2025-07-20,STORE-DEL-01,SKU-GIFT-BOX,0,450.00,0
2025-07-21,STORE-DEL-01,SKU-GIFT-BOX,1,450.00,1
2025-07-22,STORE-DEL-01,SKU-GIFT-BOX,0,450.00,0
2025-07-23,STORE-DEL-01,SKU-GIFT-BOX,0,450.00,0
2025-07-24,STORE-DEL-01,SKU-GIFT-BOX,0,450.00,0
2025-07-25,STORE-DEL-01,SKU-GIFT-BOX,0,450.00,0
2025-07-26,STORE-DEL-01,SKU-GIFT-BOX,0,450.00,0
2025-07-27,STORE-DEL-01,SKU-GIFT-BOX,0,450.00,0
2025-07-28,STORE-DEL-01,SKU-GIFT-BOX,0,450.00,0
2025-07-29,STORE-DEL-01,SKU-GIFT-BOX,0,450.00,0
2025-07-30,STORE-DEL-01,SKU-GIFT-BOX,0,450.00,0
2025-07-31,STORE-DEL-01,SKU-GIFT-BOX,0,450.00,0
2025-08-01,STORE-DEL-01,SKU-GIFT-BOX,0,450.00,0
2025-08-02,STORE-DEL-01,SKU-GIFT-BOX,0,450.00,1
2025-08-03,STORE-DEL-01,SKU-GIFT-BOX,0,450.00,0
2025-08-04,STORE-DEL-01,SKU-GIFT-BOX,0,450.00,0
2025-08-05,STORE-DEL-01,SKU-GIFT-BOX,0,450.00,0
2025-08-06,STORE-DEL-01,SKU-GIFT-BOX,51,450.00,0
2025-08-07,STORE-DEL-01,SKU-GIFT-BOX,0,450.00,0
2025-08-08,STORE-DEL-01,SKU-GIFT-BOX,0,450.00,0
2025-08-09,STORE-DEL-01,SKU-GIFT-BOX,0,450.00,0
2025-08-10,STORE-DEL-01,SKU-GIFT-BOX,0,450.00,0
2025-08-11,STORE-DEL-01,SKU-GIFT-BOX,0,450.00,0
2025-08-12,STORE-DEL-01,SKU-GIFT-BOX,0,450.00,0
2025-08-13,STORE-DEL-01,SKU-GIFT-BOX,0,450.00,0
2025-08-14,STORE-DEL-01,SKU-GIFT-BOX,0,450.00,0
2025-08-15,STORE-DEL-01,SKU-GIFT-BOX,1,450.00,0
2025-08-16,STORE-DEL-01,SKU-GIFT-BOX,0,450.00,1
2025-08-17,STORE-DEL-01,SKU-GIFT-BOX,0,450.00,0
2025-08-18,STORE-DEL-01,SKU-GIFT-BOX,0,450.00,0
2025-08-19,STORE-DEL-01,SKU-GIFT-BOX,0,450.00,0
2025-08-20,STORE-DEL-01,SKU-GIFT-BOX,0,450.00,0
2025-08-21,STORE-DEL-01,SKU-GIFT-BOX,0,450.00,0
2025-08-22,STORE-DEL-01,SKU-GIFT-BOX,0,450.00,0
2025-08-23,STORE-DEL-01,SKU-GIFT-BOX,0,450.00,0
2025-08-24,STORE-DEL-01,SKU-GIFT-BOX,0,450.00,0
2025-08-25,STORE-DEL-01,SKU-GIFT-BOX,0,450.00,0
2025-08-26,STORE-DEL-01,SKU-GIFT-BOX,0,450.00,0
2025-08-27,STORE-DEL-01,SKU-GIFT-BOX,0,450.00,0
2025-08-28,STORE-DEL-01,SKU-GIFT-BOX,0,450.00,0
2025-08-29,STORE-DEL-01,SKU-GIFT-BOX,0,450.00,0
2025-08-30,STORE-DEL-01,SKU-GIFT-BOX,0,450.00,1
2025-08-31,STORE-DEL-01,SKU-GIFT-BOX,0,450.00,0
2025-09-01,STORE-DEL-01,SKU-GIFT-BOX,0,450.00,0
2025-09-02,STORE-DEL-01,SKU-GIFT-BOX,0,450.00,0
2025-09-03,STORE-DEL-01,SKU-GIFT-BOX,0,450.00,0
2025-09-04,STORE-DEL-01,SKU-GIFT-BOX,0,450.00,0
2025-09-05,STORE-DEL-01,SKU-GIFT-BOX,0,450.00,0
2025-09-06,STORE-DEL-01,SKU-GIFT-BOX,0,450.00,0
2025-09-07,STORE-DEL-01,SKU-GIFT-BOX,0,450.00,1
2025-09-08,STORE-DEL-01,SKU-GIFT-BOX,0,450.00,0
2025-09-09,STORE-DEL-01,SKU-GIFT-BOX,0,450.00,0
2025-09-10,STORE-DEL-01,SKU-GIFT-BOX,0,450.00,0
2025-09-11,STORE-DEL-01,SKU-GIFT-BOX,0,450.00,0
2025-09-12,STORE-DEL-01,SKU-GIFT-BOX,0,450.00,0
2025-09-13,STORE-DEL-01,SKU-GIFT-BOX,0,450.00,0
2025-09-14,STORE-DEL-01,SKU-GIFT-BOX,0,450.00,0
2025-09-15,STORE-DEL-01,SKU-GIFT-BOX,0,450.00,0
2025-09-16,STORE-DEL-01,SKU-GIFT-BOX,0,450.00,0
2025-09-17,STORE-DEL-01,SKU-GIFT-BOX,0,450.00,0
2025-09-18,STORE-DEL-01,SKU-GIFT-BOX,4,450.00,0
2025-09-19,STORE-DEL-01,SKU-GIFT-BOX,0,450.00,0
2025-09-20,STORE-DEL-01,SKU-GIFT-BOX,9,450.00,1
2025-09-21,STORE-DEL-01,SKU-GIFT-BOX,0,450.00,0
2025-09-22,STORE-DEL-01,SKU-GIFT-BOX,0,450.00,0
2025-09-23,STORE-DEL-01,SKU-GIFT-BOX,0,450.00,0
2025-09-24,STORE-DEL-01,SKU-GIFT-BOX,0,450.00,0
2025-09-25,STORE-DEL-01,SKU-GIFT-BOX,0,450.00,0
2025-09-26,STORE-DEL-01,SKU-GIFT-BOX,0,450.00,0
2025-09-27,STORE-DEL-01,SKU-GIFT-BOX,0,450.00,0
2025-09-28,STORE-DEL-01,SKU-GIFT-BOX,0,450.00,0
2025-09-29,STORE-DEL-01,SKU-GIFT-BOX,0,450.00,0
2025-09-30,STORE-DEL-01,SKU-GIFT-BOX,0,450.00,0
2025-10-01,STORE-DEL-01,SKU-GIFT-BOX,0,450.00,0
2025-10-02,STORE-DEL-01,SKU-GIFT-BOX,0,450.00,0
2025-10-03,STORE-DEL-01,SKU-GIFT-BOX,0,450.00,0
2025-10-04,STORE-DEL-01,SKU-GIFT-BOX,0,450.00,0
2025-10-05,STORE-DEL-01,SKU-GIFT-BOX,0,450.00,1
2025-10-06,STORE-DEL-01,SKU-GIFT-BOX,0,450.00,0
2025-10-07,STORE-DEL-01,SKU-GIFT-BOX,0,450.00,0
2025-10-08,STORE-DEL-01,SKU-GIFT-BOX,0,450.00,0
2025-10-09,STORE-DEL-01,SKU-GIFT-BOX,0,450.00,0
2025-10-10,STORE-DEL-01,SKU-GIFT-BOX,0,450.00,0
2025-10-11,STORE-DEL-01,SKU-GIFT-BOX,0,450.00,0
2025-10-12,STORE-DEL-01,SKU-GIFT-BOX,0,450.00,0
2025-10-13,STORE-DEL-01,SKU-GIFT-BOX,0,450.00,0
2025-10-14,STORE-DEL-01,SKU-GIFT-BOX,0,450.00,0
2025-10-15,STORE-DEL-01,SKU-GIFT-BOX,5,450.00,1
2025-10-16,STORE-DEL-01,SKU-GIFT-BOX,0,450.00,0
2025-10-17,STORE-DEL-01,SKU-GIFT-BOX,0,450.00,0
2025-10-18,STORE-DEL-01,SKU-GIFT-BOX,0,450.00,1
2025-10-19,STORE-DEL-01,SKU-GIFT-BOX,0,450.00,0
2025-10-20,STORE-DEL-01,SKU-GIFT-BOX,2,450.00,0
2025-10-21,STORE-DEL-01,SKU-GIFT-BOX,0,450.00,0
2025-10-22,STORE-DEL-01,SKU-GIFT-BOX,0,450.00,0
2025-10-23,STORE-DEL-01,SKU-GIFT-BOX,0,450.00,0
2025-10-24,STORE-DEL-01,SKU-GIFT-BOX,0,450.00,0
2025-10-25,STORE-DEL-01,SKU-GIFT-BOX,0,450.00,1
2025-10-26,STORE-DEL-01,SKU-GIFT-BOX,0,450.00,0
2025-10-27,STORE-DEL-01,SKU-GIFT-BOX,0,450.00,0
2025-10-28,STORE-DEL-01,SKU-GIFT-BOX,0,450.00,0
2025-10-29,STORE-DEL-01,SKU-GIFT-BOX,0,450.00,0
2025-10-30,STORE-DEL-01,SKU-GIFT-BOX,0,450.00,0
2025-10-31,STORE-DEL-01,SKU-GIFT-BOX,0,450.00,0
2025-11-01,STORE-DEL-01,SKU-GIFT-BOX,0,450.00,1
2025-11-02,STORE-DEL-01,SKU-GIFT-BOX,0,450.00,0
2025-11-03,STORE-DEL-01,SKU-GIFT-BOX,0,450.00,0
2025-11-04,STORE-DEL-01,SKU-GIFT-BOX,9,450.00,1
2025-11-05,STORE-DEL-01,SKU-GIFT-BOX,0,450.00,0
2025-11-06,STORE-DEL-01,SKU-GIFT-BOX,0,450.00,0
2025-11-07,STORE-DEL-01,SKU-GIFT-BOX,0,450.00,0
2025-11-08,STORE-DEL-01,SKU-GIFT-BOX,0,450.00,0
2025-11-09,STORE-DEL-01,SKU-GIFT-BOX,0,450.00,1
2025-11-10,STORE-DEL-01,SKU-GIFT-BOX,0,450.00,0
2025-11-11,STORE-DEL-01,SKU-GIFT-BOX,0,450.00,1
2025-11-12,STORE-DEL-01,SKU-GIFT-BOX,0,450.00,1
2025-11-13,STORE-DEL-01,SKU-GIFT-BOX,0,450.00,0
2025-11-14,STORE-DEL-01,SKU-GIFT-BOX,0,450.00,0
2025-11-15,STORE-DEL-01,SKU-GIFT-BOX,0,450.00,0
2025-11-16,STORE-DEL-01,SKU-GIFT-BOX,0,450.00,0
2025-11-17,STORE-DEL-01,SKU-GIFT-BOX,4,450.00,0
2025-11-18,STORE-DEL-01,SKU-GIFT-BOX,0,450.00,1
2025-11-19,STORE-DEL-01,SKU-GIFT-BOX,0,450.00,0
2025-11-20,STORE-DEL-01,SKU-GIFT-BOX,0,450.00,1
2025-11-21,STORE-DEL-01,SKU-GIFT-BOX,0,450.00,0
2025-11-22,STORE-DEL-01,SKU-GIFT-BOX,0,450.00,0
2025-11-23,STORE-DEL-01,SKU-GIFT-BOX,0,450.00,0
2025-11-24,STORE-DEL-01,SKU-GIFT-BOX,0,450.00,0
2025-11-25,STORE-DEL-01,SKU-GIFT-BOX,0,450.00,0
2025-11-26,STORE-DEL-01,SKU-GIFT-BOX,0,450.00,0
2025-11-27,STORE-DEL-01,SKU-GIFT-BOX,0,450.00,0
2025-11-28,STORE-DEL-01,SKU-GIFT-BOX,0,450.00,0
2025-11-29,STORE-DEL-01,SKU-GIFT-BOX,0,450.00,0
2025-11-30,STORE-DEL-01,SKU-GIFT-BOX,0,450.00,0
2025-12-01,STORE-DEL-01,SKU-GIFT-BOX,0,450.00,1
2025-12-02,STORE-DEL-01,SKU-GIFT-BOX,0,450.00,0
2025-12-03,STORE-DEL-01,SKU-GIFT-BOX,0,450.00,0
2025-12-04,STORE-DEL-01,SKU-GIFT-BOX,0,450.00,0
2025-12-05,STORE-DEL-01,SKU-GIFT-BOX,0,450.00,0
2025-12-06,STORE-DEL-01,SKU-GIFT-BOX,0,450.00,0
2025-12-07,STORE-DEL-01,SKU-GIFT-BOX,0,450.00,0
2025-12-08,STORE-DEL-01,SKU-GIFT-BOX,0,450.00,0
2025-12-09,STORE-DEL-01,SKU-GIFT-BOX,0,450.00,1
2025-12-10,STORE-DEL-01,SKU-GIFT-BOX,1,450.00,0
2025-12-11,STORE-DEL-01,SKU-GIFT-BOX,0,450.00,0
2025-12-12,STORE-DEL-01,SKU-GIFT-BOX,0,450.00,0
2025-12-13,STORE-DEL-01,SKU-GIFT-BOX,0,450.00,0
2025-12-14,STORE-DEL-01,SKU-GIFT-BOX,0,450.00,1
2025-12-15,STORE-DEL-01,SKU-GIFT-BOX,0,450.00,0
2025-12-16,STORE-DEL-01,SKU-GIFT-BOX,31,450.00,0
2025-12-17,STORE-DEL-01,SKU-GIFT-BOX,0,450.00,0
2025-12-18,STORE-DEL-01,SKU-GIFT-BOX,0,450.00,0
2025-12-19,STORE-DEL-01,SKU-GIFT-BOX,0,450.00,0
2025-12-20,STORE-DEL-01,SKU-GIFT-BOX,4,450.00,0
2025-12-21,STORE-DEL-01,SKU-GIFT-BOX,0,450.00,0
2025-12-22,STORE-DEL-01,SKU-GIFT-BOX,0,450.00,0
2025-12-23,STORE-DEL-01,SKU-GIFT-BOX,0,450.00,0
2025-12-24,STORE-DEL-01,SKU-GIFT-BOX,0,450.00,0
2025-12-25,STORE-DEL-01,SKU-GIFT-BOX,41,450.00,0
2025-12-26,STORE-DEL-01,SKU-GIFT-BOX,0,450.00,0
2025-12-27,STORE-DEL-01,SKU-GIFT-BOX,0,450.00,0
2025-12-28,STORE-DEL-01,SKU-GIFT-BOX,0,450.00,0
2025-12-29,STORE-DEL-01,SKU-GIFT-BOX,0,450.00,1
2025-12-30,STORE-DEL-01,SKU-GIFT-BOX,0,450.00,0
2024-01-01,STORE-BLR-02,SKU-MILK-1L,22,28.00,0
2024-01-02,STORE-BLR-02,SKU-MILK-1L,41,28.00,0
2024-01-03,STORE-BLR-02,SKU-MILK-1L,35,28.00,0
2024-01-04,STORE-BLR-02,SKU-MILK-1L,36,28.00,0
2024-01-05,STORE-BLR-02,SKU-MILK-1L,35,28.00,0
2024-01-06,STORE-BLR-02,SKU-MILK-1L,39,28.00,1
2024-01-07,STORE-BLR-02,SKU-MILK-1L,37,28.00,0
2024-01-08,STORE-BLR-02,SKU-MILK-1L,46,28.00,0
2024-01-09,STORE-BLR-02,SKU-MILK-1L,33,28.00,0
2024-01-10,STORE-BLR-02,SKU-MILK-1L,30,28.00,0
2024-01-11,STORE-BLR-02,SKU-MILK-1L,32,28.00,0
2024-01-12,STORE-BLR-02,SKU-MILK-1L,25,28.00,0
2024-01-13,STORE-BLR-02,SKU-MILK-1L,34,28.00,0
2024-01-14,STORE-BLR-02,SKU-MILK-1L,33,28.00,0
2024-01-15,STORE-BLR-02,SKU-MILK-1L,26,28.00,0
2024-01-16,STORE-BLR-02,SKU-MILK-1L,43,28.00,1
2024-01-17,STORE-BLR-02,SKU-MILK-1L,0,28.00,0
2024-01-18,STORE-BLR-02,SKU-MILK-1L,37,28.00,1
2024-01-19,STORE-BLR-02,SKU-MILK-1L,28,28.00,0
2024-01-20,STORE-BLR-02,SKU-MILK-1L,15,28.00,0
2024-01-21,STORE-BLR-02,SKU-MILK-1L,35,28.00,0
2024-01-22,STORE-BLR-02,SKU-MILK-1L,31,28.00,0
2024-01-23,STORE-BLR-02,SKU-MILK-1L,26,28.00,0
2024-01-24,STORE-BLR-02,SKU-MILK-1L,25,28.00,0
2024-01-25,STORE-BLR-02,SKU-MILK-1L,25,28.00,0
2024-01-26,STORE-BLR-02,SKU-MILK-1L,23,28.00,1
2024-01-27,STORE-BLR-02,SKU-MILK-1L,24,28.00,0
2024-01-28,STORE-BLR-02,SKU-MILK-1L,29,28.00,0
2024-01-29,STORE-BLR-02,SKU-MILK-1L,30,28.00,0
2024-01-30,STORE-BLR-02,SKU-MILK-1L,24,28.00,0
2024-01-31,STORE-BLR-02,SKU-MILK-1L,32,28.00,0
2024-02-01,STORE-BLR-02,SKU-MILK-1L,34,28.00,0
2024-02-02,STORE-BLR-02,SKU-MILK-1L,38,28.00,0
2024-02-03,STORE-BLR-02,SKU-MILK-1L,62,28.00,1
2024-02-04,STORE-BLR-02,SKU-MILK-1L,57,28.00,1
2024-02-05,STORE-BLR-02,SKU-MILK-1L,30,28.00,0
2024-02-06,STORE-BLR-02,SKU-MILK-1L,30,28.00,0
2024-02-07,STORE-BLR-02,SKU-MILK-1L,36,28.00,0
2024-02-08,STORE-BLR-02,SKU-MILK-1L,24,28.00,0
2024-02-09,STORE-BLR-02,SKU-MILK-1L,33,28.00,0
2024-02-10,STORE-BLR-02,SKU-MILK-1L,27,28.00,0
2024-02-11,STORE-BLR-02,SKU-MILK-1L,24,28.00,0
2024-02-12,STORE-BLR-02,SKU-MILK-1L,40,28.00,0
2024-02-13,STORE-BLR-02,SKU-MILK-1L,31,28.00,0
2024-02-14,STORE-BLR-02,SKU-MILK-1L,48,28.00,0
2024-02-15,STORE-BLR-02,SKU-MILK-1L,32,28.00,0
2024-02-16,STORE-BLR-02,SKU-MILK-1L,27,28.00,0
2024-02-17,STORE-BLR-02,SKU-MILK-1L,41,28.00,0
2024-02-18,STORE-BLR-02,SKU-MILK-1L,34,28.00,0
2024-02-19,STORE-BLR-02,SKU-MILK-1L,51,28.00,0
2024-02-20,STORE-BLR-02,SKU-MILK-1L,38,28.00,0
2024-02-21,STORE-BLR-02,SKU-MILK-1L,37,28.00,0
2024-02-22,STORE-BLR-02,SKU-MILK-1L,43,28.00,0
2024-02-23,STORE-BLR-02,SKU-MILK-1L,35,28.00,0
2024-02-24,STORE-BLR-02,SKU-MILK-1L,39,28.00,0
2024-02-25,STORE-BLR-02,SKU-MILK-1L,34,28.00,0
2024-02-26,STORE-BLR-02,SKU-MILK-1L,16,28.00,0
2024-02-27,STORE-BLR-02,SKU-MILK-1L,42,28.00,0
2024-02-28,STORE-BLR-02,SKU-MILK-1L,21,28.00,0
2024-02-29,STORE-BLR-02,SKU-MILK-1L,39,28.00,0
2024-03-01,STORE-BLR-02,SKU-MILK-1L,38,28.00,0
2024-03-02,STORE-BLR-02,SKU-MILK-1L,29,28.00,0
2024-03-03,STORE-BLR-02,SKU-MILK-1L,47,28.00,0
2024-03-04,STORE-BLR-02,SKU-MILK-1L,54,28.00,0
2024-03-05,STORE-BLR-02,SKU-MILK-1L,35,28.00,0
2024-03-06,STORE-BLR-02,SKU-MILK-1L,41,28.00,0
2024-03-07,STORE-BLR-02,SKU-MILK-1L,29,28.00,0
2024-03-08,STORE-BLR-02,SKU-MILK-1L,24,28.00,0
2024-03-09,STORE-BLR-02,SKU-MILK-1L,34,28.00,0
2024-03-10,STORE-BLR-02,SKU-MILK-1L,47,28.00,0
2024-03-11,STORE-BLR-02,SKU-MILK-1L,49,28.00,0
2024-03-12,STORE-BLR-02,SKU-MILK-1L,42,28.00,0
2024-03-13,STORE-BLR-02,SKU-MILK-1L,34,28.00,0
2024-03-14,STORE-BLR-02,SKU-MILK-1L,40,28.00,0
2024-03-15,STORE-BLR-02,SKU-MILK-1L,20,28.00,0
2024-03-16,STORE-BLR-02,SKU-MILK-1L,33,28.00,0
2024-03-17,STORE-BLR-02,SKU-MILK-1L,33,28.00,0
2024-03-18,STORE-BLR-02,SKU-MILK-1L,43,28.00,0
2024-03-19,STORE-BLR-02,SKU-MILK-1L,34,28.00,0
2024-03-20,STORE-BLR-02,SKU-MILK-1L,43,28.00,0
2024-03-21,STORE-BLR-02,SKU-MILK-1L,23,28.00,0
2024-03-22,STORE-BLR-02,SKU-MILK-1L,54,28.00,0
2024-03-23,STORE-BLR-02,SKU-MILK-1L,75,28.00,0
2024-03-24,STORE-BLR-02,SKU-MILK-1L,67,28.00,0
2024-03-25,STORE-BLR-02,SKU-MILK-1L,101,28.00,0
2024-03-26,STORE-BLR-02,SKU-MILK-1L,62,28.00,0
2024-03-27,STORE-BLR-02,SKU-MILK-1L,55,28.00,0
2024-03-28,STORE-BLR-02,SKU-MILK-1L,34,28.00,0
2024-03-29,STORE-BLR-02,SKU-MILK-1L,43,28.00,0
2024-03-30,STORE-BLR-02,SKU-MILK-1L,60,28.00,0
2024-03-31,STORE-BLR-02,SKU-MILK-1L,0,28.00,0
2024-04-01,STORE-BLR-02,SKU-MILK-1L,35,28.00,0
2024-04-02,STORE-BLR-02,SKU-MILK-1L,28,28.00,0
2024-04-03,STORE-BLR-02,SKU-MILK-1L,51,28.00,0
2024-04-04,STORE-BLR-02,SKU-MILK-1L,38,28.00,0
2024-04-05,STORE-BLR-02,SKU-MILK-1L,18,28.00,0
2024-04-06,STORE-BLR-02,SKU-MILK-1L,31,28.00,0
2024-04-07,STORE-BLR-02,SKU-MILK-1L,26,28.00,0
2024-04-08,STORE-BLR-02,SKU-MILK-1L,27,28.00,0
2024-04-09,STORE-BLR-02,SKU-MILK-1L,34,28.00,0
2024-04-10,STORE-BLR-02,SKU-MILK-1L,49,28.00,0
2024-04-11,STORE-BLR-02,SKU-MILK-1L,16,28.00,0
2024-04-12,STORE-BLR-02,SKU-MILK-1L,58,28.00,1
2024-04-13,STORE-BLR-02,SKU-MILK-1L,27,28.00,0
2024-04-14,STORE-BLR-02,SKU-MILK-1L,35,28.00,0
2024-04-15,STORE-BLR-02,SKU-MILK-1L,30,28.00,0
2024-04-16,STORE-BLR-02,SKU-MILK-1L,25,28.00,0
2024-04-17,STORE-BLR-02,SKU-MILK-1L,20,28.00,0
2024-04-18,STORE-BLR-02,SKU-MILK-1L,30,28.00,0
2024-04-19,STORE-BLR-02,SKU-MILK-1L,31,28.00,0
2024-04-20,STORE-BLR-02,SKU-MILK-1L,35,28.00,0
2024-04-21,STORE-BLR-02,SKU-MILK-1L,34,28.00,0
2024-04-22,STORE-BLR-02,SKU-MILK-1L,22,28.00,0
2024-04-23,STORE-BLR-02,SKU-MILK-1L,40,28.00,0
2024-04-24,STORE-BLR-02,SKU-MILK-1L,31,28.00,1
2024-04-25,STORE-BLR-02,SKU-MILK-1L,34,28.00,0
2024-04-26,STORE-BLR-02,SKU-MILK-1L,61,28.00,0
2024-04-27,STORE-BLR-02,SKU-MILK-1L,29,28.00,0
2024-04-28,STORE-BLR-02,SKU-MILK-1L,40,28.00,0
2024-04-29,STORE-BLR-02,SKU-MILK-1L,38,28.00,0
2024-04-30,STORE-BLR-02,SKU-MILK-1L,32,28.00,0
2024-05-01,STORE-BLR-02,SKU-MILK-1L,32,28.00,0
2024-05-02,STORE-BLR-02,SKU-MILK-1L,40,28.00,0
2024-05-03,STORE-BLR-02,SKU-MILK-1L,30,28.00,0
2024-05-04,STORE-BLR-02,SKU-MILK-1L,14,28.00,0
2024-05-05,STORE-BLR-02,SKU-MILK-1L,55,28.00,0
2024-05-06,STORE-BLR-02,SKU-MILK-1L,29,28.00,0
2024-05-07,STORE-BLR-02,SKU-MILK-1L,23,28.00,0
2024-05-08,STORE-BLR-02,SKU-MILK-1L,28,28.00,0
2024-05-09,STORE-BLR-02,SKU-MILK-1L,35,28.00,0
2024-05-10,STORE-BLR-02,SKU-MILK-1L,30,28.00,0
2024-05-11,STORE-BLR-02,SKU-MILK-1L,37,28.00,1
2024-05-12,STORE-BLR-02,SKU-MILK-1L,27,28.00,0
2024-05-13,STORE-BLR-02,SKU-MILK-1L,33,28.00,0
2024-05-14,STORE-BLR-02,SKU-MILK-1L,30,28.00,0
2024-05-15,STORE-BLR-02,SKU-MILK-1L,25,28.00,0
2024-05-16,STORE-BLR-02,SKU-MILK-1L,40,28.00,0
2024-05-17,STORE-BLR-02,SKU-MILK-1L,34,28.00,0
2024-05-18,STORE-BLR-02,SKU-MILK-1L,54,28.00,0
2024-05-19,STORE-BLR-02,SKU-MILK-1L,44,28.00,0
2024-05-20,STORE-BLR-02,SKU-MILK-1L,36,28.00,0
2024-05-21,STORE-BLR-02,SKU-MILK-1L,37,28.00,0
2024-05-22,STORE-BLR-02,SKU-MILK-1L,22,28.00,0
2024-05-23,STORE-BLR-02,SKU-MILK-1L,31,28.00,0
2024-05-24,STORE-BLR-02,SKU-MILK-1L,16,28.00,0
2024-05-25,STORE-BLR-02,SKU-MILK-1L,48,28.00,0
2024-05-26,STORE-BLR-02,SKU-MILK-1L,47,28.00,0
2024-05-27,STORE-BLR-02,SKU-MILK-1L,25,28.00,0
2024-05-28,STORE-BLR-02,SKU-MILK-1L,28,28.00,0
2024-05-29,STORE-BLR-02,SKU-MILK-1L,30,28.00,0
2024-05-30,STORE-BLR-02,SKU-MILK-1L,34,28.00,0
2024-05-31,STORE-BLR-02,SKU-MILK-1L,21,28.00,0
2024-06-01,STORE-BLR-02,SKU-MILK-1L,23,28.00,0
2024-06-02,STORE-BLR-02,SKU-MILK-1L,41,28.00,0
2024-06-03,STORE-BLR-02,SKU-MILK-1L,42,28.00,0
2024-06-04,STORE-BLR-02,SKU-MILK-1L,61,28.00,1
2024-06-05,STORE-BLR-02,SKU-MILK-1L,39,28.00,1
2024-06-06,STORE-BLR-02,SKU-MILK-1L,37,28.00,0
2024-06-07,STORE-BLR-02,SKU-MILK-1L,54,28.00,0
2024-06-08,STORE-BLR-02,SKU-MILK-1L,60,28.00,1
2024-06-09,STORE-BLR-02,SKU-MILK-1L,29,28.00,0
2024-06-10,STORE-BLR-02,SKU-MILK-1L,27,28.00,0
2024-06-11,STORE-BLR-02,SKU-MILK-1L,30,28.00,1
2024-06-12,STORE-BLR-02,SKU-MILK-1L,29,28.00,0
2024-06-13,STORE-BLR-02,SKU-MILK-1L,40,28.00,0
2024-06-14,STORE-BLR-02,SKU-MILK-1L,29,28.00,0
2024-06-15,STORE-BLR-02,SKU-MILK-1L,38,28.00,0
2024-06-16,STORE-BLR-02,SKU-MILK-1L,65,28.00,1
2024-06-17,STORE-BLR-02,SKU-MILK-1L,26,28.00,0
2024-06-18,STORE-BLR-02,SKU-MILK-1L,34,28.00,0
2024-06-19,STORE-BLR-02,SKU-MILK-1L,34,28.00,0
2024-06-20,STORE-BLR-02,SKU-MILK-1L,45,28.00,0
2024-06-21,STORE-BLR-02,SKU-MILK-1L,33,28.00,0
2024-06-22,STORE-BLR-02,SKU-MILK-1L,23,28.00,0
2024-06-23,STORE-BLR-02,SKU-MILK-1L,23,28.00,0
2024-06-24,STORE-BLR-02,SKU-MILK-1L,32,28.00,0
2024-06-25,STORE-BLR-02,SKU-MILK-1L,26,28.00,0
2024-06-26,STORE-BLR-02,SKU-MILK-1L,35,28.00,0
2024-06-27,STORE-BLR-02,SKU-MILK-1L,29,28.00,0
2024-06-28,STORE-BLR-02,SKU-MILK-1L,13,28.00,0
2024-06-29,STORE-BLR-02,SKU-MILK-1L,54,28.00,0
2024-06-30,STORE-BLR-02,SKU-MILK-1L,33,28.00,0
2024-07-01,STORE-BLR-02,SKU-MILK-1L,25,28.00,0
2024-07-02,STORE-BLR-02,SKU-MILK-1L,13,28.00,0
2024-07-03,STORE-BLR-02,SKU-MILK-1L,19,28.00,0
2024-07-04,STORE-BLR-02,SKU-MILK-1L,27,28.00,0
2024-07-05,STORE-BLR-02,SKU-MILK-1L,48,28.00,0
2024-07-06,STORE-BLR-02,SKU-MILK-1L,28,28.00,0
2024-07-07,STORE-BLR-02,SKU-MILK-1L,25,28.00,0
2024-07-08,STORE-BLR-02,SKU-MILK-1L,33,28.00,0
2024-07-09,STORE-BLR-02,SKU-MILK-1L,22,28.00,0
2024-07-10,STORE-BLR-02,SKU-MILK-1L,32,28.00,0
2024-07-11,STORE-BLR-02,SKU-MILK-1L,34,28.00,0
2024-07-12,STORE-BLR-02,SKU-MILK-1L,19,28.00,0
2024-07-13,STORE-BLR-02,SKU-MILK-1L,29,28.00,0
2024-07-14,STORE-BLR-02,SKU-MILK-1L,45,28.00,0
2024-07-15,STORE-BLR-02,SKU-MILK-1L,36,28.00,1
2024-07-16,STORE-BLR-02,SKU-MILK-1L,22,28.00,0
2024-07-17,STORE-BLR-02,SKU-MILK-1L,17,28.00,0
2024-07-18,STORE-BLR-02,SKU-MILK-1L,26,28.00,0
2024-07-19,STORE-BLR-02,SKU-MILK-1L,32,28.00,0
2024-07-20,STORE-BLR-02,SKU-MILK-1L,27,28.00,0
2024-07-21,STORE-BLR-02,SKU-MILK-1L,23,28.00,0
2024-07-22,STORE-BLR-02,SKU-MILK-1L,44,28.00,0
2024-07-23,STORE-BLR-02,SKU-MILK-1L,21,28.00,0
2024-07-24,STORE-BLR-02,SKU-MILK-1L,16,28.00,0
2024-07-25,STORE-BLR-02,SKU-MILK-1L,23,28.00,0
2024-07-26,STORE-BLR-02,SKU-MILK-1L,31,28.00,0
2024-07-27,STORE-BLR-02,SKU-MILK-1L,27,28.00,0
2024-07-28,STORE-BLR-02,SKU-MILK-1L,28,28.00,0
2024-07-29,STORE-BLR-02,SKU-MILK-1L,39,28.00,0
2024-07-30,STORE-BLR-02,SKU-MILK-1L,31,28.00,0
2024-07-31,STORE-BLR-02,SKU-MILK-1L,19,28.00,0
2024-08-01,STORE-BLR-02,SKU-MILK-1L,23,28.00,0
2024-08-02,STORE-BLR-02,SKU-MILK-1L,30,28.00,0
2024-08-03,STORE-BLR-02,SKU-MILK-1L,34,28.00,0
2024-08-04,STORE-BLR-02,SKU-MILK-1L,23,28.00,0
2024-08-05,STORE-BLR-02,SKU-MILK-1L,19,28.00,0
2024-08-06,STORE-BLR-02,SKU-MILK-1L,36,28.00,0
2024-08-07,STORE-BLR-02,SKU-MILK-1L,21,28.00,0
2024-08-08,STORE-BLR-02,SKU-MILK-1L,34,28.00,0
2024-08-09,STORE-BLR-02,SKU-MILK-1L,36,28.00,0
2024-08-10,STORE-BLR-02,SKU-MILK-1L,27,28.00,0
2024-08-11,STORE-BLR-02,SKU-MILK-1L,25,28.00,0
2024-08-12,STORE-BLR-02,SKU-MILK-1L,20,28.00,0
2024-08-13,STORE-BLR-02,SKU-MILK-1L,34,28.00,0
2024-08-14,STORE-BLR-02,SKU-MILK-1L,29,28.00,0
2024-08-15,STORE-BLR-02,SKU-MILK-1L,30,28.00,0
2024-08-16,STORE-BLR-02,SKU-MILK-1L,37,28.00,0
2024-08-17,STORE-BLR-02,SKU-MILK-1L,70,28.00,0
2024-08-18,STORE-BLR-02,SKU-MILK-1L,57,28.00,0
2024-08-19,STORE-BLR-02,SKU-MILK-1L,70,28.00,0
2024-08-20,STORE-BLR-02,SKU-MILK-1L,70,28.00,0
2024-08-21,STORE-BLR-02,SKU-MILK-1L,46,28.00,0
2024-08-22,STORE-BLR-02,SKU-MILK-1L,38,28.00,0
2024-08-23,STORE-BLR-02,SKU-MILK-1L,28,28.00,0
2024-08-24,STORE-BLR-02,SKU-MILK-1L,42,28.00,0
2024-08-25,STORE-BLR-02,SKU-MILK-1L,30,28.00,0
2024-08-26,STORE-BLR-02,SKU-MILK-1L,26,28.00,0
2024-08-27,STORE-BLR-02,SKU-MILK-1L,19,28.00,0
2024-08-28,STORE-BLR-02,SKU-MILK-1L,21,28.00,0
2024-08-29,STORE-BLR-02,SKU-MILK-1L,32,28.00,0
2024-08-30,STORE-BLR-02,SKU-MILK-1L,25,28.00,0
2024-08-31,STORE-BLR-02,SKU-MILK-1L,33,28.00,0
2024-09-01,STORE-BLR-02,SKU-MILK-1L,32,28.00,0
2024-09-02,STORE-BLR-02,SKU-MILK-1L,31,28.00,0
2024-09-03,STORE-BLR-02,SKU-MILK-1L,9,28.00,0
2024-09-04,STORE-BLR-02,SKU-MILK-1L,35,28.00,0
2024-09-05,STORE-BLR-02,SKU-MILK-1L,33,28.00,0
2024-09-06,STORE-BLR-02,SKU-MILK-1L,19,28.00,0
2024-09-07,STORE-BLR-02,SKU-MILK-1L,24,28.00,0
2024-09-08,STORE-BLR-02,SKU-MILK-1L,44,28.00,0
2024-09-09,STORE-BLR-02,SKU-MILK-1L,23,28.00,0
2024-09-10,STORE-BLR-02,SKU-MILK-1L,28,28.00,0
2024-09-11,STORE-BLR-02,SKU-MILK-1L,19,28.00,0
2024-09-12,STORE-BLR-02,SKU-MILK-1L,20,28.00,0
2024-09-13,STORE-BLR-02,SKU-MILK-1L,22,28.00,0
2024-09-14,STORE-BLR-02,SKU-MILK-1L,31,28.00,0
2024-09-15,STORE-BLR-02,SKU-MILK-1L,39,28.00,0
2024-09-16,STORE-BLR-02,SKU-MILK-1L,33,28.00,0
2024-09-17,STORE-BLR-02,SKU-MILK-1L,26,28.00,0
2024-09-18,STORE-BLR-02,SKU-MILK-1L,32,28.00,0
2024-09-19,STORE-BLR-02,SKU-MILK-1L,20,28.00,0
2024-09-20,STORE-BLR-02,SKU-MILK-1L,34,28.00,1
2024-09-21,STORE-BLR-02,SKU-MILK-1L,31,28.00,0
2024-09-22,STORE-BLR-02,SKU-MILK-1L,44,28.00,0
2024-09-23,STORE-BLR-02,SKU-MILK-1L,16,28.00,0
2024-09-24,STORE-BLR-02,SKU-MILK-1L,27,28.00,0
2024-09-25,STORE-BLR-02,SKU-MILK-1L,31,28.00,0
2024-09-26,STORE-BLR-02,SKU-MILK-1L,18,28.00,0
2024-09-27,STORE-BLR-02,SKU-MILK-1L,35,28.00,0
2024-09-28,STORE-BLR-02,SKU-MILK-1L,26,28.00,1
2024-09-29,STORE-BLR-02,SKU-MILK-1L,26,28.00,0
2024-09-30,STORE-BLR-02,SKU-MILK-1L,24,28.00,0
2024-10-01,STORE-BLR-02,SKU-MILK-1L,23,28.00,0
2024-10-02,STORE-BLR-02,SKU-MILK-1L,22,28.00,0
2024-10-03,STORE-BLR-02,SKU-MILK-1L,25,28.00,0
2024-10-04,STORE-BLR-02,SKU-MILK-1L,30,28.00,0
2024-10-05,STORE-BLR-02,SKU-MILK-1L,43,28.00,1
2024-10-06,STORE-BLR-02,SKU-MILK-1L,36,28.00,0
2024-10-07,STORE-BLR-02,SKU-MILK-1L,27,28.00,0
2024-10-08,STORE-BLR-02,SKU-MILK-1L,20,28.00,0
2024-10-09,STORE-BLR-02,SKU-MILK-1L,29,28.00,0
2024-10-10,STORE-BLR-02,SKU-MILK-1L,31,28.00,0
2024-10-11,STORE-BLR-02,SKU-MILK-1L,32,28.00,0
2024-10-12,STORE-BLR-02,SKU-MILK-1L,26,28.00,0
2024-10-13,STORE-BLR-02,SKU-MILK-1L,18,28.00,0
2024-10-14,STORE-BLR-02,SKU-MILK-1L,26,28.00,0
2024-10-15,STORE-BLR-02,SKU-MILK-1L,26,28.00,0
2024-10-16,STORE-BLR-02,SKU-MILK-1L,30,28.00,0
2024-10-17,STORE-BLR-02,SKU-MILK-1L,22,28.00,0
2024-10-18,STORE-BLR-02,SKU-MILK-1L,25,28.00,0
2024-10-19,STORE-BLR-02,SKU-MILK-1L,21,28.00,0
2024-10-20,STORE-BLR-02,SKU-MILK-1L,26,28.00,0
2024-10-21,STORE-BLR-02,SKU-MILK-1L,30,28.00,0
2024-10-22,STORE-BLR-02,SKU-MILK-1L,17,28.00,0
2024-10-23,STORE-BLR-02,SKU-MILK-1L,36,28.00,0
2024-10-24,STORE-BLR-02,SKU-MILK-1L,27,28.00,0
2024-10-25,STORE-BLR-02,SKU-MILK-1L,32,28.00,0
2024-10-26,STORE-BLR-02,SKU-MILK-1L,30,28.00,0
2024-10-27,STORE-BLR-02,SKU-MILK-1L,26,28.00,0
2024-10-28,STORE-BLR-02,SKU-MILK-1L,43,28.00,0
2024-10-29,STORE-BLR-02,SKU-MILK-1L,52,28.00,0
2024-10-30,STORE-BLR-02,SKU-MILK-1L,58,28.00,0
2024-10-31,STORE-BLR-02,SKU-MILK-1L,82,28.00,0
2024-11-01,STORE-BLR-02,SKU-MILK-1L,76,28.00,0
2024-11-02,STORE-BLR-02,SKU-MILK-1L,66,28.00,0
2024-11-03,STORE-BLR-02,SKU-MILK-1L,32,28.00,0
2024-11-04,STORE-BLR-02,SKU-MILK-1L,51,28.00,0
2024-11-05,STORE-BLR-02,SKU-MILK-1L,26,28.00,0
2024-11-06,STORE-BLR-02,SKU-MILK-1L,13,28.00,0
2024-11-07,STORE-BLR-02,SKU-MILK-1L,26,28.00,0
2024-11-08,STORE-BLR-02,SKU-MILK-1L,29,28.00,0
2024-11-09,STORE-BLR-02,SKU-MILK-1L,37,28.00,0
2024-11-10,STORE-BLR-02,SKU-MILK-1L,35,28.00,0
2024-11-11,STORE-BLR-02,SKU-MILK-1L,32,28.00,0
2024-11-12,STORE-BLR-02,SKU-MILK-1L,28,28.00,0
2024-11-13,STORE-BLR-02,SKU-MILK-1L,16,28.00,0
2024-11-14,STORE-BLR-02,SKU-MILK-1L,29,28.00,0
2024-11-15,STORE-BLR-02,SKU-MILK-1L,32,28.00,0
2024-11-16,STORE-BLR-02,SKU-MILK-1L,31,28.00,0
2024-11-17,STORE-BLR-02,SKU-MILK-1L,39,28.00,0
2024-11-18,STORE-BLR-02,SKU-MILK-1L,36,28.00,0
2024-11-19,STORE-BLR-02,SKU-MILK-1L,20,28.00,0
2024-11-20,STORE-BLR-02,SKU-MILK-1L,19,28.00,0
2024-11-21,STORE-BLR-02,SKU-MILK-1L,18,28.00,0
2024-11-22,STORE-BLR-02,SKU-MILK-1L,28,28.00,0
2024-11-23,STORE-BLR-02,SKU-MILK-1L,28,28.00,0
2024-11-24,STORE-BLR-02,SKU-MILK-1L,33,28.00,0
2024-11-25,STORE-BLR-02,SKU-MILK-1L,20,28.00,0
2024-11-26,STORE-BLR-02,SKU-MILK-1L,39,28.00,0
2024-11-27,STORE-BLR-02,SKU-MILK-1L,24,28.00,0
2024-11-28,STORE-BLR-02,SKU-MILK-1L,25,28.00,0
2024-11-29,STORE-BLR-02,SKU-MILK-1L,23,28.00,0
2024-11-30,STORE-BLR-02,SKU-MILK-1L,44,28.00,0
2024-12-01,STORE-BLR-02,SKU-MILK-1L,34,28.00,0
2024-12-02,STORE-BLR-02,SKU-MILK-1L,46,28.00,0
2024-12-03,STORE-BLR-02,SKU-MILK-1L,23,28.00,0
2024-12-04,STORE-BLR-02,SKU-MILK-1L,28,28.00,0
2024-12-05,STORE-BLR-02,SKU-MILK-1L,26,28.00,0
2024-12-06,STORE-BLR-02,SKU-MILK-1L,35,28.00,0
2024-12-07,STORE-BLR-02,SKU-MILK-1L,31,28.00,0
2024-12-08,STORE-BLR-02,SKU-MILK-1L,19,28.00,0
2024-12-09,STORE-BLR-02,SKU-MILK-1L,29,28.00,0
2024-12-10,STORE-BLR-02,SKU-MILK-1L,40,28.00,0
2024-12-11,STORE-BLR-02,SKU-MILK-1L,28,28.00,0
2024-12-12,STORE-BLR-02,SKU-MILK-1L,35,28.00,0
2024-12-13,STORE-BLR-02,SKU-MILK-1L,25,28.00,0
2024-12-14,STORE-BLR-02,SKU-MILK-1L,33,28.00,0
2024-12-15,STORE-BLR-02,SKU-MILK-1L,19,28.00,0
2024-12-16,STORE-BLR-02,SKU-MILK-1L,30,28.00,0
2024-12-17,STORE-BLR-02,SKU-MILK-1L,29,28.00,0
2024-12-18,STORE-BLR-02,SKU-MILK-1L,39,28.00,0
2024-12-19,STORE-BLR-02,SKU-MILK-1L,27,28.00,0
2024-12-20,STORE-BLR-02,SKU-MILK-1L,39,28.00,0
2024-12-21,STORE-BLR-02,SKU-MILK-1L,35,28.00,0
2024-12-22,STORE-BLR-02,SKU-MILK-1L,37,28.00,0
2024-12-23,STORE-BLR-02,SKU-MILK-1L,39,28.00,0
2024-12-24,STORE-BLR-02,SKU-MILK-1L,32,28.00,0
2024-12-25,STORE-BLR-02,SKU-MILK-1L,27,28.00,0
2024-12-26,STORE-BLR-02,SKU-MILK-1L,44,28.00,0
2024-12-27,STORE-BLR-02,SKU-MILK-1L,29,28.00,0
2024-12-28,STORE-BLR-02,SKU-MILK-1L,29,28.00,0
2024-12-29,STORE-BLR-02,SKU-MILK-1L,31,28.00,0
2024-12-30,STORE-BLR-02,SKU-MILK-1L,29,28.00,0
2024-12-31,STORE-BLR-02,SKU-MILK-1L,41,28.00,0
2025-01-01,STORE-BLR-02,SKU-MILK-1L,31,28.00,0
2025-01-02,STORE-BLR-02,SKU-MILK-1L,28,28.00,0
2025-01-03,STORE-BLR-02,SKU-MILK-1L,63,28.00,0
2025-01-04,STORE-BLR-02,SKU-MILK-1L,34,28.00,0
2025-01-05,STORE-BLR-02,SKU-MILK-1L,46,28.00,0
2025-01-06,STORE-BLR-02,SKU-MILK-1L,45,28.00,0
2025-01-07,STORE-BLR-02,SKU-MILK-1L,29,28.00,0
2025-01-08,STORE-BLR-02,SKU-MILK-1L,32,28.00,0
2025-01-09,STORE-BLR-02,SKU-MILK-1L,53,28.00,0
2025-01-10,STORE-BLR-02,SKU-MILK-1L,46,28.00,0
2025-01-11,STORE-BLR-02,SKU-MILK-1L,46,28.00,0
2025-01-12,STORE-BLR-02,SKU-MILK-1L,39,28.00,0
2025-01-13,STORE-BLR-02,SKU-MILK-1L,27,28.00,0
2025-01-14,STORE-BLR-02,SKU-MILK-1L,0,28.00,0
2025-01-15,STORE-BLR-02,SKU-MILK-1L,40,28.00,0
2025-01-16,STORE-BLR-02,SKU-MILK-1L,24,28.00,0
2025-01-17,STORE-BLR-02,SKU-MILK-1L,47,28.00,0
2025-01-18,STORE-BLR-02,SKU-MILK-1L,37,28.00,0
2025-01-19,STORE-BLR-02,SKU-MILK-1L,25,28.00,0
2025-01-20,STORE-BLR-02,SKU-MILK-1L,21,28.00,0
2025-01-21,STORE-BLR-02,SKU-MILK-1L,22,28.00,0
2025-01-22,STORE-BLR-02,SKU-MILK-1L,35,28.00,0
2025-01-23,STORE-BLR-02,SKU-MILK-1L,40,28.00,0
2025-01-24,STORE-BLR-02,SKU-MILK-1L,43,28.00,1
2025-01-25,STORE-BLR-02,SKU-MILK-1L,26,28.00,0
2025-01-26,STORE-BLR-02,SKU-MILK-1L,38,28.00,0
2025-01-27,STORE-BLR-02,SKU-MILK-1L,30,28.00,0
2025-01-28,STORE-BLR-02,SKU-MILK-1L,42,28.00,0
2025-01-29,STORE-BLR-02,SKU-MILK-1L,39,28.00,0
2025-01-30,STORE-BLR-02,SKU-MILK-1L,33,28.00,0
2025-01-31,STORE-BLR-02,SKU-MILK-1L,41,28.00,0
2025-02-01,STORE-BLR-02,SKU-MILK-1L,42,28.00,0
2025-02-02,STORE-BLR-02,SKU-MILK-1L,41,28.00,0
2025-02-03,STORE-BLR-02,SKU-MILK-1L,18,28.00,0
2025-02-04,STORE-BLR-02,SKU-MILK-1L,18,28.00,0
2025-02-05,STORE-BLR-02,SKU-MILK-1L,38,28.00,0
2025-02-06,STORE-BLR-02,SKU-MILK-1L,42,28.00,0
2025-02-07,STORE-BLR-02,SKU-MILK-1L,42,28.00,1
2025-02-08,STORE-BLR-02,SKU-MILK-1L,29,28.00,0
2025-02-09,STORE-BLR-02,SKU-MILK-1L,40,28.00,0
2025-02-10,STORE-BLR-02,SKU-MILK-1L,35,28.00,0
2025-02-11,STORE-BLR-02,SKU-MILK-1L,27,28.00,0
2025-02-12,STORE-BLR-02,SKU-MILK-1L,28,28.00,0
2025-02-13,STORE-BLR-02,SKU-MILK-1L,42,28.00,0
2025-02-14,STORE-BLR-02,SKU-MILK-1L,46,28.00,0
2025-02-15,STORE-BLR-02,SKU-MILK-1L,35,28.00,0
2025-02-16,STORE-BLR-02,SKU-MILK-1L,28,28.00,0
2025-02-17,STORE-BLR-02,SKU-MILK-1L,36,28.00,0
2025-02-18,STORE-BLR-02,SKU-MILK-1L,24,28.00,0
2025-02-19,STORE-BLR-02,SKU-MILK-1L,24,28.00,0
2025-02-20,STORE-BLR-02,SKU-MILK-1L,23,28.00,0
2025-02-21,STORE-BLR-02,SKU-MILK-1L,35,28.00,0
2025-02-22,STORE-BLR-02,SKU-MILK-1L,29,28.00,0
2025-02-23,STORE-BLR-02,SKU-MILK-1L,26,28.00,0
2025-02-24,STORE-BLR-02,SKU-MILK-1L,51,28.00,0
2025-02-25,STORE-BLR-02,SKU-MILK-1L,27,28.00,0
2025-02-26,STORE-BLR-02,SKU-MILK-1L,38,28.00,1
2025-02-27,STORE-BLR-02,SKU-MILK-1L,38,28.00,0
2025-02-28,STORE-BLR-02,SKU-MILK-1L,32,28.00,0
2025-03-01,STORE-BLR-02,SKU-MILK-1L,23,28.00,0
2025-03-02,STORE-BLR-02,SKU-MILK-1L,39,28.00,0
2025-03-03,STORE-BLR-02,SKU-MILK-1L,27,28.00,0
2025-03-04,STORE-BLR-02,SKU-MILK-1L,40,28.00,0
2025-03-05,STORE-BLR-02,SKU-MILK-1L,31,28.00,0
2025-03-06,STORE-BLR-02,SKU-MILK-1L,32,28.00,0
2025-03-07,STORE-BLR-02,SKU-MILK-1L,56,28.00,0
2025-03-08,STORE-BLR-02,SKU-MILK-1L,40,28.00,0
2025-03-09,STORE-BLR-02,SKU-MILK-1L,35,28.00,0
2025-03-10,STORE-BLR-02,SKU-MILK-1L,36,28.00,0
2025-03-11,STORE-BLR-02,SKU-MILK-1L,73,28.00,0
2025-03-12,STORE-BLR-02,SKU-MILK-1L,72,28.00,0
2025-03-13,STORE-BLR-02,SKU-MILK-1L,83,28.00,0
2025-03-14,STORE-BLR-02,SKU-MILK-1L,124,28.00,0
2025-03-15,STORE-BLR-02,SKU-MILK-1L,69,28.00,0
2025-03-16,STORE-BLR-02,SKU-MILK-1L,100,28.00,1
2025-03-17,STORE-BLR-02,SKU-MILK-1L,61,28.00,0
2025-03-18,STORE-BLR-02,SKU-MILK-1L,50,28.00,0
2025-03-19,STORE-BLR-02,SKU-MILK-1L,43,28.00,0
2025-03-20,STORE-BLR-02,SKU-MILK-1L,24,28.00,0
2025-03-21,STORE-BLR-02,SKU-MILK-1L,37,28.00,0
2025-03-22,STORE-BLR-02,SKU-MILK-1L,33,28.00,0
2025-03-23,STORE-BLR-02,SKU-MILK-1L,41,28.00,0
2025-03-24,STORE-BLR-02,SKU-MILK-1L,26,28.00,0
2025-03-25,STORE-BLR-02,SKU-MILK-1L,0,28.00,0
2025-03-26,STORE-BLR-02,SKU-MILK-1L,24,28.00,0
2025-03-27,STORE-BLR-02,SKU-MILK-1L,24,28.00,0
2025-03-28,STORE-BLR-02,SKU-MILK-1L,40,28.00,0
2025-03-29,STORE-BLR-02,SKU-MILK-1L,0,28.00,0
2025-03-30,STORE-BLR-02,SKU-MILK-1L,25,28.00,0
2025-03-31,STORE-BLR-02,SKU-MILK-1L,20,28.00,0
2025-04-01,STORE-BLR-02,SKU-MILK-1L,33,28.00,0
2025-04-02,STORE-BLR-02,SKU-MILK-1L,49,28.00,0
2025-04-03,STORE-BLR-02,SKU-MILK-1L,27,28.00,0
2025-04-04,STORE-BLR-02,SKU-MILK-1L,35,28.00,0
2025-04-05,STORE-BLR-02,SKU-MILK-1L,51,28.00,0
2025-04-06,STORE-BLR-02,SKU-MILK-1L,42,28.00,0
2025-04-07,STORE-BLR-02,SKU-MILK-1L,41,28.00,0
2025-04-08,STORE-BLR-02,SKU-MILK-1L,21,28.00,0
2025-04-09,STORE-BLR-02,SKU-MILK-1L,26,28.00,0
2025-04-10,STORE-BLR-02,SKU-MILK-1L,43,28.00,0
2025-04-11,STORE-BLR-02,SKU-MILK-1L,45,28.00,0
2025-04-12,STORE-BLR-02,SKU-MILK-1L,57,28.00,0
2025-04-13,STORE-BLR-02,SKU-MILK-1L,32,28.00,0
2025-04-14,STORE-BLR-02,SKU-MILK-1L,38,28.00,0
2025-04-15,STORE-BLR-02,SKU-MILK-1L,31,28.00,0
2025-04-16,STORE-BLR-02,SKU-MILK-1L,34,28.00,0
2025-04-17,STORE-BLR-02,SKU-MILK-1L,37,28.00,0
2025-04-18,STORE-BLR-02,SKU-MILK-1L,44,28.00,0
2025-04-19,STORE-BLR-02,SKU-MILK-1L,27,28.00,0
2025-04-20,STORE-BLR-02,SKU-MILK-1L,56,28.00,0
2025-04-21,STORE-BLR-02,SKU-MILK-1L,27,28.00,0
2025-04-22,STORE-BLR-02,SKU-MILK-1L,35,28.00,0
2025-04-23,STORE-BLR-02,SKU-MILK-1L,44,28.00,0
2025-04-24,STORE-BLR-02,SKU-MILK-1L,47,28.00,0
2025-04-25,STORE-BLR-02,SKU-MILK-1L,28,28.00,0
2025-04-26,STORE-BLR-02,SKU-MILK-1L,47,28.00,0
2025-04-27,STORE-BLR-02,SKU-MILK-1L,35,28.00,0
2025-04-28,STORE-BLR-02,SKU-MILK-1L,48,28.00,0
2025-04-29,STORE-BLR-02,SKU-MILK-1L,41,28.00,0
2025-04-30,STORE-BLR-02,SKU-MILK-1L,43,28.00,0
2025-05-01,STORE-BLR-02,SKU-MILK-1L,35,28.00,0
2025-05-02,STORE-BLR-02,SKU-MILK-1L,46,28.00,0
2025-05-03,STORE-BLR-02,SKU-MILK-1L,36,28.00,0
2025-05-04,STORE-BLR-02,SKU-MILK-1L,61,28.00,1
2025-05-05,STORE-BLR-02,SKU-MILK-1L,36,28.00,0
2025-05-06,STORE-BLR-02,SKU-MILK-1L,45,28.00,0
2025-05-07,STORE-BLR-02,SKU-MILK-1L,32,28.00,0
2025-05-08,STORE-BLR-02,SKU-MILK-1L,26,28.00,0
2025-05-09,STORE-BLR-02,SKU-MILK-1L,40,28.00,0
2025-05-10,STORE-BLR-02,SKU-MILK-1L,39,28.00,0
2025-05-11,STORE-BLR-02,SKU-MILK-1L,50,28.00,0
2025-05-12,STORE-BLR-02,SKU-MILK-1L,46,28.00,0
2025-05-13,STORE-BLR-02,SKU-MILK-1L,45,28.00,0
2025-05-14,STORE-BLR-02,SKU-MILK-1L,43,28.00,0
2025-05-15,STORE-BLR-02,SKU-MILK-1L,37,28.00,0
2025-05-16,STORE-BLR-02,SKU-MILK-1L,41,28.00,1
2025-05-17,STORE-BLR-02,SKU-MILK-1L,40,28.00,0
2025-05-18,STORE-BLR-02,SKU-MILK-1L,36,28.00,0
2025-05-19,STORE-BLR-02,SKU-MILK-1L,37,28.00,0
2025-05-20,STORE-BLR-02,SKU-MILK-1L,29,28.00,1
2025-05-21,STORE-BLR-02,SKU-MILK-1L,26,28.00,0
2025-05-22,STORE-BLR-02,SKU-MILK-1L,35,28.00,0
2025-05-23,STORE-BLR-02,SKU-MILK-1L,20,28.00,0
2025-05-24,STORE-BLR-02,SKU-MILK-1L,26,28.00,0
2025-05-25,STORE-BLR-02,SKU-MILK-1L,38,28.00,0
2025-05-26,STORE-BLR-02,SKU-MILK-1L,26,28.00,0
2025-05-27,STORE-BLR-02,SKU-MILK-1L,28,28.00,0
2025-05-28,STORE-BLR-02,SKU-MILK-1L,34,28.00,0
2025-05-29,STORE-BLR-02,SKU-MILK-1L,35,28.00,0
2025-05-30,STORE-BLR-02,SKU-MILK-1L,42,28.00,0
2025-05-31,STORE-BLR-02,SKU-MILK-1L,41,28.00,0
2025-06-01,STORE-BLR-02,SKU-MILK-1L,19,28.00,0
2025-06-02,STORE-BLR-02,SKU-MILK-1L,24,28.00,0
2025-06-03,STORE-BLR-02,SKU-MILK-1L,24,28.00,0
2025-06-04,STORE-BLR-02,SKU-MILK-1L,34,28.00,0
2025-06-05,STORE-BLR-02,SKU-MILK-1L,47,28.00,0
2025-06-06,STORE-BLR-02,SKU-MILK-1L,55,28.00,0
2025-06-07,STORE-BLR-02,SKU-MILK-1L,42,28.00,0
2025-06-08,STORE-BLR-02,SKU-MILK-1L,28,28.00,0
2025-06-09,STORE-BLR-02,SKU-MILK-1L,34,28.00,0
2025-06-10,STORE-BLR-02,SKU-MILK-1L,39,28.00,0
2025-06-11,STORE-BLR-02,SKU-MILK-1L,24,28.00,0
2025-06-12,STORE-BLR-02,SKU-MILK-1L,31,28.00,0
2025-06-13,STORE-BLR-02,SKU-MILK-1L,38,28.00,0
2025-06-14,STORE-BLR-02,SKU-MILK-1L,31,28.00,0
2025-06-15,STORE-BLR-02,SKU-MILK-1L,26,28.00,0
2025-06-16,STORE-BLR-02,SKU-MILK-1L,45,28.00,1
2025-06-17,STORE-BLR-02,SKU-MILK-1L,41,28.00,0
2025-06-18,STORE-BLR-02,SKU-MILK-1L,40,28.00,0
2025-06-19,STORE-BLR-02,SKU-MILK-1L,16,28.00,0
2025-06-20,STORE-BLR-02,SKU-MILK-1L,33,28.00,0
2025-06-21,STORE-BLR-02,SKU-MILK-1L,49,28.00,0
2025-06-22,STORE-BLR-02,SKU-MILK-1L,38,28.00,0
2025-06-23,STORE-BLR-02,SKU-MILK-1L,50,28.00,0
2025-06-24,STORE-BLR-02,SKU-MILK-1L,33,28.00,1
2025-06-25,STORE-BLR-02,SKU-MILK-1L,28,28.00,0
2025-06-26,STORE-BLR-02,SKU-MILK-1L,44,28.00,0
2025-06-27,STORE-BLR-02,SKU-MILK-1L,31,28.00,0
2025-06-28,STORE-BLR-02,SKU-MILK-1L,32,28.00,0
2025-06-29,STORE-BLR-02,SKU-MILK-1L,37,28.00,0
2025-06-30,STORE-BLR-02,SKU-MILK-1L,28,28.00,0
2025-07-01,STORE-BLR-02,SKU-MILK-1L,30,28.00,0
2025-07-02,STORE-BLR-02,SKU-MILK-1L,47,28.00,0
2025-07-03,STORE-BLR-02,SKU-MILK-1L,35,28.00,0
2025-07-04,STORE-BLR-02,SKU-MILK-1L,33,28.00,0
2025-07-05,STORE-BLR-02,SKU-MILK-1L,36,28.00,0
2025-07-06,STORE-BLR-02,SKU-MILK-1L,38,28.00,0
2025-07-07,STORE-BLR-02,SKU-MILK-1L,23,28.00,0
2025-07-08,STORE-BLR-02,SKU-MILK-1L,40,28.00,0
2025-07-09,STORE-BLR-02,SKU-MILK-1L,25,28.00,0
2025-07-10,STORE-BLR-02,SKU-MILK-1L,32,28.00,0
2025-07-11,STORE-BLR-02,SKU-MILK-1L,31,28.00,0
2025-07-12,STORE-BLR-02,SKU-MILK-1L,21,28.00,0
2025-07-13,STORE-BLR-02,SKU-MILK-1L,26,28.00,0
2025-07-14,STORE-BLR-02,SKU-MILK-1L,37,28.00,0
2025-07-15,STORE-BLR-02,SKU-MILK-1L,52,28.00,0
2025-07-16,STORE-BLR-02,SKU-MILK-1L,27,28.00,0
2025-07-17,STORE-BLR-02,SKU-MILK-1L,20,28.00,0
2025-07-18,STORE-BLR-02,SKU-MILK-1L,14,28.00,0
2025-07-19,STORE-BLR-02,SKU-MILK-1L,43,28.00,0
2025-07-20,STORE-BLR-02,SKU-MILK-1L,33,28.00,0
2025-07-21,STORE-BLR-02,SKU-MILK-1L,32,28.00,0
2025-07-22,STORE-BLR-02,SKU-MILK-1L,34,28.00,0
2025-07-23,STORE-BLR-02,SKU-MILK-1L,31,28.00,0
2025-07-24,STORE-BLR-02,SKU-MILK-1L,25,28.00,0
2025-07-25,STORE-BLR-02,SKU-MILK-1L,30,28.00,0
2025-07-26,STORE-BLR-02,SKU-MILK-1L,33,28.00,0
2025-07-27,STORE-BLR-02,SKU-MILK-1L,25,28.00,0
2025-07-28,STORE-BLR-02,SKU-MILK-1L,27,28.00,0
2025-07-29,STORE-BLR-02,SKU-MILK-1L,35,28.00,0
2025-07-30,STORE-BLR-02,SKU-MILK-1L,39,28.00,0
2025-07-31,STORE-BLR-02,SKU-MILK-1L,39,28.00,0
2025-08-01,STORE-BLR-02,SKU-MILK-1L,32,28.00,0
2025-08-02,STORE-BLR-02,SKU-MILK-1L,31,28.00,0
2025-08-03,STORE-BLR-02,SKU-MILK-1L,27,28.00,0
2025-08-04,STORE-BLR-02,SKU-MILK-1L,23,28.00,0
2025-08-05,STORE-BLR-02,SKU-MILK-1L,18,28.00,0
2025-08-06,STORE-BLR-02,SKU-MILK-1L,53,28.00,0
2025-08-07,STORE-BLR-02,SKU-MILK-1L,62,28.00,0
2025-08-08,STORE-BLR-02,SKU-MILK-1L,67,28.00,0
2025-08-09,STORE-BLR-02,SKU-MILK-1L,125,28.00,0
2025-08-10,STORE-BLR-02,SKU-MILK-1L,95,28.00,0
2025-08-11,STORE-BLR-02,SKU-MILK-1L,65,28.00,0
2025-08-12,STORE-BLR-02,SKU-MILK-1L,51,28.00,0
2025-08-13,STORE-BLR-02,SKU-MILK-1L,19,28.00,0
2025-08-14,STORE-BLR-02,SKU-MILK-1L,28,28.00,0
2025-08-15,STORE-BLR-02,SKU-MILK-1L,25,28.00,0
2025-08-16,STORE-BLR-02,SKU-MILK-1L,37,28.00,0
2025-08-17,STORE-BLR-02,SKU-MILK-1L,32,28.00,0
2025-08-18,STORE-BLR-02,SKU-MILK-1L,48,28.00,1
2025-08-19,STORE-BLR-02,SKU-MILK-1L,33,28.00,0
2025-08-20,STORE-BLR-02,SKU-MILK-1L,34,28.00,0
2025-08-21,STORE-BLR-02,SKU-MILK-1L,34,28.00,0
2025-08-22,STORE-BLR-02,SKU-MILK-1L,30,28.00,0
2025-08-23,STORE-BLR-02,SKU-MILK-1L,31,28.00,0
2025-08-24,STORE-BLR-02,SKU-MILK-1L,37,28.00,0
2025-08-25,STORE-BLR-02,SKU-MILK-1L,36,28.00,0
2025-08-26,STORE-BLR-02,SKU-MILK-1L,31,28.00,0
2025-08-27,STORE-BLR-02,SKU-MILK-1L,23,28.00,0
2025-08-28,STORE-BLR-02,SKU-MILK-1L,21,28.00,0
2025-08-29,STORE-BLR-02,SKU-MILK-1L,29,28.00,0
2025-08-30,STORE-BLR-02,SKU-MILK-1L,43,28.00,0
2025-08-31,STORE-BLR-02,SKU-MILK-1L,22,28.00,0
2025-09-01,STORE-BLR-02,SKU-MILK-1L,17,28.00,0
2025-09-02,STORE-BLR-02,SKU-MILK-1L,32,28.00,0
2025-09-03,STORE-BLR-02,SKU-MILK-1L,41,28.00,0
2025-09-04,STORE-BLR-02,SKU-MILK-1L,21,28.00,0
2025-09-05,STORE-BLR-02,SKU-MILK-1L,34,28.00,0
2025-09-06,STORE-BLR-02,SKU-MILK-1L,20,28.00,0
2025-09-07,STORE-BLR-02,SKU-MILK-1L,30,28.00,0
2025-09-08,STORE-BLR-02,SKU-MILK-1L,37,28.00,1
2025-09-09,STORE-BLR-02,SKU-MILK-1L,29,28.00,0
2025-09-10,STORE-BLR-02,SKU-MILK-1L,30,28.00,0
2025-09-11,STORE-BLR-02,SKU-MILK-1L,33,28.00,0
2025-09-12,STORE-BLR-02,SKU-MILK-1L,24,28.00,0
2025-09-13,STORE-BLR-02,SKU-MILK-1L,27,28.00,0
2025-09-14,STORE-BLR-02,SKU-MILK-1L,26,28.00,0
2025-09-15,STORE-BLR-02,SKU-MILK-1L,21,28.00,0
2025-09-16,STORE-BLR-02,SKU-MILK-1L,26,28.00,0
2025-09-17,STORE-BLR-02,SKU-MILK-1L,20,28.00,0
2025-09-18,STORE-BLR-02,SKU-MILK-1L,26,28.00,0
2025-09-19,STORE-BLR-02,SKU-MILK-1L,48,28.00,0
2025-09-20,STORE-BLR-02,SKU-MILK-1L,34,28.00,0
2025-09-21,STORE-BLR-02,SKU-MILK-1L,23,28.00,0
2025-09-22,STORE-BLR-02,SKU-MILK-1L,30,28.00,0
2025-09-23,STORE-BLR-02,SKU-MILK-1L,29,28.00,0
2025-09-24,STORE-BLR-02,SKU-MILK-1L,33,28.00,0
2025-09-25,STORE-BLR-02,SKU-MILK-1L,0,28.00,0
2025-09-26,STORE-BLR-02,SKU-MILK-1L,30,28.00,0
2025-09-27,STORE-BLR-02,SKU-MILK-1L,39,28.00,0
2025-09-28,STORE-BLR-02,SKU-MILK-1L,38,28.00,1
2025-09-29,STORE-BLR-02,SKU-MILK-1L,44,28.00,0
2025-09-30,STORE-BLR-02,SKU-MILK-1L,27,28.00,0
2025-10-01,STORE-BLR-02,SKU-MILK-1L,20,28.00,0
2025-10-02,STORE-BLR-02,SKU-MILK-1L,41,28.00,0
2025-10-03,STORE-BLR-02,SKU-MILK-1L,37,28.00,0
2025-10-04,STORE-BLR-02,SKU-MILK-1L,21,28.00,0
2025-10-05,STORE-BLR-02,SKU-MILK-1L,23,28.00,0
2025-10-06,STORE-BLR-02,SKU-MILK-1L,30,28.00,0
2025-10-07,STORE-BLR-02,SKU-MILK-1L,22,28.00,0
2025-10-08,STORE-BLR-02,SKU-MILK-1L,17,28.00,0
2025-10-09,STORE-BLR-02,SKU-MILK-1L,23,28.00,0
2025-10-10,STORE-BLR-02,SKU-MILK-1L,25,28.00,0
2025-10-11,STORE-BLR-02,SKU-MILK-1L,31,28.00,0
2025-10-12,STORE-BLR-02,SKU-MILK-1L,36,28.00,0
2025-10-13,STORE-BLR-02,SKU-MILK-1L,36,28.00,1
2025-10-14,STORE-BLR-02,SKU-MILK-1L,23,28.00,0
2025-10-15,STORE-BLR-02,SKU-MILK-1L,35,28.00,0
2025-10-16,STORE-BLR-02,SKU-MILK-1L,13,28.00,0
2025-10-17,STORE-BLR-02,SKU-MILK-1L,37,28.00,0
2025-10-18,STORE-BLR-02,SKU-MILK-1L,76,28.00,0
2025-10-19,STORE-BLR-02,SKU-MILK-1L,57,28.00,0
2025-10-20,STORE-BLR-02,SKU-MILK-1L,73,28.00,0
2025-10-21,STORE-BLR-02,SKU-MILK-1L,57,28.00,0
2025-10-22,STORE-BLR-02,SKU-MILK-1L,84,28.00,0
2025-10-23,STORE-BLR-02,SKU-MILK-1L,0,28.00,0
2025-10-24,STORE-BLR-02,SKU-MILK-1L,44,28.00,0
2025-10-25,STORE-BLR-02,SKU-MILK-1L,31,28.00,0
2025-10-26,STORE-BLR-02,SKU-MILK-1L,28,28.00,0
2025-10-27,STORE-BLR-02,SKU-MILK-1L,25,28.00,0
2025-10-28,STORE-BLR-02,SKU-MILK-1L,21,28.00,0
2025-10-29,STORE-BLR-02,SKU-MILK-1L,35,28.00,0
2025-10-30,STORE-BLR-02,SKU-MILK-1L,28,28.00,0
2025-10-31,STORE-BLR-02,SKU-MILK-1L,26,28.00,0
2025-11-01,STORE-BLR-02,SKU-MILK-1L,0,28.00,0
2025-11-02,STORE-BLR-02,SKU-MILK-1L,32,28.00,0
2025-11-03,STORE-BLR-02,SKU-MILK-1L,30,28.00,0
2025-11-04,STORE-BLR-02,SKU-MILK-1L,25,28.00,0
2025-11-05,STORE-BLR-02,SKU-MILK-1L,28,28.00,0
2025-11-06,STORE-BLR-02,SKU-MILK-1L,41,28.00,0
2025-11-07,STORE-BLR-02,SKU-MILK-1L,29,28.00,0
2025-11-08,STORE-BLR-02,SKU-MILK-1L,32,28.00,0
2025-11-09,STORE-BLR-02,SKU-MILK-1L,36,28.00,0
2025-11-10,STORE-BLR-02,SKU-MILK-1L,24,28.00,0
2025-11-11,STORE-BLR-02,SKU-MILK-1L,36,28.00,0
2025-11-12,STORE-BLR-02,SKU-MILK-1L,49,28.00,0
2025-11-13,STORE-BLR-02,SKU-MILK-1L,23,28.00,0
2025-11-14,STORE-BLR-02,SKU-MILK-1L,48,28.00,0
2025-11-15,STORE-BLR-02,SKU-MILK-1L,30,28.00,0
2025-11-16,STORE-BLR-02,SKU-MILK-1L,31,28.00,0
2025-11-17,STORE-BLR-02,SKU-MILK-1L,16,28.00,0
2025-11-18,STORE-BLR-02,SKU-MILK-1L,31,28.00,0
2025-11-19,STORE-BLR-02,SKU-MILK-1L,28,28.00,0
2025-11-20,STORE-BLR-02,SKU-MILK-1L,42,28.00,1
2025-11-21,STORE-BLR-02,SKU-MILK-1L,19,28.00,0
2025-11-22,STORE-BLR-02,SKU-MILK-1L,34,28.00,0
2025-11-23,STORE-BLR-02,SKU-MILK-1L,37,28.00,0
2025-11-24,STORE-BLR-02,SKU-MILK-1L,21,28.00,0
2025-11-25,STORE-BLR-02,SKU-MILK-1L,46,28.00,0
2025-11-26,STORE-BLR-02,SKU-MILK-1L,39,28.00,0
2025-11-27,STORE-BLR-02,SKU-MILK-1L,20,28.00,0
2025-11-28,STORE-BLR-02,SKU-MILK-1L,31,28.00,0
2025-11-29,STORE-BLR-02,SKU-MILK-1L,25,28.00,1
2025-11-30,STORE-BLR-02,SKU-MILK-1L,27,28.00,0
2025-12-01,STORE-BLR-02,SKU-MILK-1L,20,28.00,0
2025-12-02,STORE-BLR-02,SKU-MILK-1L,29,28.00,0
2025-12-03,STORE-BLR-02,SKU-MILK-1L,17,28.00,0
2025-12-04,STORE-BLR-02,SKU-MILK-1L,40,28.00,0
2025-12-05,STORE-BLR-02,SKU-MILK-1L,22,28.00,0
2025-12-06,STORE-BLR-02,SKU-MILK-1L,31,28.00,0
2025-12-07,STORE-BLR-02,SKU-MILK-1L,37,28.00,0
2025-12-08,STORE-BLR-02,SKU-MILK-1L,0,28.00,0
2025-12-09,STORE-BLR-02,SKU-MILK-1L,48,28.00,0
2025-12-10,STORE-BLR-02,SKU-MILK-1L,39,28.00,0
2025-12-11,STORE-BLR-02,SKU-MILK-1L,31,28.00,0
2025-12-12,STORE-BLR-02,SKU-MILK-1L,38,28.00,1
2025-12-13,STORE-BLR-02,SKU-MILK-1L,30,28.00,0
2025-12-14,STORE-BLR-02,SKU-MILK-1L,39,28.00,0
2025-12-15,STORE-BLR-02,SKU-MILK-1L,18,28.00,0
2025-12-16,STORE-BLR-02,SKU-MILK-1L,28,28.00,0
2025-12-17,STORE-BLR-02,SKU-MILK-1L,38,28.00,0
2025-12-18,STORE-BLR-02,SKU-MILK-1L,30,28.00,0
2025-12-19,STORE-BLR-02,SKU-MILK-1L,40,28.00,0
2025-12-20,STORE-BLR-02,SKU-MILK-1L,20,28.00,0
2025-12-21,STORE-BLR-02,SKU-MILK-1L,28,28.00,0
2025-12-22,STORE-BLR-02,SKU-MILK-1L,35,28.00,0
2025-12-23,STORE-BLR-02,SKU-MILK-1L,23,28.00,0
2025-12-24,STORE-BLR-02,SKU-MILK-1L,30,28.00,0
2025-12-25,STORE-BLR-02,SKU-MILK-1L,27,28.00,0
2025-12-26,STORE-BLR-02,SKU-MILK-1L,29,28.00,0
2025-12-27,STORE-BLR-02,SKU-MILK-1L,29,28.00,0
2025-12-28,STORE-BLR-02,SKU-MILK-1L,32,28.00,0
2025-12-29,STORE-BLR-02,SKU-MILK-1L,0,28.00,0
2025-12-30,STORE-BLR-02,SKU-MILK-1L,52,28.00,0
2024-01-01,STORE-BLR-02,SKU-BREAD-400,0,35.00,0
2024-01-02,STORE-BLR-02,SKU-BREAD-400,27,35.00,0
2024-01-03,STORE-BLR-02,SKU-BREAD-400,19,35.00,0
2024-01-04,STORE-BLR-02,SKU-BREAD-400,22,35.00,0
2024-01-05,STORE-BLR-02,SKU-BREAD-400,15,35.00,0
2024-01-06,STORE-BLR-02,SKU-BREAD-400,20,35.00,0
2024-01-07,STORE-BLR-02,SKU-BREAD-400,13,35.00,0
2024-01-08,STORE-BLR-02,SKU-BREAD-400,13,35.00,0
2024-01-09,STORE-BLR-02,SKU-BREAD-400,8,35.00,0
2024-01-10,STORE-BLR-02,SKU-BREAD-400,28,35.00,0
2024-01-11,STORE-BLR-02,SKU-BREAD-400,25,35.00,0
2024-01-12,STORE-BLR-02,SKU-BREAD-400,26,35.00,0
2024-01-13,STORE-BLR-02,SKU-BREAD-400,41,35.00,0
2024-01-14,STORE-BLR-02,SKU-BREAD-400,42,35.00,0
2024-01-15,STORE-BLR-02,SKU-BREAD-400,23,35.00,0
2024-01-16,STORE-BLR-02,SKU-BREAD-400,0,35.00,0
2024-01-17,STORE-BLR-02,SKU-BREAD-400,21,35.00,0
2024-01-18,STORE-BLR-02,SKU-BREAD-400,18,35.00,0
2024-01-19,STORE-BLR-02,SKU-BREAD-400,22,35.00,0
2024-01-20,STORE-BLR-02,SKU-BREAD-400,37,35.00,0
2024-01-21,STORE-BLR-02,SKU-BREAD-400,41,35.00,0
2024-01-22,STORE-BLR-02,SKU-BREAD-400,15,35.00,0
2024-01-23,STORE-BLR-02,SKU-BREAD-400,19,35.00,0
2024-01-24,STORE-BLR-02,SKU-BREAD-400,20,35.00,0
2024-01-25,STORE-BLR-02,SKU-BREAD-400,41,35.00,0
2024-01-26,STORE-BLR-02,SKU-BREAD-400,18,35.00,0
2024-01-27,STORE-BLR-02,SKU-BREAD-400,45,35.00,0
2024-01-28,STORE-BLR-02,SKU-BREAD-400,16,35.00,0
2024-01-29,STORE-BLR-02,SKU-BREAD-400,16,35.00,0
2024-01-30,STORE-BLR-02,SKU-BREAD-400,19,35.00,0
2024-01-31,STORE-BLR-02,SKU-BREAD-400,19,35.00,0
2024-02-01,STORE-BLR-02,SKU-BREAD-400,27,35.00,0
2024-02-02,STORE-BLR-02,SKU-BREAD-400,18,35.00,0
2024-02-03,STORE-BLR-02,SKU-BREAD-400,10,35.00,0
2024-02-04,STORE-BLR-02,SKU-BREAD-400,25,35.00,0
2024-02-05,STORE-BLR-02,SKU-BREAD-400,27,35.00,0
2024-02-06,STORE-BLR-02,SKU-BREAD-400,13,35.00,0
2024-02-07,STORE-BLR-02,SKU-BREAD-400,24,35.00,0
2024-02-08,STORE-BLR-02,SKU-BREAD-400,29,35.00,0
2024-02-09,STORE-BLR-02,SKU-BREAD-400,19,35.00,0
2024-02-10,STORE-BLR-02,SKU-BREAD-400,28,35.00,0
2024-02-11,STORE-BLR-02,SKU-BREAD-400,14,35.00,0
2024-02-12,STORE-BLR-02,SKU-BREAD-400,12,35.00,0
2024-02-13,STORE-BLR-02,SKU-BREAD-400,33,35.00,0
2024-02-14,STORE-BLR-02,SKU-BREAD-400,18,35.00,0
2024-02-15,STORE-BLR-02,SKU-BREAD-400,43,35.00,0
2024-02-16,STORE-BLR-02,SKU-BREAD-400,26,35.00,0
2024-02-17,STORE-BLR-02,SKU-BREAD-400,17,35.00,0
2024-02-18,STORE-BLR-02,SKU-BREAD-400,22,35.00,0
2024-02-19,STORE-BLR-02,SKU-BREAD-400,23,35.00,0
2024-02-20,STORE-BLR-02,SKU-BREAD-400,16,35.00,0
2024-02-21,STORE-BLR-02,SKU-BREAD-400,22,35.00,0
2024-02-22,STORE-BLR-02,SKU-BREAD-400,43,35.00,0
2024-02-23,STORE-BLR-02,SKU-BREAD-400,5,35.00,0
2024-02-24,STORE-BLR-02,SKU-BREAD-400,29,35.00,0
2024-02-25,STORE-BLR-02,SKU-BREAD-400,0,35.00,0
2024-02-26,STORE-BLR-02,SKU-BREAD-400,23,35.00,0
2024-02-27,STORE-BLR-02,SKU-BREAD-400,22,35.00,0
2024-02-28,STORE-BLR-02,SKU-BREAD-400,18,35.00,0
2024-02-29,STORE-BLR-02,SKU-BREAD-400,31,35.00,0
2024-03-01,STORE-BLR-02,SKU-BREAD-400,29,35.00,0
2024-03-02,STORE-BLR-02,SKU-BREAD-400,30,35.00,0
2024-03-03,STORE-BLR-02,SKU-BREAD-400,40,35.00,0
2024-03-04,STORE-BLR-02,SKU-BREAD-400,26,35.00,0
2024-03-05,STORE-BLR-02,SKU-BREAD-400,28,35.00,0
2024-03-06,STORE-BLR-02,SKU-BREAD-400,38,35.00,0
2024-03-07,STORE-BLR-02,SKU-BREAD-400,23,35.00,0
2024-03-08,STORE-BLR-02,SKU-BREAD-400,45,35.00,1
2024-03-09,STORE-BLR-02,SKU-BREAD-400,22,35.00,0
2024-03-10,STORE-BLR-02,SKU-BREAD-400,36,35.00,0
2024-03-11,STORE-BLR-02,SKU-BREAD-400,15,35.00,0
2024-03-12,STORE-BLR-02,SKU-BREAD-400,42,35.00,1
2024-03-13,STORE-BLR-02,SKU-BREAD-400,32,35.00,0
2024-03-14,STORE-BLR-02,SKU-BREAD-400,24,35.00,0
2024-03-15,STORE-BLR-02,SKU-BREAD-400,32,35.00,0
2024-03-16,STORE-BLR-02,SKU-BREAD-400,32,35.00,0
2024-03-17,STORE-BLR-02,SKU-BREAD-400,20,35.00,0
2024-03-18,STORE-BLR-02,SKU-BREAD-400,46,35.00,1
2024-03-19,STORE-BLR-02,SKU-BREAD-400,32,35.00,0
2024-03-20,STORE-BLR-02,SKU-BREAD-400,11,35.00,0
2024-03-21,STORE-BLR-02,SKU-BREAD-400,23,35.00,0
2024-03-22,STORE-BLR-02,SKU-BREAD-400,24,35.00,0
2024-03-23,STORE-BLR-02,SKU-BREAD-400,34,35.00,0
2024-03-24,STORE-BLR-02,SKU-BREAD-400,67,35.00,0
2024-03-25,STORE-BLR-02,SKU-BREAD-400,49,35.00,0
2024-03-26,STORE-BLR-02,SKU-BREAD-400,35,35.00,0
2024-03-27,STORE-BLR-02,SKU-BREAD-400,60,35.00,0
2024-03-28,STORE-BLR-02,SKU-BREAD-400,33,35.00,0
2024-03-29,STORE-BLR-02,SKU-BREAD-400,30,35.00,0
2024-03-30,STORE-BLR-02,SKU-BREAD-400,34,35.00,0
2024-03-31,STORE-BLR-02,SKU-BREAD-400,21,35.00,0
2024-04-01,STORE-BLR-02,SKU-BREAD-400,14,35.00,0
2024-04-02,STORE-BLR-02,SKU-BREAD-400,20,35.00,0
2024-04-03,STORE-BLR-02,SKU-BREAD-400,19,35.00,0
2024-04-04,STORE-BLR-02,SKU-BREAD-400,45,35.00,1
2024-04-05,STORE-BLR-02,SKU-BREAD-400,26,35.00,0
2024-04-06,STORE-BLR-02,SKU-BREAD-400,25,35.00,0
2024-04-07,STORE-BLR-02,SKU-BREAD-400,51,35.00,0
2024-04-08,STORE-BLR-02,SKU-BREAD-400,25,35.00,0
2024-04-09,STORE-BLR-02,SKU-BREAD-400,16,35.00,0
2024-04-10,STORE-BLR-02,SKU-BREAD-400,26,35.00,0
2024-04-11,STORE-BLR-02,SKU-BREAD-400,25,35.00,0
2024-04-12,STORE-BLR-02,SKU-BREAD-400,22,35.00,0
2024-04-13,STORE-BLR-02,SKU-BREAD-400,29,35.00,0
2024-04-14,STORE-BLR-02,SKU-BREAD-400,33,35.00,0
2024-04-15,STORE-BLR-02,SKU-BREAD-400,29,35.00,0
2024-04-16,STORE-BLR-02,SKU-BREAD-400,18,35.00,0
2024-04-17,STORE-BLR-02,SKU-BREAD-400,22,35.00,0
2024-04-18,STORE-BLR-02,SKU-BREAD-400,26,35.00,0
2024-04-19,STORE-BLR-02,SKU-BREAD-400,21,35.00,1
2024-04-20,STORE-BLR-02,SKU-BREAD-400,35,35.00,0
2024-04-21,STORE-BLR-02,SKU-BREAD-400,44,35.00,0
2024-04-22,STORE-BLR-02,SKU-BREAD-400,20,35.00,0
2024-04-23,STORE-BLR-02,SKU-BREAD-400,17,35.00,0
2024-04-24,STORE-BLR-02,SKU-BREAD-400,18,35.00,0
2024-04-25,STORE-BLR-02,SKU-BREAD-400,14,35.00,0
2024-04-26,STORE-BLR-02,SKU-BREAD-400,24,35.00,0
2024-04-27,STORE-BLR-02,SKU-BREAD-400,30,35.00,0
2024-04-28,STORE-BLR-02,SKU-BREAD-400,32,35.00,0
2024-04-29,STORE-BLR-02,SKU-BREAD-400,44,35.00,1
2024-04-30,STORE-BLR-02,SKU-BREAD-400,18,35.00,0
2024-05-01,STORE-BLR-02,SKU-BREAD-400,23,35.00,0
2024-05-02,STORE-BLR-02,SKU-BREAD-400,34,35.00,0
2024-05-03,STORE-BLR-02,SKU-BREAD-400,19,35.00,0
2024-05-04,STORE-BLR-02,SKU-BREAD-400,23,35.00,0
2024-05-05,STORE-BLR-02,SKU-BREAD-400,38,35.00,0
2024-05-06,STORE-BLR-02,SKU-BREAD-400,35,35.00,0
2024-05-07,STORE-BLR-02,SKU-BREAD-400,19,35.00,0
2024-05-08,STORE-BLR-02,SKU-BREAD-400,26,35.00,0
2024-05-09,STORE-BLR-02,SKU-BREAD-400,31,35.00,0
2024-05-10,STORE-BLR-02,SKU-BREAD-400,20,35.00,0
2024-05-11,STORE-BLR-02,SKU-BREAD-400,20,35.00,0
2024-05-12,STORE-BLR-02,SKU-BREAD-400,16,35.00,0
2024-05-13,STORE-BLR-02,SKU-BREAD-400,13,35.00,0
2024-05-14,STORE-BLR-02,SKU-BREAD-400,15,35.00,0
2024-05-15,STORE-BLR-02,SKU-BREAD-400,28,35.00,0
2024-05-16,STORE-BLR-02,SKU-BREAD-400,25,35.00,0
2024-05-17,STORE-BLR-02,SKU-BREAD-400,38,35.00,0
2024-05-18,STORE-BLR-02,SKU-BREAD-400,45,35.00,1
2024-05-19,STORE-BLR-02,SKU-BREAD-400,31,35.00,0
2024-05-20,STORE-BLR-02,SKU-BREAD-400,21,35.00,0
2024-05-21,STORE-BLR-02,SKU-BREAD-400,22,35.00,0
2024-05-22,STORE-BLR-02,SKU-BREAD-400,40,35.00,0
2024-05-23,STORE-BLR-02,SKU-BREAD-400,20,35.00,0
2024-05-24,STORE-BLR-02,SKU-BREAD-400,29,35.00,0
2024-05-25,STORE-BLR-02,SKU-BREAD-400,22,35.00,0
2024-05-26,STORE-BLR-02,SKU-BREAD-400,29,35.00,0
2024-05-27,STORE-BLR-02,SKU-BREAD-400,17,35.00,0
2024-05-28,STORE-BLR-02,SKU-BREAD-400,17,35.00,0
2024-05-29,STORE-BLR-02,SKU-BREAD-400,23,35.00,0
2024-05-30,STORE-BLR-02,SKU-BREAD-400,21,35.00,0
2024-05-31,STORE-BLR-02,SKU-BREAD-400,12,35.00,0
2024-06-01,STORE-BLR-02,SKU-BREAD-400,23,35.00,0
2024-06-02,STORE-BLR-02,SKU-BREAD-400,29,35.00,0
2024-06-03,STORE-BLR-02,SKU-BREAD-400,29,35.00,0
2024-06-04,STORE-BLR-02,SKU-BREAD-400,16,35.00,0
2024-06-05,STORE-BLR-02,SKU-BREAD-400,31,35.00,0
2024-06-06,STORE-BLR-02,SKU-BREAD-400,14,35.00,0
2024-06-07,STORE-BLR-02,SKU-BREAD-400,25,35.00,0
2024-06-08,STORE-BLR-02,SKU-BREAD-400,27,35.00,1
2024-06-09,STORE-BLR-02,SKU-BREAD-400,0,35.00,0
2024-06-10,STORE-BLR-02,SKU-BREAD-400,17,35.00,0
2024-06-11,STORE-BLR-02,SKU-BREAD-400,16,35.00,0
2024-06-12,STORE-BLR-02,SKU-BREAD-400,17,35.00,0
2024-06-13,STORE-BLR-02,SKU-BREAD-400,28,35.00,0
2024-06-14,STORE-BLR-02,SKU-BREAD-400,19,35.00,0
2024-06-15,STORE-BLR-02,SKU-BREAD-400,0,35.00,0
2024-06-16,STORE-BLR-02,SKU-BREAD-400,33,35.00,0
2024-06-17,STORE-BLR-02,SKU-BREAD-400,24,35.00,0
2024-06-18,STORE-BLR-02,SKU-BREAD-400,40,35.00,0
2024-06-19,STORE-BLR-02,SKU-BREAD-400,23,35.00,0
2024-06-20,STORE-BLR-02,SKU-BREAD-400,27,35.00,0
2024-06-21,STORE-BLR-02,SKU-BREAD-400,24,35.00,1
2024-06-22,STORE-BLR-02,SKU-BREAD-400,11,35.00,0
2024-06-23,STORE-BLR-02,SKU-BREAD-400,19,35.00,0
2024-06-24,STORE-BLR-02,SKU-BREAD-400,15,35.00,0
2024-06-25,STORE-BLR-02,SKU-BREAD-400,20,35.00,0
2024-06-26,STORE-BLR-02,SKU-BREAD-400,18,35.00,0
2024-06-27,STORE-BLR-02,SKU-BREAD-400,24,35.00,0
2024-06-28,STORE-BLR-02,SKU-BREAD-400,0,35.00,0
2024-06-29,STORE-BLR-02,SKU-BREAD-400,31,35.00,0
2024-06-30,STORE-BLR-02,SKU-BREAD-400,34,35.00,0
2024-07-01,STORE-BLR-02,SKU-BREAD-400,17,35.00,0
2024-07-02,STORE-BLR-02,SKU-BREAD-400,16,35.00,0
2024-07-03,STORE-BLR-02,SKU-BREAD-400,38,35.00,0
2024-07-04,STORE-BLR-02,SKU-BREAD-400,20,35.00,0
2024-07-05,STORE-BLR-02,SKU-BREAD-400,12,35.00,0
2024-07-06,STORE-BLR-02,SKU-BREAD-400,33,35.00,1
2024-07-07,STORE-BLR-02,SKU-BREAD-400,30,35.00,0
2024-07-08,STORE-BLR-02,SKU-BREAD-400,17,35.00,0
2024-07-09,STORE-BLR-02,SKU-BREAD-400,18,35.00,0
2024-07-10,STORE-BLR-02,SKU-BREAD-400,21,35.00,0
2024-07-11,STORE-BLR-02,SKU-BREAD-400,25,35.00,0
2024-07-12,STORE-BLR-02,SKU-BREAD-400,0,35.00,0
2024-07-13,STORE-BLR-02,SKU-BREAD-400,19,35.00,0
2024-07-14,STORE-BLR-02,SKU-BREAD-400,35,35.00,0
2024-07-15,STORE-BLR-02,SKU-BREAD-400,25,35.00,0
2024-07-16,STORE-BLR-02,SKU-BREAD-400,23,35.00,0
2024-07-17,STORE-BLR-02,SKU-BREAD-400,12,35.00,0
2024-07-18,STORE-BLR-02,SKU-BREAD-400,24,35.00,0
2024-07-19,STORE-BLR-02,SKU-BREAD-400,17,35.00,0
2024-07-20,STORE-BLR-02,SKU-BREAD-400,16,35.00,0
2024-07-21,STORE-BLR-02,SKU-BREAD-400,13,35.00,0
2024-07-22,STORE-BLR-02,SKU-BREAD-400,15,35.00,0
2024-07-23,STORE-BLR-02,SKU-BREAD-400,19,35.00,0
2024-07-24,STORE-BLR-02,SKU-BREAD-400,21,35.00,0
2024-07-25,STORE-BLR-02,SKU-BREAD-400,23,35.00,0
2024-07-26,STORE-BLR-02,SKU-BREAD-400,17,35.00,0
2024-07-27,STORE-BLR-02,SKU-BREAD-400,18,35.00,0
2024-07-28,STORE-BLR-02,SKU-BREAD-400,0,35.00,0
2024-07-29,STORE-BLR-02,SKU-BREAD-400,12,35.00,0
2024-07-30,STORE-BLR-02,SKU-BREAD-400,23,35.00,0
2024-07-31,STORE-BLR-02,SKU-BREAD-400,20,35.00,0
2024-08-01,STORE-BLR-02,SKU-BREAD-400,13,35.00,0
2024-08-02,STORE-BLR-02,SKU-BREAD-400,8,35.00,0
2024-08-03,STORE-BLR-02,SKU-BREAD-400,13,35.00,0
2024-08-04,STORE-BLR-02,SKU-BREAD-400,15,35.00,0
2024-08-05,STORE-BLR-02,SKU-BREAD-400,19,35.00,0
2024-08-06,STORE-BLR-02,SKU-BREAD-400,28,35.00,0
2024-08-07,STORE-BLR-02,SKU-BREAD-400,29,35.00,0
2024-08-08,STORE-BLR-02,SKU-BREAD-400,21,35.00,0
2024-08-09,STORE-BLR-02,SKU-BREAD-400,27,35.00,1
2024-08-10,STORE-BLR-02,SKU-BREAD-400,24,35.00,0
2024-08-11,STORE-BLR-02,SKU-BREAD-400,23,35.00,0
2024-08-12,STORE-BLR-02,SKU-BREAD-400,0,35.00,0
2024-08-13,STORE-BLR-02,SKU-BREAD-400,27,35.00,0
2024-08-14,STORE-BLR-02,SKU-BREAD-400,12,35.00,0
2024-08-15,STORE-BLR-02,SKU-BREAD-400,19,35.00,0
2024-08-16,STORE-BLR-02,SKU-BREAD-400,17,35.00,0
2024-08-17,STORE-BLR-02,SKU-BREAD-400,42,35.00,0
2024-08-18,STORE-BLR-02,SKU-BREAD-400,49,35.00,0
2024-08-19,STORE-BLR-02,SKU-BREAD-400,56,35.00,0
2024-08-20,STORE-BLR-02,SKU-BREAD-400,56,35.00,0
2024-08-21,STORE-BLR-02,SKU-BREAD-400,19,35.00,0
2024-08-22,STORE-BLR-02,SKU-BREAD-400,41,35.00,0
2024-08-23,STORE-BLR-02,SKU-BREAD-400,14,35.00,0
2024-08-24,STORE-BLR-02,SKU-BREAD-400,28,35.00,0
2024-08-25,STORE-BLR-02,SKU-BREAD-400,26,35.00,0
2024-08-26,STORE-BLR-02,SKU-BREAD-400,22,35.00,0
2024-08-27,STORE-BLR-02,SKU-BREAD-400,30,35.00,0
2024-08-28,STORE-BLR-02,SKU-BREAD-400,20,35.00,0
2024-08-29,STORE-BLR-02,SKU-BREAD-400,15,35.00,0
2024-08-30,STORE-BLR-02,SKU-BREAD-400,15,35.00,0
2024-08-31,STORE-BLR-02,SKU-BREAD-400,20,35.00,0
2024-09-01,STORE-BLR-02,SKU-BREAD-400,11,35.00,0
2024-09-02,STORE-BLR-02,SKU-BREAD-400,10,35.00,0
2024-09-03,STORE-BLR-02,SKU-BREAD-400,9,35.00,0
2024-09-04,STORE-BLR-02,SKU-BREAD-400,0,35.00,0
2024-09-05,STORE-BLR-02,SKU-BREAD-400,12,35.00,0
2024-09-06,STORE-BLR-02,SKU-BREAD-400,19,35.00,0
2024-09-07,STORE-BLR-02,SKU-BREAD-400,25,35.00,0
2024-09-08,STORE-BLR-02,SKU-BREAD-400,18,35.00,0
2024-09-09,STORE-BLR-02,SKU-BREAD-400,0,35.00,0
2024-09-10,STORE-BLR-02,SKU-BREAD-400,0,35.00,0
2024-09-11,STORE-BLR-02,SKU-BREAD-400,0,35.00,0
2024-09-12,STORE-BLR-02,SKU-BREAD-400,0,35.00,0
2024-09-13,STORE-BLR-02,SKU-BREAD-400,0,35.00,0
2024-09-14,STORE-BLR-02,SKU-BREAD-400,0,35.00,0
2024-09-15,STORE-BLR-02,SKU-BREAD-400,19,35.00,0
2024-09-16,STORE-BLR-02,SKU-BREAD-400,0,35.00,0
2024-09-17,STORE-BLR-02,SKU-BREAD-400,16,35.00,0
2024-09-18,STORE-BLR-02,SKU-BREAD-400,18,35.00,0
2024-09-19,STORE-BLR-02,SKU-BREAD-400,22,35.00,0
2024-09-20,STORE-BLR-02,SKU-BREAD-400,20,35.00,0
2024-09-21,STORE-BLR-02,SKU-BREAD-400,24,35.00,0
2024-09-22,STORE-BLR-02,SKU-BREAD-400,31,35.00,0
2024-09-23,STORE-BLR-02,SKU-BREAD-400,17,35.00,0
2024-09-24,STORE-BLR-02,SKU-BREAD-400,19,35.00,0
2024-09-25,STORE-BLR-02,SKU-BREAD-400,11,35.00,0
2024-09-26,STORE-BLR-02,SKU-BREAD-400,11,35.00,0
2024-09-27,STORE-BLR-02,SKU-BREAD-400,14,35.00,0
2024-09-28,STORE-BLR-02,SKU-BREAD-400,40,35.00,0
2024-09-29,STORE-BLR-02,SKU-BREAD-400,10,35.00,0
2024-09-30,STORE-BLR-02,SKU-BREAD-400,17,35.00,0
2024-10-01,STORE-BLR-02,SKU-BREAD-400,16,35.00,0
2024-10-02,STORE-BLR-02,SKU-BREAD-400,26,35.00,0
2024-10-03,STORE-BLR-02,SKU-BREAD-400,17,35.00,0
2024-10-04,STORE-BLR-02,SKU-BREAD-400,16,35.00,0
2024-10-05,STORE-BLR-02,SKU-BREAD-400,15,35.00,0
2024-10-06,STORE-BLR-02,SKU-BREAD-400,35,35.00,1
2024-10-07,STORE-BLR-02,SKU-BREAD-400,0,35.00,0
2024-10-08,STORE-BLR-02,SKU-BREAD-400,22,35.00,0
2024-10-09,STORE-BLR-02,SKU-BREAD-400,23,35.00,0
2024-10-10,STORE-BLR-02,SKU-BREAD-400,25,35.00,0
2024-10-11,STORE-BLR-02,SKU-BREAD-400,13,35.00,0
2024-10-12,STORE-BLR-02,SKU-BREAD-400,36,35.00,0
2024-10-13,STORE-BLR-02,SKU-BREAD-400,23,35.00,0
2024-10-14,STORE-BLR-02,SKU-BREAD-400,29,35.00,0
2024-10-15,STORE-BLR-02,SKU-BREAD-400,14,35.00,0
2024-10-16,STORE-BLR-02,SKU-BREAD-400,25,35.00,1
2024-10-17,STORE-BLR-02,SKU-BREAD-400,15,35.00,0
2024-10-18,STORE-BLR-02,SKU-BREAD-400,19,35.00,0
2024-10-19,STORE-BLR-02,SKU-BREAD-400,11,35.00,0
2024-10-20,STORE-BLR-02,SKU-BREAD-400,17,35.00,0
2024-10-21,STORE-BLR-02,SKU-BREAD-400,25,35.00,0
2024-10-22,STORE-BLR-02,SKU-BREAD-400,19,35.00,0
2024-10-23,STORE-BLR-02,SKU-BREAD-400,14,35.00,0
2024-10-24,STORE-BLR-02,SKU-BREAD-400,14,35.00,0
2024-10-25,STORE-BLR-02,SKU-BREAD-400,33,35.00,0
2024-10-26,STORE-BLR-02,SKU-BREAD-400,29,35.00,0
2024-10-27,STORE-BLR-02,SKU-BREAD-400,18,35.00,0
2024-10-28,STORE-BLR-02,SKU-BREAD-400,35,35.00,0
2024-10-29,STORE-BLR-02,SKU-BREAD-400,42,35.00,0
2024-10-30,STORE-BLR-02,SKU-BREAD-400,30,35.00,0
2024-10-31,STORE-BLR-02,SKU-BREAD-400,75,35.00,0
2024-11-01,STORE-BLR-02,SKU-BREAD-400,73,35.00,0
2024-11-02,STORE-BLR-02,SKU-BREAD-400,39,35.00,0
2024-11-03,STORE-BLR-02,SKU-BREAD-400,45,35.00,0
2024-11-04,STORE-BLR-02,SKU-BREAD-400,24,35.00,1
2024-11-05,STORE-BLR-02,SKU-BREAD-400,19,35.00,0
2024-11-06,STORE-BLR-02,SKU-BREAD-400,10,35.00,0
2024-11-07,STORE-BLR-02,SKU-BREAD-400,26,35.00,0
2024-11-08,STORE-BLR-02,SKU-BREAD-400,24,35.00,0
2024-11-09,STORE-BLR-02,SKU-BREAD-400,20,35.00,0
2024-11-10,STORE-BLR-02,SKU-BREAD-400,21,35.00,0
2024-11-11,STORE-BLR-02,SKU-BREAD-400,24,35.00,0
2024-11-12,STORE-BLR-02,SKU-BREAD-400,17,35.00,0
2024-11-13,STORE-BLR-02,SKU-BREAD-400,12,35.00,0
2024-11-14,STORE-BLR-02,SKU-BREAD-400,14,35.00,0
2024-11-15,STORE-BLR-02,SKU-BREAD-400,16,35.00,0
2024-11-16,STORE-BLR-02,SKU-BREAD-400,14,35.00,0
2024-11-17,STORE-BLR-02,SKU-BREAD-400,23,35.00,0
2024-11-18,STORE-BLR-02,SKU-BREAD-400,20,35.00,0
2024-11-19,STORE-BLR-02,SKU-BREAD-400,17,35.00,0
2024-11-20,STORE-BLR-02,SKU-BREAD-400,26,35.00,0
2024-11-21,STORE-BLR-02,SKU-BREAD-400,19,35.00,0
2024-11-22,STORE-BLR-02,SKU-BREAD-400,22,35.00,0
2024-11-23,STORE-BLR-02,SKU-BREAD-400,18,35.00,0
2024-11-24,STORE-BLR-02,SKU-BREAD-400,24,35.00,0
2024-11-25,STORE-BLR-02,SKU-BREAD-400,19,35.00,0
2024-11-26,STORE-BLR-02,SKU-BREAD-400,24,35.00,0
2024-11-27,STORE-BLR-02,SKU-BREAD-400,36,35.00,0
2024-11-28,STORE-BLR-02,SKU-BREAD-400,16,35.00,0
2024-11-29,STORE-BLR-02,SKU-BREAD-400,24,35.00,0
2024-11-30,STORE-BLR-02,SKU-BREAD-400,20,35.00,1
2024-12-01,STORE-BLR-02,SKU-BREAD-400,34,35.00,0
2024-12-02,STORE-BLR-02,SKU-BREAD-400,21,35.00,0
2024-12-03,STORE-BLR-02,SKU-BREAD-400,30,35.00,1
2024-12-04,STORE-BLR-02,SKU-BREAD-400,22,35.00,1
2024-12-05,STORE-BLR-02,SKU-BREAD-400,23,35.00,0
2024-12-06,STORE-BLR-02,SKU-BREAD-400,28,35.00,0
2024-12-07,STORE-BLR-02,SKU-BREAD-400,35,35.00,0
2024-12-08,STORE-BLR-02,SKU-BREAD-400,29,35.00,0
2024-12-09,STORE-BLR-02,SKU-BREAD-400,18,35.00,1
2024-12-10,STORE-BLR-02,SKU-BREAD-400,17,35.00,0
2024-12-11,STORE-BLR-02,SKU-BREAD-400,17,35.00,0
2024-12-12,STORE-BLR-02,SKU-BREAD-400,33,35.00,0
2024-12-13,STORE-BLR-02,SKU-BREAD-400,0,35.00,0
2024-12-14,STORE-BLR-02,SKU-BREAD-400,31,35.00,0
2024-12-15,STORE-BLR-02,SKU-BREAD-400,43,35.00,0
2024-12-16,STORE-BLR-02,SKU-BREAD-400,16,35.00,0
2024-12-17,STORE-BLR-02,SKU-BREAD-400,20,35.00,0
2024-12-18,STORE-BLR-02,SKU-BREAD-400,12,35.00,0
2024-12-19,STORE-BLR-02,SKU-BREAD-400,19,35.00,0
2024-12-20,STORE-BLR-02,SKU-BREAD-400,17,35.00,0
2024-12-21,STORE-BLR-02,SKU-BREAD-400,25,35.00,0
2024-12-22,STORE-BLR-02,SKU-BREAD-400,20,35.00,0
2024-12-23,STORE-BLR-02,SKU-BREAD-400,23,35.00,0
2024-12-24,STORE-BLR-02,SKU-BREAD-400,23,35.00,0
2024-12-25,STORE-BLR-02,SKU-BREAD-400,20,35.00,1
2024-12-26,STORE-BLR-02,SKU-BREAD-400,27,35.00,0
2024-12-27,STORE-BLR-02,SKU-BREAD-400,16,35.00,0
2024-12-28,STORE-BLR-02,SKU-BREAD-400,50,35.00,0
2024-12-29,STORE-BLR-02,SKU-BREAD-400,46,35.00,0
2024-12-30,STORE-BLR-02,SKU-BREAD-400,23,35.00,0
2024-12-31,STORE-BLR-02,SKU-BREAD-400,19,35.00,0
2025-01-01,STORE-BLR-02,SKU-BREAD-400,20,35.00,0
2025-01-02,STORE-BLR-02,SKU-BREAD-400,13,35.00,0
2025-01-03,STORE-BLR-02,SKU-BREAD-400,19,35.00,0
2025-01-04,STORE-BLR-02,SKU-BREAD-400,31,35.00,0
2025-01-05,STORE-BLR-02,SKU-BREAD-400,49,35.00,0
2025-01-06,STORE-BLR-02,SKU-BREAD-400,27,35.00,0
2025-01-07,STORE-BLR-02,SKU-BREAD-400,26,35.00,0
2025-01-08,STORE-BLR-02,SKU-BREAD-400,32,35.00,0
2025-01-09,STORE-BLR-02,SKU-BREAD-400,20,35.00,0
2025-01-10,STORE-BLR-02,SKU-BREAD-400,20,35.00,0
2025-01-11,STORE-BLR-02,SKU-BREAD-400,19,35.00,0
2025-01-12,STORE-BLR-02,SKU-BREAD-400,25,35.00,0
2025-01-13,STORE-BLR-02,SKU-BREAD-400,21,35.00,0
2025-01-14,STORE-BLR-02,SKU-BREAD-400,26,35.00,0
2025-01-15,STORE-BLR-02,SKU-BREAD-400,20,35.00,0
2025-01-16,STORE-BLR-02,SKU-BREAD-400,11,35.00,0
2025-01-17,STORE-BLR-02,SKU-BREAD-400,0,35.00,0
2025-01-18,STORE-BLR-02,SKU-BREAD-400,21,35.00,0
2025-01-19,STORE-BLR-02,SKU-BREAD-400,25,35.00,0
2025-01-20,STORE-BLR-02,SKU-BREAD-400,23,35.00,1
2025-01-21,STORE-BLR-02,SKU-BREAD-400,25,35.00,0
2025-01-22,STORE-BLR-02,SKU-BREAD-400,12,35.00,0
2025-01-23,STORE-BLR-02,SKU-BREAD-400,34,35.00,0
2025-01-24,STORE-BLR-02,SKU-BREAD-400,20,35.00,0
2025-01-25,STORE-BLR-02,SKU-BREAD-400,28,35.00,0
2025-01-26,STORE-BLR-02,SKU-BREAD-400,28,35.00,0
2025-01-27,STORE-BLR-02,SKU-BREAD-400,20,35.00,0
2025-01-28,STORE-BLR-02,SKU-BREAD-400,24,35.00,0
2025-01-29,STORE-BLR-02,SKU-BREAD-400,21,35.00,0
2025-01-30,STORE-BLR-02,SKU-BREAD-400,26,35.00,0
2025-01-31,STORE-BLR-02,SKU-BREAD-400,26,35.00,1
2025-02-01,STORE-BLR-02,SKU-BREAD-400,35,35.00,0
2025-02-02,STORE-BLR-02,SKU-BREAD-400,18,35.00,0
2025-02-03,STORE-BLR-02,SKU-BREAD-400,22,35.00,0
2025-02-04,STORE-BLR-02,SKU-BREAD-400,23,35.00,0
2025-02-05,STORE-BLR-02,SKU-BREAD-400,21,35.00,0
2025-02-06,STORE-BLR-02,SKU-BREAD-400,19,35.00,1
2025-02-07,STORE-BLR-02,SKU-BREAD-400,58,35.00,0
2025-02-08,STORE-BLR-02,SKU-BREAD-400,29,35.00,0
2025-02-09,STORE-BLR-02,SKU-BREAD-400,16,35.00,0
2025-02-10,STORE-BLR-02,SKU-BREAD-400,0,35.00,0
2025-02-11,STORE-BLR-02,SKU-BREAD-400,13,35.00,0
2025-02-12,STORE-BLR-02,SKU-BREAD-400,31,35.00,0
2025-02-13,STORE-BLR-02,SKU-BREAD-400,52,35.00,0
2025-02-14,STORE-BLR-02,SKU-BREAD-400,25,35.00,0
2025-02-15,STORE-BLR-02,SKU-BREAD-400,0,35.00,0
2025-02-16,STORE-BLR-02,SKU-BREAD-400,32,35.00,0
2025-02-17,STORE-BLR-02,SKU-BREAD-400,22,35.00,0
2025-02-18,STORE-BLR-02,SKU-BREAD-400,21,35.00,0
2025-02-19,STORE-BLR-02,SKU-BREAD-400,27,35.00,0
2025-02-20,STORE-BLR-02,SKU-BREAD-400,23,35.00,0
2025-02-21,STORE-BLR-02,SKU-BREAD-400,20,35.00,0
2025-02-22,STORE-BLR-02,SKU-BREAD-400,31,35.00,0
2025-02-23,STORE-BLR-02,SKU-BREAD-400,25,35.00,0
2025-02-24,STORE-BLR-02,SKU-BREAD-400,18,35.00,0
2025-02-25,STORE-BLR-02,SKU-BREAD-400,16,35.00,0
2025-02-26,STORE-BLR-02,SKU-BREAD-400,15,35.00,0
2025-02-27,STORE-BLR-02,SKU-BREAD-400,26,35.00,0
2025-02-28,STORE-BLR-02,SKU-BREAD-400,21,35.00,0
2025-03-01,STORE-BLR-02,SKU-BREAD-400,19,35.00,0
2025-03-02,STORE-BLR-02,SKU-BREAD-400,13,35.00,0
2025-03-03,STORE-BLR-02,SKU-BREAD-400,19,35.00,0
2025-03-04,STORE-BLR-02,SKU-BREAD-400,12,35.00,0
2025-03-05,STORE-BLR-02,SKU-BREAD-400,18,35.00,0
2025-03-06,STORE-BLR-02,SKU-BREAD-400,31,35.00,0
2025-03-07,STORE-BLR-02,SKU-BREAD-400,23,35.00,0
2025-03-08,STORE-BLR-02,SKU-BREAD-400,21,35.00,0
2025-03-09,STORE-BLR-02,SKU-BREAD-400,26,35.00,0
2025-03-10,STORE-BLR-02,SKU-BREAD-400,29,35.00,0
2025-03-11,STORE-BLR-02,SKU-BREAD-400,21,35.00,0
2025-03-12,STORE-BLR-02,SKU-BREAD-400,36,35.00,0
2025-03-13,STORE-BLR-02,SKU-BREAD-400,49,35.00,0
2025-03-14,STORE-BLR-02,SKU-BREAD-400,39,35.00,0
2025-03-15,STORE-BLR-02,SKU-BREAD-400,58,35.00,0
2025-03-16,STORE-BLR-02,SKU-BREAD-400,54,35.00,0
2025-03-17,STORE-BLR-02,SKU-BREAD-400,25,35.00,0
2025-03-18,STORE-BLR-02,SKU-BREAD-400,25,35.00,0
2025-03-19,STORE-BLR-02,SKU-BREAD-400,13,35.00,0
2025-03-20,STORE-BLR-02,SKU-BREAD-400,24,35.00,0
2025-03-21,STORE-BLR-02,SKU-BREAD-400,14,35.00,0
2025-03-22,STORE-BLR-02,SKU-BREAD-400,29,35.00,0
2025-03-23,STORE-BLR-02,SKU-BREAD-400,39,35.00,0
2025-03-24,STORE-BLR-02,SKU-BREAD-400,46,35.00,0
2025-03-25,STORE-BLR-02,SKU-BREAD-400,13,35.00,0
2025-03-26,STORE-BLR-02,SKU-BREAD-400,25,35.00,0
2025-03-27,STORE-BLR-02,SKU-BREAD-400,29,35.00,0
2025-03-28,STORE-BLR-02,SKU-BREAD-400,24,35.00,0
2025-03-29,STORE-BLR-02,SKU-BREAD-400,40,35.00,0
2025-03-30,STORE-BLR-02,SKU-BREAD-400,24,35.00,0
2025-03-31,STORE-BLR-02,SKU-BREAD-400,29,35.00,0
2025-04-01,STORE-BLR-02,SKU-BREAD-400,18,35.00,0
2025-04-02,STORE-BLR-02,SKU-BREAD-400,25,35.00,0
2025-04-03,STORE-BLR-02,SKU-BREAD-400,10,35.00,0
2025-04-04,STORE-BLR-02,SKU-BREAD-400,17,35.00,0
2025-04-05,STORE-BLR-02,SKU-BREAD-400,23,35.00,0
2025-04-06,STORE-BLR-02,SKU-BREAD-400,24,35.00,0
2025-04-07,STORE-BLR-02,SKU-BREAD-400,23,35.00,0
2025-04-08,STORE-BLR-02,SKU-BREAD-400,27,35.00,0
2025-04-09,STORE-BLR-02,SKU-BREAD-400,24,35.00,0
2025-04-10,STORE-BLR-02,SKU-BREAD-400,0,35.00,0
2025-04-11,STORE-BLR-02,SKU-BREAD-400,24,35.00,0
2025-04-12,STORE-BLR-02,SKU-BREAD-400,37,35.00,0
2025-04-13,STORE-BLR-02,SKU-BREAD-400,22,35.00,0
2025-04-14,STORE-BLR-02,SKU-BREAD-400,29,35.00,0
2025-04-15,STORE-BLR-02,SKU-BREAD-400,17,35.00,0
2025-04-16,STORE-BLR-02,SKU-BREAD-400,14,35.00,0
2025-04-17,STORE-BLR-02,SKU-BREAD-400,24,35.00,0
2025-04-18,STORE-BLR-02,SKU-BREAD-400,12,35.00,1
2025-04-19,STORE-BLR-02,SKU-BREAD-400,22,35.00,0
2025-04-20,STORE-BLR-02,SKU-BREAD-400,32,35.00,0
2025-04-21,STORE-BLR-02,SKU-BREAD-400,25,35.00,0
2025-04-22,STORE-BLR-02,SKU-BREAD-400,17,35.00,0
2025-04-23,STORE-BLR-02,SKU-BREAD-400,17,35.00,0
2025-04-24,STORE-BLR-02,SKU-BREAD-400,27,35.00,0
2025-04-25,STORE-BLR-02,SKU-BREAD-400,43,35.00,0
2025-04-26,STORE-BLR-02,SKU-BREAD-400,53,35.00,1
2025-04-27,STORE-BLR-02,SKU-BREAD-400,34,35.00,0
2025-04-28,STORE-BLR-02,SKU-BREAD-400,19,35.00,0
2025-04-29,STORE-BLR-02,SKU-BREAD-400,27,35.00,0
2025-04-30,STORE-BLR-02,SKU-BREAD-400,19,35.00,0
2025-05-01,STORE-BLR-02,SKU-BREAD-400,23,35.00,0
2025-05-02,STORE-BLR-02,SKU-BREAD-400,18,35.00,1
2025-05-03,STORE-BLR-02,SKU-BREAD-400,18,35.00,0
2025-05-04,STORE-BLR-02,SKU-BREAD-400,30,35.00,0
2025-05-05,STORE-BLR-02,SKU-BREAD-400,30,35.00,0
2025-05-06,STORE-BLR-02,SKU-BREAD-400,18,35.00,0
2025-05-07,STORE-BLR-02,SKU-BREAD-400,27,35.00,1
2025-05-08,STORE-BLR-02,SKU-BREAD-400,25,35.00,0
2025-05-09,STORE-BLR-02,SKU-BREAD-400,19,35.00,0
2025-05-10,STORE-BLR-02,SKU-BREAD-400,21,35.00,0
2025-05-11,STORE-BLR-02,SKU-BREAD-400,26,35.00,0
2025-05-12,STORE-BLR-02,SKU-BREAD-400,26,35.00,1
2025-05-13,STORE-BLR-02,SKU-BREAD-400,34,35.00,0
2025-05-14,STORE-BLR-02,SKU-BREAD-400,11,35.00,0
2025-05-15,STORE-BLR-02,SKU-BREAD-400,38,35.00,1
2025-05-16,STORE-BLR-02,SKU-BREAD-400,30,35.00,0
2025-05-17,STORE-BLR-02,SKU-BREAD-400,30,35.00,0
2025-05-18,STORE-BLR-02,SKU-BREAD-400,30,35.00,1
2025-05-19,STORE-BLR-02,SKU-BREAD-400,44,35.00,0
2025-05-20,STORE-BLR-02,SKU-BREAD-400,38,35.00,0
2025-05-21,STORE-BLR-02,SKU-BREAD-400,27,35.00,0
2025-05-22,STORE-BLR-02,SKU-BREAD-400,33,35.00,0
2025-05-23,STORE-BLR-02,SKU-BREAD-400,19,35.00,0
2025-05-24,STORE-BLR-02,SKU-BREAD-400,38,35.00,0
2025-05-25,STORE-BLR-02,SKU-BREAD-400,27,35.00,0
2025-05-26,STORE-BLR-02,SKU-BREAD-400,29,35.00,0
2025-05-27,STORE-BLR-02,SKU-BREAD-400,20,35.00,0
2025-05-28,STORE-BLR-02,SKU-BREAD-400,19,35.00,0
2025-05-29,STORE-BLR-02,SKU-BREAD-400,27,35.00,0
2025-05-30,STORE-BLR-02,SKU-BREAD-400,23,35.00,0
2025-05-31,STORE-BLR-02,SKU-BREAD-400,33,35.00,0
2025-06-01,STORE-BLR-02,SKU-BREAD-400,28,35.00,0
2025-06-02,STORE-BLR-02,SKU-BREAD-400,34,35.00,0
2025-06-03,STORE-BLR-02,SKU-BREAD-400,22,35.00,0
2025-06-04,STORE-BLR-02,SKU-BREAD-400,20,35.00,0
2025-06-05,STORE-BLR-02,SKU-BREAD-400,28,35.00,0
2025-06-06,STORE-BLR-02,SKU-BREAD-400,31,35.00,0
2025-06-07,STORE-BLR-02,SKU-BREAD-400,0,35.00,0
2025-06-08,STORE-BLR-02,SKU-BREAD-400,22,35.00,0
2025-06-09,STORE-BLR-02,SKU-BREAD-400,30,35.00,0
2025-06-10,STORE-BLR-02,SKU-BREAD-400,25,35.00,0
2025-06-11,STORE-BLR-02,SKU-BREAD-400,24,35.00,0
2025-06-12,STORE-BLR-02,SKU-BREAD-400,33,35.00,0
2025-06-13,STORE-BLR-02,SKU-BREAD-400,32,35.00,0
2025-06-14,STORE-BLR-02,SKU-BREAD-400,21,35.00,0
2025-06-15,STORE-BLR-02,SKU-BREAD-400,40,35.00,0
2025-06-16,STORE-BLR-02,SKU-BREAD-400,13,35.00,0
2025-06-17,STORE-BLR-02,SKU-BREAD-400,28,35.00,0
2025-06-18,STORE-BLR-02,SKU-BREAD-400,19,35.00,0
2025-06-19,STORE-BLR-02,SKU-BREAD-400,19,35.00,0
2025-06-20,STORE-BLR-02,SKU-BREAD-400,20,35.00,0
2025-06-21,STORE-BLR-02,SKU-BREAD-400,34,35.00,0
2025-06-22,STORE-BLR-02,SKU-BREAD-400,30,35.00,0
2025-06-23,STORE-BLR-02,SKU-BREAD-400,30,35.00,0
2025-06-24,STORE-BLR-02,SKU-BREAD-400,14,35.00,0
2025-06-25,STORE-BLR-02,SKU-BREAD-400,19,35.00,0
2025-06-26,STORE-BLR-02,SKU-BREAD-400,43,35.00,0
2025-06-27,STORE-BLR-02,SKU-BREAD-400,24,35.00,1
2025-06-28,STORE-BLR-02,SKU-BREAD-400,11,35.00,0
2025-06-29,STORE-BLR-02,SKU-BREAD-400,27,35.00,0
2025-06-30,STORE-BLR-02,SKU-BREAD-400,18,35.00,0
2025-07-01,STORE-BLR-02,SKU-BREAD-400,18,35.00,0
2025-07-02,STORE-BLR-02,SKU-BREAD-400,25,35.00,0
2025-07-03,STORE-BLR-02,SKU-BREAD-400,22,35.00,0
2025-07-04,STORE-BLR-02,SKU-BREAD-400,44,35.00,1
2025-07-05,STORE-BLR-02,SKU-BREAD-400,18,35.00,0
2025-07-06,STORE-BLR-02,SKU-BREAD-400,39,35.00,0
2025-07-07,STORE-BLR-02,SKU-BREAD-400,25,35.00,0
2025-07-08,STORE-BLR-02,SKU-BREAD-400,19,35.00,0
2025-07-09,STORE-BLR-02,SKU-BREAD-400,20,35.00,0
2025-07-10,STORE-BLR-02,SKU-BREAD-400,17,35.00,0
2025-07-11,STORE-BLR-02,SKU-BREAD-400,17,35.00,0
2025-07-12,STORE-BLR-02,SKU-BREAD-400,32,35.00,0
2025-07-13,STORE-BLR-02,SKU-BREAD-400,15,35.00,0
2025-07-14,STORE-BLR-02,SKU-BREAD-400,18,35.00,0
2025-07-15,STORE-BLR-02,SKU-BREAD-400,22,35.00,0
2025-07-16,STORE-BLR-02,SKU-BREAD-400,22,35.00,0
2025-07-17,STORE-BLR-02,SKU-BREAD-400,13,35.00,0
2025-07-18,STORE-BLR-02,SKU-BREAD-400,28,35.00,0
2025-07-19,STORE-BLR-02,SKU-BREAD-400,22,35.00,0
2025-07-20,STORE-BLR-02,SKU-BREAD-400,24,35.00,0
2025-07-21,STORE-BLR-02,SKU-BREAD-400,20,35.00,0
2025-07-22,STORE-BLR-02,SKU-BREAD-400,17,35.00,0
2025-07-23,STORE-BLR-02,SKU-BREAD-400,9,35.00,0
2025-07-24,STORE-BLR-02,SKU-BREAD-400,21,35.00,0
2025-07-25,STORE-BLR-02,SKU-BREAD-400,29,35.00,0
2025-07-26,STORE-BLR-02,SKU-BREAD-400,14,35.00,0
2025-07-27,STORE-BLR-02,SKU-BREAD-400,15,35.00,0
2025-07-28,STORE-BLR-02,SKU-BREAD-400,9,35.00,0
2025-07-29,STORE-BLR-02,SKU-BREAD-400,23,35.00,0
2025-07-30,STORE-BLR-02,SKU-BREAD-400,20,35.00,0
2025-07-31,STORE-BLR-02,SKU-BREAD-400,22,35.00,0
2025-08-01,STORE-BLR-02,SKU-BREAD-400,20,35.00,0
2025-08-02,STORE-BLR-02,SKU-BREAD-400,15,35.00,0
2025-08-03,STORE-BLR-02,SKU-BREAD-400,31,35.00,0
2025-08-04,STORE-BLR-02,SKU-BREAD-400,11,35.00,0
2025-08-05,STORE-BLR-02,SKU-BREAD-400,38,35.00,0
2025-08-06,STORE-BLR-02,SKU-BREAD-400,10,35.00,0
2025-08-07,STORE-BLR-02,SKU-BREAD-400,31,35.00,0
2025-08-08,STORE-BLR-02,SKU-BREAD-400,63,35.00,0
2025-08-09,STORE-BLR-02,SKU-BREAD-400,71,35.00,0
2025-08-10,STORE-BLR-02,SKU-BREAD-400,87,35.00,0
2025-08-11,STORE-BLR-02,SKU-BREAD-400,21,35.00,0
2025-08-12,STORE-BLR-02,SKU-BREAD-400,29,35.00,0
2025-08-13,STORE-BLR-02,SKU-BREAD-400,20,35.00,0
2025-08-14,STORE-BLR-02,SKU-BREAD-400,21,35.00,0
2025-08-15,STORE-BLR-02,SKU-BREAD-400,16,35.00,0
2025-08-16,STORE-BLR-02,SKU-BREAD-400,17,35.00,0
2025-08-17,STORE-BLR-02,SKU-BREAD-400,27,35.00,0
2025-08-18,STORE-BLR-02,SKU-BREAD-400,14,35.00,0
2025-08-19,STORE-BLR-02,SKU-BREAD-400,16,35.00,0
2025-08-20,STORE-BLR-02,SKU-BREAD-400,21,35.00,0
2025-08-21,STORE-BLR-02,SKU-BREAD-400,29,35.00,0
2025-08-22,STORE-BLR-02,SKU-BREAD-400,19,35.00,0
2025-08-23,STORE-BLR-02,SKU-BREAD-400,20,35.00,0
2025-08-24,STORE-BLR-02,SKU-BREAD-400,12,35.00,0
2025-08-25,STORE-BLR-02,SKU-BREAD-400,13,35.00,0
2025-08-26,STORE-BLR-02,SKU-BREAD-400,29,35.00,1
2025-08-27,STORE-BLR-02,SKU-BREAD-400,23,35.00,1
2025-08-28,STORE-BLR-02,SKU-BREAD-400,16,35.00,0
2025-08-29,STORE-BLR-02,SKU-BREAD-400,22,35.00,0
2025-08-30,STORE-BLR-02,SKU-BREAD-400,19,35.00,0
2025-08-31,STORE-BLR-02,SKU-BREAD-400,21,35.00,0
2025-09-01,STORE-BLR-02,SKU-BREAD-400,19,35.00,0
2025-09-02,STORE-BLR-02,SKU-BREAD-400,16,35.00,0
2025-09-03,STORE-BLR-02,SKU-BREAD-400,15,35.00,0
2025-09-04,STORE-BLR-02,SKU-BREAD-400,19,35.00,0
2025-09-05,STORE-BLR-02,SKU-BREAD-400,19,35.00,0
2025-09-06,STORE-BLR-02,SKU-BREAD-400,27,35.00,0
2025-09-07,STORE-BLR-02,SKU-BREAD-400,28,35.00,0
2025-09-08,STORE-BLR-02,SKU-BREAD-400,22,35.00,1
2025-09-09,STORE-BLR-02,SKU-BREAD-400,27,35.00,0
2025-09-10,STORE-BLR-02,SKU-BREAD-400,32,35.00,0
2025-09-11,STORE-BLR-02,SKU-BREAD-400,14,35.00,0
2025-09-12,STORE-BLR-02,SKU-BREAD-400,29,35.00,1
2025-09-13,STORE-BLR-02,SKU-BREAD-400,23,35.00,0
2025-09-14,STORE-BLR-02,SKU-BREAD-400,28,35.00,0
2025-09-15,STORE-BLR-02,SKU-BREAD-400,17,35.00,0
2025-09-16,STORE-BLR-02,SKU-BREAD-400,18,35.00,0
2025-09-17,STORE-BLR-02,SKU-BREAD-400,18,35.00,0
2025-09-18,STORE-BLR-02,SKU-BREAD-400,21,35.00,0
2025-09-19,STORE-BLR-02,SKU-BREAD-400,12,35.00,0
2025-09-20,STORE-BLR-02,SKU-BREAD-400,24,35.00,0
2025-09-21,STORE-BLR-02,SKU-BREAD-400,20,35.00,0
2025-09-22,STORE-BLR-02,SKU-BREAD-400,22,35.00,0
2025-09-23,STORE-BLR-02,SKU-BREAD-400,15,35.00,0
2025-09-24,STORE-BLR-02,SKU-BREAD-400,15,35.00,0
2025-09-25,STORE-BLR-02,SKU-BREAD-400,13,35.00,0
2025-09-26,STORE-BLR-02,SKU-BREAD-400,11,35.00,0
2025-09-27,STORE-BLR-02,SKU-BREAD-400,23,35.00,0
2025-09-28,STORE-BLR-02,SKU-BREAD-400,24,35.00,0
2025-09-29,STORE-BLR-02,SKU-BREAD-400,0,35.00,0
2025-09-30,STORE-BLR-02,SKU-BREAD-400,20,35.00,0
2025-10-01,STORE-BLR-02,SKU-BREAD-400,23,35.00,0
2025-10-02,STORE-BLR-02,SKU-BREAD-400,0,35.00,0
2025-10-03,STORE-BLR-02,SKU-BREAD-400,18,35.00,0
2025-10-04,STORE-BLR-02,SKU-BREAD-400,15,35.00,0
2025-10-05,STORE-BLR-02,SKU-BREAD-400,23,35.00,0
2025-10-06,STORE-BLR-02,SKU-BREAD-400,15,35.00,0
2025-10-07,STORE-BLR-02,SKU-BREAD-400,10,35.00,0
2025-10-08,STORE-BLR-02,SKU-BREAD-400,7,35.00,0
2025-10-09,STORE-BLR-02,SKU-BREAD-400,24,35.00,0
2025-10-10,STORE-BLR-02,SKU-BREAD-400,20,35.00,0
2025-10-11,STORE-BLR-02,SKU-BREAD-400,14,35.00,0
2025-10-12,STORE-BLR-02,SKU-BREAD-400,10,35.00,0
2025-10-13,STORE-BLR-02,SKU-BREAD-400,10,35.00,0
2025-10-14,STORE-BLR-02,SKU-BREAD-400,34,35.00,0
2025-10-15,STORE-BLR-02,SKU-BREAD-400,15,35.00,0
2025-10-16,STORE-BLR-02,SKU-BREAD-400,6,35.00,0
2025-10-17,STORE-BLR-02,SKU-BREAD-400,26,35.00,0
2025-10-18,STORE-BLR-02,SKU-BREAD-400,33,35.00,0
2025-10-19,STORE-BLR-02,SKU-BREAD-400,64,35.00,0
2025-10-20,STORE-BLR-02,SKU-BREAD-400,55,35.00,0
2025-10-21,STORE-BLR-02,SKU-BREAD-400,66,35.00,0
2025-10-22,STORE-BLR-02,SKU-BREAD-400,52,35.00,0
2025-10-23,STORE-BLR-02,SKU-BREAD-400,31,35.00,0
2025-10-24,STORE-BLR-02,SKU-BREAD-400,0,35.00,0
2025-10-25,STORE-BLR-02,SKU-BREAD-400,30,35.00,0
2025-10-26,STORE-BLR-02,SKU-BREAD-400,34,35.00,0
2025-10-27,STORE-BLR-02,SKU-BREAD-400,14,35.00,0
2025-10-28,STORE-BLR-02,SKU-BREAD-400,31,35.00,0
2025-10-29,STORE-BLR-02,SKU-BREAD-400,11,35.00,0
2025-10-30,STORE-BLR-02,SKU-BREAD-400,21,35.00,0
2025-10-31,STORE-BLR-02,SKU-BREAD-400,26,35.00,0
2025-11-01,STORE-BLR-02,SKU-BREAD-400,42,35.00,0
2025-11-02,STORE-BLR-02,SKU-BREAD-400,26,35.00,0
2025-11-03,STORE-BLR-02,SKU-BREAD-400,23,35.00,1
2025-11-04,STORE-BLR-02,SKU-BREAD-400,25,35.00,0
2025-11-05,STORE-BLR-02,SKU-BREAD-400,20,35.00,0
2025-11-06,STORE-BLR-02,SKU-BREAD-400,18,35.00,0
2025-11-07,STORE-BLR-02,SKU-BREAD-400,19,35.00,0
2025-11-08,STORE-BLR-02,SKU-BREAD-400,36,35.00,0
2025-11-09,STORE-BLR-02,SKU-BREAD-400,19,35.00,0
2025-11-10,STORE-BLR-02,SKU-BREAD-400,21,35.00,0
2025-11-11,STORE-BLR-02,SKU-BREAD-400,24,35.00,0
2025-11-12,STORE-BLR-02,SKU-BREAD-400,14,35.00,0
2025-11-13,STORE-BLR-02,SKU-BREAD-400,11,35.00,0
2025-11-14,STORE-BLR-02,SKU-BREAD-400,24,35.00,0
2025-11-15,STORE-BLR-02,SKU-BREAD-400,27,35.00,0
2025-11-16,STORE-BLR-02,SKU-BREAD-400,42,35.00,1
2025-11-17,STORE-BLR-02,SKU-BREAD-400,20,35.00,0
2025-11-18,STORE-BLR-02,SKU-BREAD-400,10,35.00,0
2025-11-19,STORE-BLR-02,SKU-BREAD-400,16,35.00,0
2025-11-20,STORE-BLR-02,SKU-BREAD-400,20,35.00,0
2025-11-21,STORE-BLR-02,SKU-BREAD-400,21,35.00,0
2025-11-22,STORE-BLR-02,SKU-BREAD-400,23,35.00,0
2025-11-23,STORE-BLR-02,SKU-BREAD-400,17,35.00,0
2025-11-24,STORE-BLR-02,SKU-BREAD-400,35,35.00,0
2025-11-25,STORE-BLR-02,SKU-BREAD-400,26,35.00,0
2025-11-26,STORE-BLR-02,SKU-BREAD-400,0,35.00,0
2025-11-27,STORE-BLR-02,SKU-BREAD-400,11,35.00,0
2025-11-28,STORE-BLR-02,SKU-BREAD-400,25,35.00,0
2025-11-29,STORE-BLR-02,SKU-BREAD-400,24,35.00,0
2025-11-30,STORE-BLR-02,SKU-BREAD-400,21,35.00,0
2025-12-01,STORE-BLR-02,SKU-BREAD-400,21,35.00,0
2025-12-02,STORE-BLR-02,SKU-BREAD-400,23,35.00,0
2025-12-03,STORE-BLR-02,SKU-BREAD-400,34,35.00,0
2025-12-04,STORE-BLR-02,SKU-BREAD-400,14,35.00,0
2025-12-05,STORE-BLR-02,SKU-BREAD-400,11,35.00,0
2025-12-06,STORE-BLR-02,SKU-BREAD-400,28,35.00,0
2025-12-07,STORE-BLR-02,SKU-BREAD-400,12,35.00,0
2025-12-08,STORE-BLR-02,SKU-BREAD-400,19,35.00,0
2025-12-09,STORE-BLR-02,SKU-BREAD-400,19,35.00,0
2025-12-10,STORE-BLR-02,SKU-BREAD-400,19,35.00,0
2025-12-11,STORE-BLR-02,SKU-BREAD-400,20,35.00,0
2025-12-12,STORE-BLR-02,SKU-BREAD-400,25,35.00,0
2025-12-13,STORE-BLR-02,SKU-BREAD-400,41,35.00,1
2025-12-14,STORE-BLR-02,SKU-BREAD-400,31,35.00,0
2025-12-15,STORE-BLR-02,SKU-BREAD-400,14,35.00,0
2025-12-16,STORE-BLR-02,SKU-BREAD-400,23,35.00,0
2025-12-17,STORE-BLR-02,SKU-BREAD-400,33,35.00,0
2025-12-18,STORE-BLR-02,SKU-BREAD-400,20,35.00,0
2025-12-19,STORE-BLR-02,SKU-BREAD-400,16,35.00,0
2025-12-20,STORE-BLR-02,SKU-BREAD-400,20,35.00,0
2025-12-21,STORE-BLR-02,SKU-BREAD-400,32,35.00,0
2025-12-22,STORE-BLR-02,SKU-BREAD-400,21,35.00,0
2025-12-23,STORE-BLR-02,SKU-BREAD-400,24,35.00,0
2025-12-24,STORE-BLR-02,SKU-BREAD-400,12,35.00,0
2025-12-25,STORE-BLR-02,SKU-BREAD-400,27,35.00,0
2025-12-26,STORE-BLR-02,SKU-BREAD-400,15,35.00,0
2025-12-27,STORE-BLR-02,SKU-BREAD-400,35,35.00,0
2025-12-28,STORE-BLR-02,SKU-BREAD-400,31,35.00,0
2025-12-29,STORE-BLR-02,SKU-BREAD-400,16,35.00,0
2025-12-30,STORE-BLR-02,SKU-BREAD-400,16,35.00,0
2024-01-01,STORE-BLR-02,SKU-RICE-5KG,11,320.00,0
2024-01-02,STORE-BLR-02,SKU-RICE-5KG,21,320.00,0
2024-01-03,STORE-BLR-02,SKU-RICE-5KG,13,320.00,0
2024-01-04,STORE-BLR-02,SKU-RICE-5KG,3,320.00,0
2024-01-05,STORE-BLR-02,SKU-RICE-5KG,13,320.00,1
2024-01-06,STORE-BLR-02,SKU-RICE-5KG,13,320.00,0
2024-01-07,STORE-BLR-02,SKU-RICE-5KG,5,320.00,0
2024-01-08,STORE-BLR-02,SKU-RICE-5KG,7,320.00,0
2024-01-09,STORE-BLR-02,SKU-RICE-5KG,21,320.00,1
2024-01-10,STORE-BLR-02,SKU-RICE-5KG,8,320.00,0
2024-01-11,STORE-BLR-02,SKU-RICE-5KG,2,320.00,0
2024-01-12,STORE-BLR-02,SKU-RICE-5KG,7,320.00,0
2024-01-13,STORE-BLR-02,SKU-RICE-5KG,13,320.00,0
2024-01-14,STORE-BLR-02,SKU-RICE-5KG,12,320.00,1
2024-01-15,STORE-BLR-02,SKU-RICE-5KG,3,320.00,0
2024-01-16,STORE-BLR-02,SKU-RICE-5KG,2,320.00,0
2024-01-17,STORE-BLR-02,SKU-RICE-5KG,0,320.00,1
2024-01-18,STORE-BLR-02,SKU-RICE-5KG,11,320.00,0
2024-01-19,STORE-BLR-02,SKU-RICE-5KG,50,320.00,0
2024-01-20,STORE-BLR-02,SKU-RICE-5KG,12,320.00,0
2024-01-21,STORE-BLR-02,SKU-RICE-5KG,35,320.00,0
2024-01-22,STORE-BLR-02,SKU-RICE-5KG,6,320.00,0
2024-01-23,STORE-BLR-02,SKU-RICE-5KG,23,320.00,1
2024-01-24,STORE-BLR-02,SKU-RICE-5KG,0,320.00,0
2024-01-25,STORE-BLR-02,SKU-RICE-5KG,32,320.00,0
2024-01-26,STORE-BLR-02,SKU-RICE-5KG,5,320.00,0
2024-01-27,STORE-BLR-02,SKU-RICE-5KG,5,320.00,0
2024-01-28,STORE-BLR-02,SKU-RICE-5KG,8,320.00,0
2024-01-29,STORE-BLR-02,SKU-RICE-5KG,25,320.00,0
2024-01-30,STORE-BLR-02,SKU-RICE-5KG,5,320.00,0
2024-01-31,STORE-BLR-02,SKU-RICE-5KG,19,320.00,0
2024-02-01,STORE-BLR-02,SKU-RICE-5KG,12,320.00,0
2024-02-02,STORE-BLR-02,SKU-RICE-5KG,16,320.00,0
2024-02-03,STORE-BLR-02,SKU-RICE-5KG,4,320.00,0
2024-02-04,STORE-BLR-02,SKU-RICE-5KG,12,320.00,0
2024-02-05,STORE-BLR-02,SKU-RICE-5KG,3,320.00,0
2024-02-06,STORE-BLR-02,SKU-RICE-5KG,10,320.00,0
2024-02-07,STORE-BLR-02,SKU-RICE-5KG,18,320.00,0
2024-02-08,STORE-BLR-02,SKU-RICE-5KG,11,320.00,1
2024-02-09,STORE-BLR-02,SKU-RICE-5KG,27,320.00,0
2024-02-10,STORE-BLR-02,SKU-RICE-5KG,2,320.00,0
2024-02-11,STORE-BLR-02,SKU-RICE-5KG,7,320.00,0
2024-02-12,STORE-BLR-02,SKU-RICE-5KG,18,320.00,0
2024-02-13,STORE-BLR-02,SKU-RICE-5KG,34,320.00,0
2024-02-14,STORE-BLR-02,SKU-RICE-5KG,5,320.00,0
2024-02-15,STORE-BLR-02,SKU-RICE-5KG,5,320.00,0
2024-02-16,STORE-BLR-02,SKU-RICE-5KG,4,320.00,0
2024-02-17,STORE-BLR-02,SKU-RICE-5KG,0,320.00,0
2024-02-18,STORE-BLR-02,SKU-RICE-5KG,8,320.00,0
2024-02-19,STORE-BLR-02,SKU-RICE-5KG,24,320.00,0
2024-02-20,STORE-BLR-02,SKU-RICE-5KG,9,320.00,0
2024-02-21,STORE-BLR-02,SKU-RICE-5KG,10,320.00,0
2024-02-22,STORE-BLR-02,SKU-RICE-5KG,14,320.00,0
2024-02-23,STORE-BLR-02,SKU-RICE-5KG,0,320.00,0
2024-02-24,STORE-BLR-02,SKU-RICE-5KG,27,320.00,0
2024-02-25,STORE-BLR-02,SKU-RICE-5KG,17,320.00,0
2024-02-26,STORE-BLR-02,SKU-RICE-5KG,3,320.00,1
2024-02-27,STORE-BLR-02,SKU-RICE-5KG,6,320.00,0
2024-02-28,STORE-BLR-02,SKU-RICE-5KG,2,320.00,0
2024-02-29,STORE-BLR-02,SKU-RICE-5KG,5,320.00,1
2024-03-01,STORE-BLR-02,SKU-RICE-5KG,6,320.00,0
2024-03-02,STORE-BLR-02,SKU-RICE-5KG,0,320.00,0
2024-03-03,STORE-BLR-02,SKU-RICE-5KG,10,320.00,0
2024-03-04,STORE-BLR-02,SKU-RICE-5KG,12,320.00,0
2024-03-05,STORE-BLR-02,SKU-RICE-5KG,4,320.00,0
2024-03-06,STORE-BLR-02,SKU-RICE-5KG,23,320.00,0
2024-03-07,STORE-BLR-02,SKU-RICE-5KG,2,320.00,0
2024-03-08,STORE-BLR-02,SKU-RICE-5KG,0,320.00,0
2024-03-09,STORE-BLR-02,SKU-RICE-5KG,22,320.00,0
2024-03-10,STORE-BLR-02,SKU-RICE-5KG,16,320.00,1
2024-03-11,STORE-BLR-02,SKU-RICE-5KG,5,320.00,0
2024-03-12,STORE-BLR-02,SKU-RICE-5KG,15,320.00,0
2024-03-13,STORE-BLR-02,SKU-RICE-5KG,4,320.00,1
2024-03-14,STORE-BLR-02,SKU-RICE-5KG,11,320.00,0
2024-03-15,STORE-BLR-02,SKU-RICE-5KG,27,320.00,0
2024-03-16,STORE-BLR-02,SKU-RICE-5KG,14,320.00,1
2024-03-17,STORE-BLR-02,SKU-RICE-5KG,21,320.00,0
2024-03-18,STORE-BLR-02,SKU-RICE-5KG,23,320.00,0
2024-03-19,STORE-BLR-02,SKU-RICE-5KG,0,320.00,0
2024-03-20,STORE-BLR-02,SKU-RICE-5KG,9,320.00,0
2024-03-21,STORE-BLR-02,SKU-RICE-5KG,3,320.00,0
2024-03-22,STORE-BLR-02,SKU-RICE-5KG,0,320.00,1
2024-03-23,STORE-BLR-02,SKU-RICE-5KG,61,320.00,0
2024-03-24,STORE-BLR-02,SKU-RICE-5KG,32,320.00,0
2024-03-25,STORE-BLR-02,SKU-RICE-5KG,14,320.00,0
2024-03-26,STORE-BLR-02,SKU-RICE-5KG,32,320.00,0
2024-03-27,STORE-BLR-02,SKU-RICE-5KG,12,320.00,0
2024-03-28,STORE-BLR-02,SKU-RICE-5KG,18,320.00,0
2024-03-29,STORE-BLR-02,SKU-RICE-5KG,12,320.00,0
2024-03-30,STORE-BLR-02,SKU-RICE-5KG,19,320.00,0
2024-03-31,STORE-BLR-02,SKU-RICE-5KG,7,320.00,0
2024-04-01,STORE-BLR-02,SKU-RICE-5KG,7,320.00,0
2024-04-02,STORE-BLR-02,SKU-RICE-5KG,9,320.00,0
2024-04-03,STORE-BLR-02,SKU-RICE-5KG,3,320.00,0
2024-04-04,STORE-BLR-02,SKU-RICE-5KG,15,320.00,0
2024-04-05,STORE-BLR-02,SKU-RICE-5KG,11,320.00,0
2024-04-06,STORE-BLR-02,SKU-RICE-5KG,0,320.00,0
2024-04-07,STORE-BLR-02,SKU-RICE-5KG,13,320.00,0
2024-04-08,STORE-BLR-02,SKU-RICE-5KG,10,320.00,0
2024-04-09,STORE-BLR-02,SKU-RICE-5KG,25,320.00,1
2024-04-10,STORE-BLR-02,SKU-RICE-5KG,31,320.00,1
2024-04-11,STORE-BLR-02,SKU-RICE-5KG,3,320.00,0
2024-04-12,STORE-BLR-02,SKU-RICE-5KG,0,320.00,0
2024-04-13,STORE-BLR-02,SKU-RICE-5KG,7,320.00,0
2024-04-14,STORE-BLR-02,SKU-RICE-5KG,4,320.00,0
2024-04-15,STORE-BLR-02,SKU-RICE-5KG,3,320.00,0
2024-04-16,STORE-BLR-02,SKU-RICE-5KG,0,320.00,0
2024-04-17,STORE-BLR-02,SKU-RICE-5KG,13,320.00,0
2024-04-18,STORE-BLR-02,SKU-RICE-5KG,8,320.00,0
2024-04-19,STORE-BLR-02,SKU-RICE-5KG,6,320.00,0
2024-04-20,STORE-BLR-02,SKU-RICE-5KG,19,320.00,0
2024-04-21,STORE-BLR-02,SKU-RICE-5KG,2,320.00,0
2024-04-22,STORE-BLR-02,SKU-RICE-5KG,0,320.00,0
2024-04-23,STORE-BLR-02,SKU-RICE-5KG,60,320.00,0
2024-04-24,STORE-BLR-02,SKU-RICE-5KG,6,320.00,0
2024-04-25,STORE-BLR-02,SKU-RICE-5KG,2,320.00,0
2024-04-26,STORE-BLR-02,SKU-RICE-5KG,23,320.00,1
2024-04-27,STORE-BLR-02,SKU-RICE-5KG,2,320.00,1
2024-04-28,STORE-BLR-02,SKU-RICE-5KG,23,320.00,0
2024-04-29,STORE-BLR-02,SKU-RICE-5KG,0,320.00,0
2024-04-30,STORE-BLR-02,SKU-RICE-5KG,0,320.00,0
2024-05-01,STORE-BLR-02,SKU-RICE-5KG,0,320.00,0
2024-05-02,STORE-BLR-02,SKU-RICE-5KG,0,320.00,0
2024-05-03,STORE-BLR-02,SKU-RICE-5KG,0,320.00,0
2024-05-04,STORE-BLR-02,SKU-RICE-5KG,0,320.00,0
2024-05-05,STORE-BLR-02,SKU-RICE-5KG,0,320.00,0
2024-05-06,STORE-BLR-02,SKU-RICE-5KG,5,320.00,0
2024-05-07,STORE-BLR-02,SKU-RICE-5KG,8,320.00,0
2024-05-08,STORE-BLR-02,SKU-RICE-5KG,27,320.00,0
2024-05-09,STORE-BLR-02,SKU-RICE-5KG,11,320.00,0
2024-05-10,STORE-BLR-02,SKU-RICE-5KG,6,320.00,0
2024-05-11,STORE-BLR-02,SKU-RICE-5KG,9,320.00,1
2024-05-12,STORE-BLR-02,SKU-RICE-5KG,19,320.00,0
2024-05-13,STORE-BLR-02,SKU-RICE-5KG,22,320.00,0
2024-05-14,STORE-BLR-02,SKU-RICE-5KG,42,320.00,0
2024-05-15,STORE-BLR-02,SKU-RICE-5KG,19,320.00,0
2024-05-16,STORE-BLR-02,SKU-RICE-5KG,8,320.00,0
2024-05-17,STORE-BLR-02,SKU-RICE-5KG,0,320.00,0
2024-05-18,STORE-BLR-02,SKU-RICE-5KG,11,320.00,0
2024-05-19,STORE-BLR-02,SKU-RICE-5KG,8,320.00,0
2024-05-20,STORE-BLR-02,SKU-RICE-5KG,18,320.00,0
2024-05-21,STORE-BLR-02,SKU-RICE-5KG,3,320.00,0
2024-05-22,STORE-BLR-02,SKU-RICE-5KG,17,320.00,0
2024-05-23,STORE-BLR-02,SKU-RICE-5KG,6,320.00,0
2024-05-24,STORE-BLR-02,SKU-RICE-5KG,15,320.00,0
2024-05-25,STORE-BLR-02,SKU-RICE-5KG,2,320.00,0
2024-05-26,STORE-BLR-02,SKU-RICE-5KG,7,320.00,0
2024-05-27,STORE-BLR-02,SKU-RICE-5KG,7,320.00,0
2024-05-28,STORE-BLR-02,SKU-RICE-5KG,3,320.00,0
2024-05-29,STORE-BLR-02,SKU-RICE-5KG,0,320.00,0
2024-05-30,STORE-BLR-02,SKU-RICE-5KG,11,320.00,0
2024-05-31,STORE-BLR-02,SKU-RICE-5KG,10,320.00,0
2024-06-01,STORE-BLR-02,SKU-RICE-5KG,2,320.00,0
2024-06-02,STORE-BLR-02,SKU-RICE-5KG,0,320.00,0
2024-06-03,STORE-BLR-02,SKU-RICE-5KG,7,320.00,0
2024-06-04,STORE-BLR-02,SKU-RICE-5KG,5,320.00,0
2024-06-05,STORE-BLR-02,SKU-RICE-5KG,18,320.00,0
2024-06-06,STORE-BLR-02,SKU-RICE-5KG,6,320.00,0
2024-06-07,STORE-BLR-02,SKU-RICE-5KG,5,320.00,0
2024-06-08,STORE-BLR-02,SKU-RICE-5KG,13,320.00,0
2024-06-09,STORE-BLR-02,SKU-RICE-5KG,37,320.00,0
2024-06-10,STORE-BLR-02,SKU-RICE-5KG,14,320.00,0
2024-06-11,STORE-BLR-02,SKU-RICE-5KG,8,320.00,0
2024-06-12,STORE-BLR-02,SKU-RICE-5KG,0,320.00,0
2024-06-13,STORE-BLR-02,SKU-RICE-5KG,11,320.00,0
2024-06-14,STORE-BLR-02,SKU-RICE-5KG,4,320.00,0
2024-06-15,STORE-BLR-02,SKU-RICE-5KG,13,320.00,0
2024-06-16,STORE-BLR-02,SKU-RICE-5KG,3,320.00,0
2024-06-17,STORE-BLR-02,SKU-RICE-5KG,12,320.00,0
2024-06-18,STORE-BLR-02,SKU-RICE-5KG,5,320.00,0
2024-06-19,STORE-BLR-02,SKU-RICE-5KG,23,320.00,0
2024-06-20,STORE-BLR-02,SKU-RICE-5KG,3,320.00,0
2024-06-21,STORE-BLR-02,SKU-RICE-5KG,21,320.00,0
2024-06-22,STORE-BLR-02,SKU-RICE-5KG,9,320.00,0
2024-06-23,STORE-BLR-02,SKU-RICE-5KG,20,320.00,1
2024-06-24,STORE-BLR-02,SKU-RICE-5KG,3,320.00,0
2024-06-25,STORE-BLR-02,SKU-RICE-5KG,12,320.00,0
2024-06-26,STORE-BLR-02,SKU-RICE-5KG,22,320.00,0
2024-06-27,STORE-BLR-02,SKU-RICE-5KG,24,320.00,0
2024-06-28,STORE-BLR-02,SKU-RICE-5KG,7,320.00,0
2024-06-29,STORE-BLR-02,SKU-RICE-5KG,15,320.00,0
2024-06-30,STORE-BLR-02,SKU-RICE-5KG,10,320.00,0
2024-07-01,STORE-BLR-02,SKU-RICE-5KG,6,320.00,0
2024-07-02,STORE-BLR-02,SKU-RICE-5KG,7,320.00,0
2024-07-03,STORE-BLR-02,SKU-RICE-5KG,20,320.00,0
2024-07-04,STORE-BLR-02,SKU-RICE-5KG,4,320.00,0
2024-07-05,STORE-BLR-02,SKU-RICE-5KG,8,320.00,0
2024-07-06,STORE-BLR-02,SKU-RICE-5KG,12,320.00,0
2024-07-07,STORE-BLR-02,SKU-RICE-5KG,25,320.00,1
2024-07-08,STORE-BLR-02,SKU-RICE-5KG,2,320.00,0
2024-07-09,STORE-BLR-02,SKU-RICE-5KG,9,320.00,0
2024-07-10,STORE-BLR-02,SKU-RICE-5KG,7,320.00,0
2024-07-11,STORE-BLR-02,SKU-RICE-5KG,14,320.00,0
2024-07-12,STORE-BLR-02,SKU-RICE-5KG,10,320.00,0
2024-07-13,STORE-BLR-02,SKU-RICE-5KG,0,320.00,0
2024-07-14,STORE-BLR-02,SKU-RICE-5KG,12,320.00,1
2024-07-15,STORE-BLR-02,SKU-RICE-5KG,5,320.00,0
2024-07-16,STORE-BLR-02,SKU-RICE-5KG,4,320.00,0
2024-07-17,STORE-BLR-02,SKU-RICE-5KG,8,320.00,0
2024-07-18,STORE-BLR-02,SKU-RICE-5KG,3,320.00,0
2024-07-19,STORE-BLR-02,SKU-RICE-5KG,5,320.00,0
2024-07-20,STORE-BLR-02,SKU-RICE-5KG,17,320.00,0
2024-07-21,STORE-BLR-02,SKU-RICE-5KG,0,320.00,0
2024-07-22,STORE-BLR-02,SKU-RICE-5KG,3,320.00,0
2024-07-23,STORE-BLR-02,SKU-RICE-5KG,8,320.00,0
2024-07-24,STORE-BLR-02,SKU-RICE-5KG,49,320.00,0
2024-07-25,STORE-BLR-02,SKU-RICE-5KG,0,320.00,0
2024-07-26,STORE-BLR-02,SKU-RICE-5KG,0,320.00,0
2024-07-27,STORE-BLR-02,SKU-RICE-5KG,23,320.00,0
2024-07-28,STORE-BLR-02,SKU-RICE-5KG,8,320.00,0
2024-07-29,STORE-BLR-02,SKU-RICE-5KG,13,320.00,0
2024-07-30,STORE-BLR-02,SKU-RICE-5KG,3,320.00,0
2024-07-31,STORE-BLR-02,SKU-RICE-5KG,7,320.00,1
2024-08-01,STORE-BLR-02,SKU-RICE-5KG,6,320.00,0
2024-08-02,STORE-BLR-02,SKU-RICE-5KG,6,320.00,0
2024-08-03,STORE-BLR-02,SKU-RICE-5KG,18,320.00,0
2024-08-04,STORE-BLR-02,SKU-RICE-5KG,22,320.00,1
2024-08-05,STORE-BLR-02,SKU-RICE-5KG,7,320.00,0
2024-08-06,STORE-BLR-02,SKU-RICE-5KG,7,320.00,0
2024-08-07,STORE-BLR-02,SKU-RICE-5KG,0,320.00,0
2024-08-08,STORE-BLR-02,SKU-RICE-5KG,4,320.00,0
2024-08-09,STORE-BLR-02,SKU-RICE-5KG,3,320.00,0
2024-08-10,STORE-BLR-02,SKU-RICE-5KG,6,320.00,0
2024-08-11,STORE-BLR-02,SKU-RICE-5KG,2,320.00,1
2024-08-12,STORE-BLR-02,SKU-RICE-5KG,0,320.00,0
2024-08-13,STORE-BLR-02,SKU-RICE-5KG,11,320.00,0
2024-08-14,STORE-BLR-02,SKU-RICE-5KG,6,320.00,0
2024-08-15,STORE-BLR-02,SKU-RICE-5KG,15,320.00,0
2024-08-16,STORE-BLR-02,SKU-RICE-5KG,0,320.00,0
2024-08-17,STORE-BLR-02,SKU-RICE-5KG,14,320.00,0
2024-08-18,STORE-BLR-02,SKU-RICE-5KG,9,320.00,0
2024-08-19,STORE-BLR-02,SKU-RICE-5KG,26,320.00,0
2024-08-20,STORE-BLR-02,SKU-RICE-5KG,7,320.00,0
2024-08-21,STORE-BLR-02,SKU-RICE-5KG,17,320.00,1
2024-08-22,STORE-BLR-02,SKU-RICE-5KG,15,320.00,0
2024-08-23,STORE-BLR-02,SKU-RICE-5KG,5,320.00,0
2024-08-24,STORE-BLR-02,SKU-RICE-5KG,15,320.00,0
2024-08-25,STORE-BLR-02,SKU-RICE-5KG,24,320.00,0
2024-08-26,STORE-BLR-02,SKU-RICE-5KG,3,320.00,0
2024-08-27,STORE-BLR-02,SKU-RICE-5KG,5,320.00,0
2024-08-28,STORE-BLR-02,SKU-RICE-5KG,3,320.00,0
2024-08-29,STORE-BLR-02,SKU-RICE-5KG,10,320.00,0
2024-08-30,STORE-BLR-02,SKU-RICE-5KG,10,320.00,0
2024-08-31,STORE-BLR-02,SKU-RICE-5KG,1,320.00,0
2024-09-01,STORE-BLR-02,SKU-RICE-5KG,6,320.00,0
2024-09-02,STORE-BLR-02,SKU-RICE-5KG,18,320.00,0
2024-09-03,STORE-BLR-02,SKU-RICE-5KG,5,320.00,0
2024-09-04,STORE-BLR-02,SKU-RICE-5KG,9,320.00,0
2024-09-05,STORE-BLR-02,SKU-RICE-5KG,1,320.00,0
2024-09-06,STORE-BLR-02,SKU-RICE-5KG,17,320.00,0
2024-09-07,STORE-BLR-02,SKU-RICE-5KG,17,320.00,0
2024-09-08,STORE-BLR-02,SKU-RICE-5KG,25,320.00,0
2024-09-09,STORE-BLR-02,SKU-RICE-5KG,27,320.00,0
2024-09-10,STORE-BLR-02,SKU-RICE-5KG,11,320.00,0
2024-09-11,STORE-BLR-02,SKU-RICE-5KG,0,320.00,0
2024-09-12,STORE-BLR-02,SKU-RICE-5KG,3,320.00,0
2024-09-13,STORE-BLR-02,SKU-RICE-5KG,18,320.00,0
2024-09-14,STORE-BLR-02,SKU-RICE-5KG,15,320.00,0
2024-09-15,STORE-BLR-02,SKU-RICE-5KG,8,320.00,0
2024-09-16,STORE-BLR-02,SKU-RICE-5KG,6,320.00,0
2024-09-17,STORE-BLR-02,SKU-RICE-5KG,18,320.00,1
2024-09-18,STORE-BLR-02,SKU-RICE-5KG,6,320.00,0
2024-09-19,STORE-BLR-02,SKU-RICE-5KG,13,320.00,0
2024-09-20,STORE-BLR-02,SKU-RICE-5KG,3,320.00,0
2024-09-21,STORE-BLR-02,SKU-RICE-5KG,10,320.00,0
2024-09-22,STORE-BLR-02,SKU-RICE-5KG,6,320.00,0
2024-09-23,STORE-BLR-02,SKU-RICE-5KG,9,320.00,0
2024-09-24,STORE-BLR-02,SKU-RICE-5KG,5,320.00,0
2024-09-25,STORE-BLR-02,SKU-RICE-5KG,9,320.00,0
2024-09-26,STORE-BLR-02,SKU-RICE-5KG,10,320.00,0
2024-09-27,STORE-BLR-02,SKU-RICE-5KG,5,320.00,0
2024-09-28,STORE-BLR-02,SKU-RICE-5KG,11,320.00,1
2024-09-29,STORE-BLR-02,SKU-RICE-5KG,5,320.00,1
2024-09-30,STORE-BLR-02,SKU-RICE-5KG,1,320.00,0
2024-10-01,STORE-BLR-02,SKU-RICE-5KG,5,320.00,0
2024-10-02,STORE-BLR-02,SKU-RICE-5KG,36,320.00,0
2024-10-03,STORE-BLR-02,SKU-RICE-5KG,4,320.00,0
2024-10-04,STORE-BLR-02,SKU-RICE-5KG,3,320.00,0
2024-10-05,STORE-BLR-02,SKU-RICE-5KG,19,320.00,0
2024-10-06,STORE-BLR-02,SKU-RICE-5KG,18,320.00,0
2024-10-07,STORE-BLR-02,SKU-RICE-5KG,13,320.00,1
2024-10-08,STORE-BLR-02,SKU-RICE-5KG,8,320.00,0
2024-10-09,STORE-BLR-02,SKU-RICE-5KG,4,320.00,0
2024-10-10,STORE-BLR-02,SKU-RICE-5KG,6,320.00,0
2024-10-11,STORE-BLR-02,SKU-RICE-5KG,5,320.00,0
2024-10-12,STORE-BLR-02,SKU-RICE-5KG,7,320.00,0
2024-10-13,STORE-BLR-02,SKU-RICE-5KG,12,320.00,0
2024-10-14,STORE-BLR-02,SKU-RICE-5KG,0,320.00,0
2024-10-15,STORE-BLR-02,SKU-RICE-5KG,7,320.00,0
2024-10-16,STORE-BLR-02,SKU-RICE-5KG,3,320.00,1
2024-10-17,STORE-BLR-02,SKU-RICE-5KG,7,320.00,0
2024-10-18,STORE-BLR-02,SKU-RICE-5KG,18,320.00,0
2024-10-19,STORE-BLR-02,SKU-RICE-5KG,14,320.00,0
2024-10-20,STORE-BLR-02,SKU-RICE-5KG,42,320.00,0
2024-10-21,STORE-BLR-02,SKU-RICE-5KG,10,320.00,0
2024-10-22,STORE-BLR-02,SKU-RICE-5KG,14,320.00,0
2024-10-23,STORE-BLR-02,SKU-RICE-5KG,14,320.00,1
2024-10-24,STORE-BLR-02,SKU-RICE-5KG,0,320.00,0
2024-10-25,STORE-BLR-02,SKU-RICE-5KG,21,320.00,0
2024-10-26,STORE-BLR-02,SKU-RICE-5KG,4,320.00,0
2024-10-27,STORE-BLR-02,SKU-RICE-5KG,11,320.00,0
2024-10-28,STORE-BLR-02,SKU-RICE-5KG,5,320.00,0
2024-10-29,STORE-BLR-02,SKU-RICE-5KG,10,320.00,0
2024-10-30,STORE-BLR-02,SKU-RICE-5KG,8,320.00,0
2024-10-31,STORE-BLR-02,SKU-RICE-5KG,49,320.00,0
2024-11-01,STORE-BLR-02,SKU-RICE-5KG,0,320.00,0
2024-11-02,STORE-BLR-02,SKU-RICE-5KG,27,320.00,0
2024-11-03,STORE-BLR-02,SKU-RICE-5KG,3,320.00,0
2024-11-04,STORE-BLR-02,SKU-RICE-5KG,0,320.00,0
2024-11-05,STORE-BLR-02,SKU-RICE-5KG,3,320.00,0
2024-11-06,STORE-BLR-02,SKU-RICE-5KG,18,320.00,0
2024-11-07,STORE-BLR-02,SKU-RICE-5KG,10,320.00,0
2024-11-08,STORE-BLR-02,SKU-RICE-5KG,5,320.00,0
2024-11-09,STORE-BLR-02,SKU-RICE-5KG,2,320.00,0
2024-11-10,STORE-BLR-02,SKU-RICE-5KG,7,320.00,0
2024-11-11,STORE-BLR-02,SKU-RICE-5KG,19,320.00,0
2024-11-12,STORE-BLR-02,SKU-RICE-5KG,0,320.00,0
2024-11-13,STORE-BLR-02,SKU-RICE-5KG,3,320.00,0
2024-11-14,STORE-BLR-02,SKU-RICE-5KG,9,320.00,0
2024-11-15,STORE-BLR-02,SKU-RICE-5KG,4,320.00,0
2024-11-16,STORE-BLR-02,SKU-RICE-5KG,3,320.00,0
2024-11-17,STORE-BLR-02,SKU-RICE-5KG,5,320.00,0
2024-11-18,STORE-BLR-02,SKU-RICE-5KG,24,320.00,1
2024-11-19,STORE-BLR-02,SKU-RICE-5KG,16,320.00,0
2024-11-20,STORE-BLR-02,SKU-RICE-5KG,3,320.00,0
2024-11-21,STORE-BLR-02,SKU-RICE-5KG,0,320.00,0
2024-11-22,STORE-BLR-02,SKU-RICE-5KG,2,320.00,0
2024-11-23,STORE-BLR-02,SKU-RICE-5KG,5,320.00,0
2024-11-24,STORE-BLR-02,SKU-RICE-5KG,0,320.00,0
2024-11-25,STORE-BLR-02,SKU-RICE-5KG,0,320.00,0
2024-11-26,STORE-BLR-02,SKU-RICE-5KG,5,320.00,0
2024-11-27,STORE-BLR-02,SKU-RICE-5KG,17,320.00,0
2024-11-28,STORE-BLR-02,SKU-RICE-5KG,0,320.00,0
2024-11-29,STORE-BLR-02,SKU-RICE-5KG,0,320.00,0
2024-11-30,STORE-BLR-02,SKU-RICE-5KG,12,320.00,0
2024-12-01,STORE-BLR-02,SKU-RICE-5KG,3,320.00,0
2024-12-02,STORE-BLR-02,SKU-RICE-5KG,7,320.00,0
2024-12-03,STORE-BLR-02,SKU-RICE-5KG,7,320.00,0
2024-12-04,STORE-BLR-02,SKU-RICE-5KG,6,320.00,0
2024-12-05,STORE-BLR-02,SKU-RICE-5KG,9,320.00,0
2024-12-06,STORE-BLR-02,SKU-RICE-5KG,0,320.00,0
2024-12-07,STORE-BLR-02,SKU-RICE-5KG,12,320.00,0
2024-12-08,STORE-BLR-02,SKU-RICE-5KG,0,320.00,0
2024-12-09,STORE-BLR-02,SKU-RICE-5KG,1,320.00,0
2024-12-10,STORE-BLR-02,SKU-RICE-5KG,8,320.00,1
2024-12-11,STORE-BLR-02,SKU-RICE-5KG,18,320.00,0
2024-12-12,STORE-BLR-02,SKU-RICE-5KG,20,320.00,0
2024-12-13,STORE-BLR-02,SKU-RICE-5KG,12,320.00,0
2024-12-14,STORE-BLR-02,SKU-RICE-5KG,6,320.00,0
2024-12-15,STORE-BLR-02,SKU-RICE-5KG,1,320.00,0
2024-12-16,STORE-BLR-02,SKU-RICE-5KG,31,320.00,0
2024-12-17,STORE-BLR-02,SKU-RICE-5KG,10,320.00,0
2024-12-18,STORE-BLR-02,SKU-RICE-5KG,13,320.00,0
2024-12-19,STORE-BLR-02,SKU-RICE-5KG,2,320.00,0
2024-12-20,STORE-BLR-02,SKU-RICE-5KG,6,320.00,0
2024-12-21,STORE-BLR-02,SKU-RICE-5KG,22,320.00,1
2024-12-22,STORE-BLR-02,SKU-RICE-5KG,13,320.00,0
2024-12-23,STORE-BLR-02,SKU-RICE-5KG,40,320.00,0
2024-12-24,STORE-BLR-02,SKU-RICE-5KG,7,320.00,0
2024-12-25,STORE-BLR-02,SKU-RICE-5KG,6,320.00,1
2024-12-26,STORE-BLR-02,SKU-RICE-5KG,29,320.00,0
2024-12-27,STORE-BLR-02,SKU-RICE-5KG,3,320.00,0
2024-12-28,STORE-BLR-02,SKU-RICE-5KG,10,320.00,0
2024-12-29,STORE-BLR-02,SKU-RICE-5KG,12,320.00,0
2024-12-30,STORE-BLR-02,SKU-RICE-5KG,4,320.00,0
2024-12-31,STORE-BLR-02,SKU-RICE-5KG,4,320.00,0
2025-01-01,STORE-BLR-02,SKU-RICE-5KG,22,320.00,0
2025-01-02,STORE-BLR-02,SKU-RICE-5KG,2,320.00,0
2025-01-03,STORE-BLR-02,SKU-RICE-5KG,25,320.00,1
2025-01-04,STORE-BLR-02,SKU-RICE-5KG,25,320.00,0
2025-01-05,STORE-BLR-02,SKU-RICE-5KG,4,320.00,0
2025-01-06,STORE-BLR-02,SKU-RICE-5KG,0,320.00,0
2025-01-07,STORE-BLR-02,SKU-RICE-5KG,8,320.00,0
2025-01-08,STORE-BLR-02,SKU-RICE-5KG,0,320.00,0
2025-01-09,STORE-BLR-02,SKU-RICE-5KG,2,320.00,0
2025-01-10,STORE-BLR-02,SKU-RICE-5KG,8,320.00,0
2025-01-11,STORE-BLR-02,SKU-RICE-5KG,4,320.00,0
2025-01-12,STORE-BLR-02,SKU-RICE-5KG,26,320.00,0
2025-01-13,STORE-BLR-02,SKU-RICE-5KG,9,320.00,0
2025-01-14,STORE-BLR-02,SKU-RICE-5KG,41,320.00,0
2025-01-15,STORE-BLR-02,SKU-RICE-5KG,8,320.00,0
2025-01-16,STORE-BLR-02,SKU-RICE-5KG,7,320.00,0
2025-01-17,STORE-BLR-02,SKU-RICE-5KG,0,320.00,0
2025-01-18,STORE-BLR-02,SKU-RICE-5KG,38,320.00,0
2025-01-19,STORE-BLR-02,SKU-RICE-5KG,15,320.00,0
2025-01-20,STORE-BLR-02,SKU-RICE-5KG,15,320.00,0
2025-01-21,STORE-BLR-02,SKU-RICE-5KG,30,320.00,0
2025-01-22,STORE-BLR-02,SKU-RICE-5KG,16,320.00,0
2025-01-23,STORE-BLR-02,SKU-RICE-5KG,0,320.00,0
2025-01-24,STORE-BLR-02,SKU-RICE-5KG,19,320.00,0
2025-01-25,STORE-BLR-02,SKU-RICE-5KG,7,320.00,0
2025-01-26,STORE-BLR-02,SKU-RICE-5KG,1,320.00,0
2025-01-27,STORE-BLR-02,SKU-RICE-5KG,19,320.00,1
2025-01-28,STORE-BLR-02,SKU-RICE-5KG,15,320.00,0
2025-01-29,STORE-BLR-02,SKU-RICE-5KG,49,320.00,1
2025-01-30,STORE-BLR-02,SKU-RICE-5KG,19,320.00,0
2025-01-31,STORE-BLR-02,SKU-RICE-5KG,37,320.00,0
2025-02-01,STORE-BLR-02,SKU-RICE-5KG,52,320.00,0
2025-02-02,STORE-BLR-02,SKU-RICE-5KG,13,320.00,0
2025-02-03,STORE-BLR-02,SKU-RICE-5KG,23,320.00,1
2025-02-04,STORE-BLR-02,SKU-RICE-5KG,1,320.00,0
2025-02-05,STORE-BLR-02,SKU-RICE-5KG,5,320.00,0
2025-02-06,STORE-BLR-02,SKU-RICE-5KG,27,320.00,0
2025-02-07,STORE-BLR-02,SKU-RICE-5KG,69,320.00,1
2025-02-08,STORE-BLR-02,SKU-RICE-5KG,17,320.00,0
2025-02-09,STORE-BLR-02,SKU-RICE-5KG,31,320.00,0
2025-02-10,STORE-BLR-02,SKU-RICE-5KG,8,320.00,0
2025-02-11,STORE-BLR-02,SKU-RICE-5KG,3,320.00,0
2025-02-12,STORE-BLR-02,SKU-RICE-5KG,28,320.00,0
2025-02-13,STORE-BLR-02,SKU-RICE-5KG,1,320.00,0
2025-02-14,STORE-BLR-02,SKU-RICE-5KG,16,320.00,0
2025-02-15,STORE-BLR-02,SKU-RICE-5KG,19,320.00,0
2025-02-16,STORE-BLR-02,SKU-RICE-5KG,10,320.00,0
2025-02-17,STORE-BLR-02,SKU-RICE-5KG,5,320.00,0
2025-02-18,STORE-BLR-02,SKU-RICE-5KG,12,320.00,0
2025-02-19,STORE-BLR-02,SKU-RICE-5KG,17,320.00,0
2025-02-20,STORE-BLR-02,SKU-RICE-5KG,52,320.00,0
2025-02-21,STORE-BLR-02,SKU-RICE-5KG,3,320.00,0
2025-02-22,STORE-BLR-02,SKU-RICE-5KG,9,320.00,0
2025-02-23,STORE-BLR-02,SKU-RICE-5KG,38,320.00,0
2025-02-24,STORE-BLR-02,SKU-RICE-5KG,6,320.00,0
2025-02-25,STORE-BLR-02,SKU-RICE-5KG,11,320.00,0
2025-02-26,STORE-BLR-02,SKU-RICE-5KG,35,320.00,0
2025-02-27,STORE-BLR-02,SKU-RICE-5KG,0,320.00,0
2025-02-28,STORE-BLR-02,SKU-RICE-5KG,43,320.00,1
2025-03-01,STORE-BLR-02,SKU-RICE-5KG,10,320.00,0
2025-03-02,STORE-BLR-02,SKU-RICE-5KG,53,320.00,0
2025-03-03,STORE-BLR-02,SKU-RICE-5KG,11,320.00,0
2025-03-04,STORE-BLR-02,SKU-RICE-5KG,12,320.00,0
2025-03-05,STORE-BLR-02,SKU-RICE-5KG,8,320.00,0
2025-03-06,STORE-BLR-02,SKU-RICE-5KG,14,320.00,0
2025-03-07,STORE-BLR-02,SKU-RICE-5KG,17,320.00,0
2025-03-08,STORE-BLR-02,SKU-RICE-5KG,89,320.00,0
2025-03-09,STORE-BLR-02,SKU-RICE-5KG,20,320.00,0
2025-03-10,STORE-BLR-02,SKU-RICE-5KG,9,320.00,0
2025-03-11,STORE-BLR-02,SKU-RICE-5KG,17,320.00,1
2025-03-12,STORE-BLR-02,SKU-RICE-5KG,17,320.00,0
2025-03-13,STORE-BLR-02,SKU-RICE-5KG,5,320.00,0
2025-03-14,STORE-BLR-02,SKU-RICE-5KG,23,320.00,0
2025-03-15,STORE-BLR-02,SKU-RICE-5KG,36,320.00,1
2025-03-16,STORE-BLR-02,SKU-RICE-5KG,22,320.00,0
2025-03-17,STORE-BLR-02,SKU-RICE-5KG,12,320.00,0
2025-03-18,STORE-BLR-02,SKU-RICE-5KG,36,320.00,0
2025-03-19,STORE-BLR-02,SKU-RICE-5KG,33,320.00,0
2025-03-20,STORE-BLR-02,SKU-RICE-5KG,5,320.00,0
2025-03-21,STORE-BLR-02,SKU-RICE-5KG,4,320.00,0
2025-03-22,STORE-BLR-02,SKU-RICE-5KG,22,320.00,0
2025-03-23,STORE-BLR-02,SKU-RICE-5KG,6,320.00,0
2025-03-24,STORE-BLR-02,SKU-RICE-5KG,18,320.00,0
2025-03-25,STORE-BLR-02,SKU-RICE-5KG,3,320.00,0
2025-03-26,STORE-BLR-02,SKU-RICE-5KG,21,320.00,0
2025-03-27,STORE-BLR-02,SKU-RICE-5KG,16,320.00,0
2025-03-28,STORE-BLR-02,SKU-RICE-5KG,6,320.00,0
2025-03-29,STORE-BLR-02,SKU-RICE-5KG,8,320.00,0
2025-03-30,STORE-BLR-02,SKU-RICE-5KG,2,320.00,0
2025-03-31,STORE-BLR-02,SKU-RICE-5KG,28,320.00,0
2025-04-01,STORE-BLR-02,SKU-RICE-5KG,15,320.00,0
2025-04-02,STORE-BLR-02,SKU-RICE-5KG,3,320.00,0
2025-04-03,STORE-BLR-02,SKU-RICE-5KG,3,320.00,0
2025-04-04,STORE-BLR-02,SKU-RICE-5KG,15,320.00,0
2025-04-05,STORE-BLR-02,SKU-RICE-5KG,10,320.00,0
2025-04-06,STORE-BLR-02,SKU-RICE-5KG,16,320.00,0
2025-04-07,STORE-BLR-02,SKU-RICE-5KG,0,320.00,0
2025-04-08,STORE-BLR-02,SKU-RICE-5KG,6,320.00,0
2025-04-09,STORE-BLR-02,SKU-RICE-5KG,9,320.00,0
2025-04-10,STORE-BLR-02,SKU-RICE-5KG,22,320.00,0
2025-04-11,STORE-BLR-02,SKU-RICE-5KG,4,320.00,0
2025-04-12,STORE-BLR-02,SKU-RICE-5KG,6,320.00,0
2025-04-13,STORE-BLR-02,SKU-RICE-5KG,0,320.00,0
2025-04-14,STORE-BLR-02,SKU-RICE-5KG,23,320.00,0
2025-04-15,STORE-BLR-02,SKU-RICE-5KG,0,320.00,0
2025-04-16,STORE-BLR-02,SKU-RICE-5KG,7,320.00,1
2025-04-17,STORE-BLR-02,SKU-RICE-5KG,14,320.00,1
2025-04-18,STORE-BLR-02,SKU-RICE-5KG,5,320.00,1
2025-04-19,STORE-BLR-02,SKU-RICE-5KG,8,320.00,0
2025-04-20,STORE-BLR-02,SKU-RICE-5KG,5,320.00,0
2025-04-21,STORE-BLR-02,SKU-RICE-5KG,20,320.00,0
2025-04-22,STORE-BLR-02,SKU-RICE-5KG,8,320.00,0
2025-04-23,STORE-BLR-02,SKU-RICE-5KG,12,320.00,0
2025-04-24,STORE-BLR-02,SKU-RICE-5KG,32,320.00,0
2025-04-25,STORE-BLR-02,SKU-RICE-5KG,11,320.00,0
2025-04-26,STORE-BLR-02,SKU-RICE-5KG,21,320.00,0
2025-04-27,STORE-BLR-02,SKU-RICE-5KG,16,320.00,0
2025-04-28,STORE-BLR-02,SKU-RICE-5KG,0,320.00,0
2025-04-29,STORE-BLR-02,SKU-RICE-5KG,12,320.00,0
2025-04-30,STORE-BLR-02,SKU-RICE-5KG,5,320.00,0
2025-05-01,STORE-BLR-02,SKU-RICE-5KG,1,320.00,0
2025-05-02,STORE-BLR-02,SKU-RICE-5KG,7,320.00,0
2025-05-03,STORE-BLR-02,SKU-RICE-5KG,5,320.00,0
2025-05-04,STORE-BLR-02,SKU-RICE-5KG,26,320.00,0
2025-05-05,STORE-BLR-02,SKU-RICE-5KG,32,320.00,0
2025-05-06,STORE-BLR-02,SKU-RICE-5KG,19,320.00,0
2025-05-07,STORE-BLR-02,SKU-RICE-5KG,4,320.00,0
2025-05-08,STORE-BLR-02,SKU-RICE-5KG,8,320.00,1
2025-05-09,STORE-BLR-02,SKU-RICE-5KG,19,320.00,0
2025-05-10,STORE-BLR-02,SKU-RICE-5KG,3,320.00,0
2025-05-11,STORE-BLR-02,SKU-RICE-5KG,5,320.00,0
2025-05-12,STORE-BLR-02,SKU-RICE-5KG,0,320.00,0
2025-05-13,STORE-BLR-02,SKU-RICE-5KG,4,320.00,0
2025-05-14,STORE-BLR-02,SKU-RICE-5KG,3,320.00,0
2025-05-15,STORE-BLR-02,SKU-RICE-5KG,4,320.00,0
2025-05-16,STORE-BLR-02,SKU-RICE-5KG,0,320.00,0
2025-05-17,STORE-BLR-02,SKU-RICE-5KG,5,320.00,0
2025-05-18,STORE-BLR-02,SKU-RICE-5KG,0,320.00,0
2025-05-19,STORE-BLR-02,SKU-RICE-5KG,2,320.00,0
2025-05-20,STORE-BLR-02,SKU-RICE-5KG,16,320.00,0
2025-05-21,STORE-BLR-02,SKU-RICE-5KG,2,320.00,0
2025-05-22,STORE-BLR-02,SKU-RICE-5KG,2,320.00,0
2025-05-23,STORE-BLR-02,SKU-RICE-5KG,14,320.00,1
2025-05-24,STORE-BLR-02,SKU-RICE-5KG,12,320.00,0
2025-05-25,STORE-BLR-02,SKU-RICE-5KG,14,320.00,0
2025-05-26,STORE-BLR-02,SKU-RICE-5KG,0,320.00,0
2025-05-27,STORE-BLR-02,SKU-RICE-5KG,11,320.00,0
2025-05-28,STORE-BLR-02,SKU-RICE-5KG,3,320.00,0
2025-05-29,STORE-BLR-02,SKU-RICE-5KG,20,320.00,0
2025-05-30,STORE-BLR-02,SKU-RICE-5KG,40,320.00,1
2025-05-31,STORE-BLR-02,SKU-RICE-5KG,6,320.00,0
2025-06-01,STORE-BLR-02,SKU-RICE-5KG,63,320.00,1
2025-06-02,STORE-BLR-02,SKU-RICE-5KG,6,320.00,0
2025-06-03,STORE-BLR-02,SKU-RICE-5KG,7,320.00,0
2025-06-04,STORE-BLR-02,SKU-RICE-5KG,11,320.00,0
2025-06-05,STORE-BLR-02,SKU-RICE-5KG,0,320.00,0
2025-06-06,STORE-BLR-02,SKU-RICE-5KG,15,320.00,0
2025-06-07,STORE-BLR-02,SKU-RICE-5KG,18,320.00,0
2025-06-08,STORE-BLR-02,SKU-RICE-5KG,17,320.00,0
2025-06-09,STORE-BLR-02,SKU-RICE-5KG,4,320.00,0
2025-06-10,STORE-BLR-02,SKU-RICE-5KG,12,320.00,0
2025-06-11,STORE-BLR-02,SKU-RICE-5KG,6,320.00,0
2025-06-12,STORE-BLR-02,SKU-RICE-5KG,2,320.00,0
2025-06-13,STORE-BLR-02,SKU-RICE-5KG,12,320.00,0
2025-06-14,STORE-BLR-02,SKU-RICE-5KG,20,320.00,0
2025-06-15,STORE-BLR-02,SKU-RICE-5KG,8,320.00,0
2025-06-16,STORE-BLR-02,SKU-RICE-5KG,15,320.00,0
2025-06-17,STORE-BLR-02,SKU-RICE-5KG,29,320.00,1
2025-06-18,STORE-BLR-02,SKU-RICE-5KG,30,320.00,0
2025-06-19,STORE-BLR-02,SKU-RICE-5KG,10,320.00,0
2025-06-20,STORE-BLR-02,SKU-RICE-5KG,0,320.00,1
2025-06-21,STORE-BLR-02,SKU-RICE-5KG,6,320.00,0
2025-06-22,STORE-BLR-02,SKU-RICE-5KG,3,320.00,0
2025-06-23,STORE-BLR-02,SKU-RICE-5KG,6,320.00,0
2025-06-24,STORE-BLR-02,SKU-RICE-5KG,11,320.00,0
2025-06-25,STORE-BLR-02,SKU-RICE-5KG,2,320.00,0
2025-06-26,STORE-BLR-02,SKU-RICE-5KG,5,320.00,0
2025-06-27,STORE-BLR-02,SKU-RICE-5KG,11,320.00,0
2025-06-28,STORE-BLR-02,SKU-RICE-5KG,13,320.00,0
2025-06-29,STORE-BLR-02,SKU-RICE-5KG,13,320.00,1
2025-06-30,STORE-BLR-02,SKU-RICE-5KG,1,320.00,0
2025-07-01,STORE-BLR-02,SKU-RICE-5KG,2,320.00,0
2025-07-02,STORE-BLR-02,SKU-RICE-5KG,6,320.00,0
2025-07-03,STORE-BLR-02,SKU-RICE-5KG,0,320.00,0
2025-07-04,STORE-BLR-02,SKU-RICE-5KG,14,320.00,0
2025-07-05,STORE-BLR-02,SKU-RICE-5KG,3,320.00,0
2025-07-06,STORE-BLR-02,SKU-RICE-5KG,15,320.00,0
2025-07-07,STORE-BLR-02,SKU-RICE-5KG,23,320.00,0
2025-07-08,STORE-BLR-02,SKU-RICE-5KG,11,320.00,1
2025-07-09,STORE-BLR-02,SKU-RICE-5KG,15,320.00,0
2025-07-10,STORE-BLR-02,SKU-RICE-5KG,4,320.00,0
2025-07-11,STORE-BLR-02,SKU-RICE-5KG,23,320.00,0
2025-07-12,STORE-BLR-02,SKU-RICE-5KG,9,320.00,0
2025-07-13,STORE-BLR-02,SKU-RICE-5KG,2,320.00,0
2025-07-14,STORE-BLR-02,SKU-RICE-5KG,4,320.00,0
2025-07-15,STORE-BLR-02,SKU-RICE-5KG,8,320.00,0
2025-07-16,STORE-BLR-02,SKU-RICE-5KG,17,320.00,0
2025-07-17,STORE-BLR-02,SKU-RICE-5KG,6,320.00,0
2025-07-18,STORE-BLR-02,SKU-RICE-5KG,12,320.00,0
2025-07-19,STORE-BLR-02,SKU-RICE-5KG,11,320.00,0
2025-07-20,STORE-BLR-02,SKU-RICE-5KG,0,320.00,0
2025-07-21,STORE-BLR-02,SKU-RICE-5KG,6,320.00,0
2025-07-22,STORE-BLR-02,SKU-RICE-5KG,5,320.00,0
2025-07-23,STORE-BLR-02,SKU-RICE-5KG,0,320.00,0
2025-07-24,STORE-BLR-02,SKU-RICE-5KG,9,320.00,0
2025-07-25,STORE-BLR-02,SKU-RICE-5KG,0,320.00,0
2025-07-26,STORE-BLR-02,SKU-RICE-5KG,23,320.00,0
2025-07-27,STORE-BLR-02,SKU-RICE-5KG,3,320.00,1
2025-07-28,STORE-BLR-02,SKU-RICE-5KG,13,320.00,1
2025-07-29,STORE-BLR-02,SKU-RICE-5KG,3,320.00,0
2025-07-30,STORE-BLR-02,SKU-RICE-5KG,6,320.00,0
2025-07-31,STORE-BLR-02,SKU-RICE-5KG,75,320.00,0
2025-08-01,STORE-BLR-02,SKU-RICE-5KG,19,320.00,0
2025-08-02,STORE-BLR-02,SKU-RICE-5KG,5,320.00,0
2025-08-03,STORE-BLR-02,SKU-RICE-5KG,10,320.00,0
2025-08-04,STORE-BLR-02,SKU-RICE-5KG,19,320.00,0
2025-08-05,STORE-BLR-02,SKU-RICE-5KG,12,320.00,0
2025-08-06,STORE-BLR-02,SKU-RICE-5KG,18,320.00,0
2025-08-07,STORE-BLR-02,SKU-RICE-5KG,6,320.00,0
2025-08-08,STORE-BLR-02,SKU-RICE-5KG,0,320.00,0
2025-08-09,STORE-BLR-02,SKU-RICE-5KG,22,320.00,1
2025-08-10,STORE-BLR-02,SKU-RICE-5KG,9,320.00,0
2025-08-11,STORE-BLR-02,SKU-RICE-5KG,20,320.00,0
2025-08-12,STORE-BLR-02,SKU-RICE-5KG,1,320.00,0
2025-08-13,STORE-BLR-02,SKU-RICE-5KG,15,320.00,0
2025-08-14,STORE-BLR-02,SKU-RICE-5KG,5,320.00,0
2025-08-15,STORE-BLR-02,SKU-RICE-5KG,14,320.00,0
2025-08-16,STORE-BLR-02,SKU-RICE-5KG,9,320.00,0
2025-08-17,STORE-BLR-02,SKU-RICE-5KG,8,320.00,0
2025-08-18,STORE-BLR-02,SKU-RICE-5KG,7,320.00,0
2025-08-19,STORE-BLR-02,SKU-RICE-5KG,6,320.00,0
2025-08-20,STORE-BLR-02,SKU-RICE-5KG,6,320.00,0
2025-08-21,STORE-BLR-02,SKU-RICE-5KG,1,320.00,0
2025-08-22,STORE-BLR-02,SKU-RICE-5KG,3,320.00,0
2025-08-23,STORE-BLR-02,SKU-RICE-5KG,14,320.00,0
2025-08-24,STORE-BLR-02,SKU-RICE-5KG,0,320.00,0
2025-08-25,STORE-BLR-02,SKU-RICE-5KG,2,320.00,0
2025-08-26,STORE-BLR-02,SKU-RICE-5KG,14,320.00,0
2025-08-27,STORE-BLR-02,SKU-RICE-5KG,40,320.00,1
2025-08-28,STORE-BLR-02,SKU-RICE-5KG,8,320.00,0
2025-08-29,STORE-BLR-02,SKU-RICE-5KG,3,320.00,1
2025-08-30,STORE-BLR-02,SKU-RICE-5KG,12,320.00,0
2025-08-31,STORE-BLR-02,SKU-RICE-5KG,6,320.00,0
2025-09-01,STORE-BLR-02,SKU-RICE-5KG,3,320.00,0
2025-09-02,STORE-BLR-02,SKU-RICE-5KG,0,320.00,0
2025-09-03,STORE-BLR-02,SKU-RICE-5KG,0,320.00,0
2025-09-04,STORE-BLR-02,SKU-RICE-5KG,14,320.00,0
2025-09-05,STORE-BLR-02,SKU-RICE-5KG,16,320.00,0
2025-09-06,STORE-BLR-02,SKU-RICE-5KG,10,320.00,1
2025-09-07,STORE-BLR-02,SKU-RICE-5KG,11,320.00,0
2025-09-08,STORE-BLR-02,SKU-RICE-5KG,13,320.00,0
2025-09-09,STORE-BLR-02,SKU-RICE-5KG,6,320.00,1
2025-09-10,STORE-BLR-02,SKU-RICE-5KG,18,320.00,1
2025-09-11,STORE-BLR-02,SKU-RICE-5KG,2,320.00,0
2025-09-12,STORE-BLR-02,SKU-RICE-5KG,9,320.00,0
2025-09-13,STORE-BLR-02,SKU-RICE-5KG,0,320.00,0
2025-09-14,STORE-BLR-02,SKU-RICE-5KG,6,320.00,0
2025-09-15,STORE-BLR-02,SKU-RICE-5KG,9,320.00,0
2025-09-16,STORE-BLR-02,SKU-RICE-5KG,14,320.00,0
2025-09-17,STORE-BLR-02,SKU-RICE-5KG,16,320.00,0
2025-09-18,STORE-BLR-02,SKU-RICE-5KG,1,320.00,0
2025-09-19,STORE-BLR-02,SKU-RICE-5KG,6,320.00,0
2025-09-20,STORE-BLR-02,SKU-RICE-5KG,23,320.00,0
2025-09-21,STORE-BLR-02,SKU-RICE-5KG,5,320.00,0
2025-09-22,STORE-BLR-02,SKU-RICE-5KG,6,320.00,0
2025-09-23,STORE-BLR-02,SKU-RICE-5KG,26,320.00,0
2025-09-24,STORE-BLR-02,SKU-RICE-5KG,13,320.00,0
2025-09-25,STORE-BLR-02,SKU-RICE-5KG,13,320.00,0
2025-09-26,STORE-BLR-02,SKU-RICE-5KG,9,320.00,0
2025-09-27,STORE-BLR-02,SKU-RICE-5KG,10,320.00,0
2025-09-28,STORE-BLR-02,SKU-RICE-5KG,0,320.00,0
2025-09-29,STORE-BLR-02,SKU-RICE-5KG,2,320.00,0
2025-09-30,STORE-BLR-02,SKU-RICE-5KG,12,320.00,0
2025-10-01,STORE-BLR-02,SKU-RICE-5KG,2,320.00,0
2025-10-02,STORE-BLR-02,SKU-RICE-5KG,1,320.00,0
2025-10-03,STORE-BLR-02,SKU-RICE-5KG,0,320.00,0
2025-10-04,STORE-BLR-02,SKU-RICE-5KG,6,320.00,0
2025-10-05,STORE-BLR-02,SKU-RICE-5KG,2,320.00,0
2025-10-06,STORE-BLR-02,SKU-RICE-5KG,25,320.00,0
2025-10-07,STORE-BLR-02,SKU-RICE-5KG,5,320.00,0
2025-10-08,STORE-BLR-02,SKU-RICE-5KG,21,320.00,0
2025-10-09,STORE-BLR-02,SKU-RICE-5KG,9,320.00,0
2025-10-10,STORE-BLR-02,SKU-RICE-5KG,30,320.00,0
2025-10-11,STORE-BLR-02,SKU-RICE-5KG,14,320.00,0
2025-10-12,STORE-BLR-02,SKU-RICE-5KG,3,320.00,0
2025-10-13,STORE-BLR-02,SKU-RICE-5KG,0,320.00,0
2025-10-14,STORE-BLR-02,SKU-RICE-5KG,0,320.00,0
2025-10-15,STORE-BLR-02,SKU-RICE-5KG,5,320.00,0
2025-10-16,STORE-BLR-02,SKU-RICE-5KG,14,320.00,0
2025-10-17,STORE-BLR-02,SKU-RICE-5KG,13,320.00,0
2025-10-18,STORE-BLR-02,SKU-RICE-5KG,17,320.00,0
2025-10-19,STORE-BLR-02,SKU-RICE-5KG,8,320.00,0
2025-10-20,STORE-BLR-02,SKU-RICE-5KG,0,320.00,0
2025-10-21,STORE-BLR-02,SKU-RICE-5KG,24,320.00,0
2025-10-22,STORE-BLR-02,SKU-RICE-5KG,42,320.00,0
2025-10-23,STORE-BLR-02,SKU-RICE-5KG,19,320.00,0
2025-10-24,STORE-BLR-02,SKU-RICE-5KG,0,320.00,0
2025-10-25,STORE-BLR-02,SKU-RICE-5KG,0,320.00,0
2025-10-26,STORE-BLR-02,SKU-RICE-5KG,0,320.00,0
2025-10-27,STORE-BLR-02,SKU-RICE-5KG,58,320.00,0
2025-10-28,STORE-BLR-02,SKU-RICE-5KG,4,320.00,0
2025-10-29,STORE-BLR-02,SKU-RICE-5KG,7,320.00,0
2025-10-30,STORE-BLR-02,SKU-RICE-5KG,6,320.00,0
2025-10-31,STORE-BLR-02,SKU-RICE-5KG,0,320.00,0
2025-11-01,STORE-BLR-02,SKU-RICE-5KG,11,320.00,0
2025-11-02,STORE-BLR-02,SKU-RICE-5KG,2,320.00,0
2025-11-03,STORE-BLR-02,SKU-RICE-5KG,5,320.00,0
2025-11-04,STORE-BLR-02,SKU-RICE-5KG,23,320.00,0
2025-11-05,STORE-BLR-02,SKU-RICE-5KG,12,320.00,0
2025-11-06,STORE-BLR-02,SKU-RICE-5KG,14,320.00,0
2025-11-07,STORE-BLR-02,SKU-RICE-5KG,4,320.00,0
2025-11-08,STORE-BLR-02,SKU-RICE-5KG,3,320.00,0
2025-11-09,STORE-BLR-02,SKU-RICE-5KG,1,320.00,0
2025-11-10,STORE-BLR-02,SKU-RICE-5KG,6,320.00,0
2025-11-11,STORE-BLR-02,SKU-RICE-5KG,3,320.00,0
2025-11-12,STORE-BLR-02,SKU-RICE-5KG,6,320.00,0
2025-11-13,STORE-BLR-02,SKU-RICE-5KG,25,320.00,0
2025-11-14,STORE-BLR-02,SKU-RICE-5KG,25,320.00,1
2025-11-15,STORE-BLR-02,SKU-RICE-5KG,11,320.00,0
2025-11-16,STORE-BLR-02,SKU-RICE-5KG,7,320.00,0
2025-11-17,STORE-BLR-02,SKU-RICE-5KG,6,320.00,1
2025-11-18,STORE-BLR-02,SKU-RICE-5KG,10,320.00,0
2025-11-19,STORE-BLR-02,SKU-RICE-5KG,3,320.00,0
2025-11-20,STORE-BLR-02,SKU-RICE-5KG,7,320.00,0
2025-11-21,STORE-BLR-02,SKU-RICE-5KG,15,320.00,0
2025-11-22,STORE-BLR-02,SKU-RICE-5KG,11,320.00,0
2025-11-23,STORE-BLR-02,SKU-RICE-5KG,30,320.00,0
2025-11-24,STORE-BLR-02,SKU-RICE-5KG,9,320.00,0
2025-11-25,STORE-BLR-02,SKU-RICE-5KG,2,320.00,0
2025-11-26,STORE-BLR-02,SKU-RICE-5KG,27,320.00,1
2025-11-27,STORE-BLR-02,SKU-RICE-5KG,1,320.00,0
2025-11-28,STORE-BLR-02,SKU-RICE-5KG,10,320.00,0
2025-11-29,STORE-BLR-02,SKU-RICE-5KG,3,320.00,0
2025-11-30,STORE-BLR-02,SKU-RICE-5KG,82,320.00,0
2025-12-01,STORE-BLR-02,SKU-RICE-5KG,3,320.00,0
2025-12-02,STORE-BLR-02,SKU-RICE-5KG,5,320.00,0
2025-12-03,STORE-BLR-02,SKU-RICE-5KG,2,320.00,0
2025-12-04,STORE-BLR-02,SKU-RICE-5KG,19,320.00,0
2025-12-05,STORE-BLR-02,SKU-RICE-5KG,6,320.00,0
2025-12-06,STORE-BLR-02,SKU-RICE-5KG,10,320.00,0
2025-12-07,STORE-BLR-02,SKU-RICE-5KG,14,320.00,0
2025-12-08,STORE-BLR-02,SKU-RICE-5KG,8,320.00,0
2025-12-09,STORE-BLR-02,SKU-RICE-5KG,9,320.00,0
2025-12-10,STORE-BLR-02,SKU-RICE-5KG,9,320.00,0
2025-12-11,STORE-BLR-02,SKU-RICE-5KG,19,320.00,0
2025-12-12,STORE-BLR-02,SKU-RICE-5KG,11,320.00,0
2025-12-13,STORE-BLR-02,SKU-RICE-5KG,17,320.00,0
2025-12-14,STORE-BLR-02,SKU-RICE-5KG,2,320.00,0
2025-12-15,STORE-BLR-02,SKU-RICE-5KG,6,320.00,0
2025-12-16,STORE-BLR-02,SKU-RICE-5KG,0,320.00,0
2025-12-17,STORE-BLR-02,SKU-RICE-5KG,5,320.00,0
2025-12-18,STORE-BLR-02,SKU-RICE-5KG,6,320.00,0
2025-12-19,STORE-BLR-02,SKU-RICE-5KG,24,320.00,0
2025-12-20,STORE-BLR-02,SKU-RICE-5KG,14,320.00,0
2025-12-21,STORE-BLR-02,SKU-RICE-5KG,0,320.00,0
2025-12-22,STORE-BLR-02,SKU-RICE-5KG,8,320.00,0
2025-12-23,STORE-BLR-02,SKU-RICE-5KG,2,320.00,0
2025-12-24,STORE-BLR-02,SKU-RICE-5KG,63,320.00,0
2025-12-25,STORE-BLR-02,SKU-RICE-5KG,11,320.00,1
2025-12-26,STORE-BLR-02,SKU-RICE-5KG,3,320.00,0
2025-12-27,STORE-BLR-02,SKU-RICE-5KG,7,320.00,0
2025-12-28,STORE-BLR-02,SKU-RICE-5KG,5,320.00,0
2025-12-29,STORE-BLR-02,SKU-RICE-5KG,8,320.00,0
2025-12-30,STORE-BLR-02,SKU-RICE-5KG,0,320.00,1
2024-01-01,STORE-BLR-02,SKU-OIL-1L,8,160.00,0
2024-01-02,STORE-BLR-02,SKU-OIL-1L,7,160.00,0
2024-01-03,STORE-BLR-02,SKU-OIL-1L,12,160.00,0
2024-01-04,STORE-BLR-02,SKU-OIL-1L,6,160.00,1
2024-01-05,STORE-BLR-02,SKU-OIL-1L,3,160.00,0
2024-01-06,STORE-BLR-02,SKU-OIL-1L,6,160.00,0
2024-01-07,STORE-BLR-02,SKU-OIL-1L,6,160.00,0
2024-01-08,STORE-BLR-02,SKU-OIL-1L,0,160.00,0
2024-01-09,STORE-BLR-02,SKU-OIL-1L,5,160.00,0
2024-01-10,STORE-BLR-02,SKU-OIL-1L,4,160.00,0
2024-01-11,STORE-BLR-02,SKU-OIL-1L,5,160.00,0
2024-01-12,STORE-BLR-02,SKU-OIL-1L,3,160.00,0
2024-01-13,STORE-BLR-02,SKU-OIL-1L,0,160.00,1
2024-01-14,STORE-BLR-02,SKU-OIL-1L,0,160.00,0
2024-01-15,STORE-BLR-02,SKU-OIL-1L,6,160.00,0
2024-01-16,STORE-BLR-02,SKU-OIL-1L,0,160.00,1
2024-01-17,STORE-BLR-02,SKU-OIL-1L,3,160.00,0
2024-01-18,STORE-BLR-02,SKU-OIL-1L,0,160.00,0
2024-01-19,STORE-BLR-02,SKU-OIL-1L,0,160.00,0
2024-01-20,STORE-BLR-02,SKU-OIL-1L,0,160.00,0
2024-01-21,STORE-BLR-02,SKU-OIL-1L,9,160.00,1
2024-01-22,STORE-BLR-02,SKU-OIL-1L,119,160.00,0
2024-01-23,STORE-BLR-02,SKU-OIL-1L,7,160.00,0
2024-01-24,STORE-BLR-02,SKU-OIL-1L,20,160.00,0
2024-01-25,STORE-BLR-02,SKU-OIL-1L,4,160.00,0
2024-01-26,STORE-BLR-02,SKU-OIL-1L,2,160.00,0
2024-01-27,STORE-BLR-02,SKU-OIL-1L,7,160.00,0
2024-01-28,STORE-BLR-02,SKU-OIL-1L,0,160.00,0
2024-01-29,STORE-BLR-02,SKU-OIL-1L,6,160.00,0
2024-01-30,STORE-BLR-02,SKU-OIL-1L,14,160.00,0
2024-01-31,STORE-BLR-02,SKU-OIL-1L,10,160.00,0
2024-02-01,STORE-BLR-02,SKU-OIL-1L,2,160.00,1
2024-02-02,STORE-BLR-02,SKU-OIL-1L,8,160.00,0
2024-02-03,STORE-BLR-02,SKU-OIL-1L,0,160.00,0
2024-02-04,STORE-BLR-02,SKU-OIL-1L,0,160.00,1
2024-02-05,STORE-BLR-02,SKU-OIL-1L,0,160.00,0
2024-02-06,STORE-BLR-02,SKU-OIL-1L,7,160.00,0
2024-02-07,STORE-BLR-02,SKU-OIL-1L,31,160.00,0
2024-02-08,STORE-BLR-02,SKU-OIL-1L,6,160.00,0
2024-02-09,STORE-BLR-02,SKU-OIL-1L,3,160.00,0
2024-02-10,STORE-BLR-02,SKU-OIL-1L,4,160.00,0
2024-02-11,STORE-BLR-02,SKU-OIL-1L,0,160.00,0
2024-02-12,STORE-BLR-02,SKU-OIL-1L,14,160.00,1
2024-02-13,STORE-BLR-02,SKU-OIL-1L,3,160.00,0
2024-02-14,STORE-BLR-02,SKU-OIL-1L,6,160.00,1
2024-02-15,STORE-BLR-02,SKU-OIL-1L,4,160.00,0
2024-02-16,STORE-BLR-02,SKU-OIL-1L,0,160.00,0
2024-02-17,STORE-BLR-02,SKU-OIL-1L,12,160.00,0
2024-02-18,STORE-BLR-02,SKU-OIL-1L,12,160.00,0
2024-02-19,STORE-BLR-02,SKU-OIL-1L,1,160.00,0
2024-02-20,STORE-BLR-02,SKU-OIL-1L,0,160.00,0
2024-02-21,STORE-BLR-02,SKU-OIL-1L,11,160.00,0
2024-02-22,STORE-BLR-02,SKU-OIL-1L,6,160.00,0
2024-02-23,STORE-BLR-02,SKU-OIL-1L,1,160.00,0
2024-02-24,STORE-BLR-02,SKU-OIL-1L,44,160.00,0
2024-02-25,STORE-BLR-02,SKU-OIL-1L,19,160.00,1
2024-02-26,STORE-BLR-02,SKU-OIL-1L,10,160.00,0
2024-02-27,STORE-BLR-02,SKU-OIL-1L,7,160.00,1
2024-02-28,STORE-BLR-02,SKU-OIL-1L,0,160.00,1
2024-02-29,STORE-BLR-02,SKU-OIL-1L,26,160.00,0
2024-03-01,STORE-BLR-02,SKU-OIL-1L,7,160.00,1
2024-03-02,STORE-BLR-02,SKU-OIL-1L,2,160.00,0
2024-03-03,STORE-BLR-02,SKU-OIL-1L,3,160.00,0
2024-03-04,STORE-BLR-02,SKU-OIL-1L,2,160.00,0
2024-03-05,STORE-BLR-02,SKU-OIL-1L,8,160.00,0
2024-03-06,STORE-BLR-02,SKU-OIL-1L,6,160.00,0
2024-03-07,STORE-BLR-02,SKU-OIL-1L,15,160.00,0
2024-03-08,STORE-BLR-02,SKU-OIL-1L,5,160.00,0
2024-03-09,STORE-BLR-02,SKU-OIL-1L,3,160.00,0
2024-03-10,STORE-BLR-02,SKU-OIL-1L,5,160.00,0
2024-03-11,STORE-BLR-02,SKU-OIL-1L,0,160.00,0
2024-03-12,STORE-BLR-02,SKU-OIL-1L,13,160.00,0
2024-03-13,STORE-BLR-02,SKU-OIL-1L,66,160.00,1
2024-03-14,STORE-BLR-02,SKU-OIL-1L,16,160.00,0
2024-03-15,STORE-BLR-02,SKU-OIL-1L,2,160.00,1
2024-03-16,STORE-BLR-02,SKU-OIL-1L,2,160.00,0
2024-03-17,STORE-BLR-02,SKU-OIL-1L,19,160.00,0
2024-03-18,STORE-BLR-02,SKU-OIL-1L,7,160.00,0
2024-03-19,STORE-BLR-02,SKU-OIL-1L,6,160.00,0
2024-03-20,STORE-BLR-02,SKU-OIL-1L,16,160.00,0
2024-03-21,STORE-BLR-02,SKU-OIL-1L,0,160.00,1
2024-03-22,STORE-BLR-02,SKU-OIL-1L,0,160.00,0
2024-03-23,STORE-BLR-02,SKU-OIL-1L,24,160.00,0
2024-03-24,STORE-BLR-02,SKU-OIL-1L,0,160.00,0
2024-03-25,STORE-BLR-02,SKU-OIL-1L,13,160.00,0
2024-03-26,STORE-BLR-02,SKU-OIL-1L,14,160.00,1
2024-03-27,STORE-BLR-02,SKU-OIL-1L,12,160.00,0
2024-03-28,STORE-BLR-02,SKU-OIL-1L,0,160.00,0
2024-03-29,STORE-BLR-02,SKU-OIL-1L,4,160.00,0
2024-03-30,STORE-BLR-02,SKU-OIL-1L,0,160.00,0
2024-03-31,STORE-BLR-02,SKU-OIL-1L,8,160.00,0
2024-04-01,STORE-BLR-02,SKU-OIL-1L,4,160.00,0
2024-04-02,STORE-BLR-02,SKU-OIL-1L,35,160.00,0
2024-04-03,STORE-BLR-02,SKU-OIL-1L,7,160.00,0
2024-04-04,STORE-BLR-02,SKU-OIL-1L,21,160.00,0
2024-04-05,STORE-BLR-02,SKU-OIL-1L,7,160.00,0
2024-04-06,STORE-BLR-02,SKU-OIL-1L,9,160.00,0
2024-04-07,STORE-BLR-02,SKU-OIL-1L,0,160.00,0
2024-04-08,STORE-BLR-02,SKU-OIL-1L,33,160.00,1
2024-04-09,STORE-BLR-02,SKU-OIL-1L,3,160.00,0
2024-04-10,STORE-BLR-02,SKU-OIL-1L,10,160.00,0
2024-04-11,STORE-BLR-02,SKU-OIL-1L,0,160.00,0
2024-04-12,STORE-BLR-02,SKU-OIL-1L,11,160.00,0
2024-04-13,STORE-BLR-02,SKU-OIL-1L,24,160.00,1
2024-04-14,STORE-BLR-02,SKU-OIL-1L,5,160.00,0
2024-04-15,STORE-BLR-02,SKU-OIL-1L,17,160.00,0
2024-04-16,STORE-BLR-02,SKU-OIL-1L,63,160.00,0
2024-04-17,STORE-BLR-02,SKU-OIL-1L,12,160.00,0
2024-04-18,STORE-BLR-02,SKU-OIL-1L,12,160.00,0
2024-04-19,STORE-BLR-02,SKU-OIL-1L,2,160.00,0
2024-04-20,STORE-BLR-02,SKU-OIL-1L,9,160.00,0
2024-04-21,STORE-BLR-02,SKU-OIL-1L,0,160.00,0
2024-04-22,STORE-BLR-02,SKU-OIL-1L,6,160.00,0
2024-04-23,STORE-BLR-02,SKU-OIL-1L,14,160.00,0
2024-04-24,STORE-BLR-02,SKU-OIL-1L,7,160.00,0
2024-04-25,STORE-BLR-02,SKU-OIL-1L,8,160.00,0
2024-04-26,STORE-BLR-02,SKU-OIL-1L,2,160.00,0
2024-04-27,STORE-BLR-02,SKU-OIL-1L,22,160.00,0
2024-04-28,STORE-BLR-02,SKU-OIL-1L,19,160.00,0
2024-04-29,STORE-BLR-02,SKU-OIL-1L,13,160.00,0
2024-04-30,STORE-BLR-02,SKU-OIL-1L,4,160.00,0
2024-05-01,STORE-BLR-02,SKU-OIL-1L,13,160.00,0
2024-05-02,STORE-BLR-02,SKU-OIL-1L,5,160.00,0
2024-05-03,STORE-BLR-02,SKU-OIL-1L,3,160.00,0
2024-05-04,STORE-BLR-02,SKU-OIL-1L,11,160.00,0
2024-05-05,STORE-BLR-02,SKU-OIL-1L,0,160.00,0
2024-05-06,STORE-BLR-02,SKU-OIL-1L,14,160.00,0
2024-05-07,STORE-BLR-02,SKU-OIL-1L,22,160.00,0
2024-05-08,STORE-BLR-02,SKU-OIL-1L,24,160.00,0
2024-05-09,STORE-BLR-02,SKU-OIL-1L,10,160.00,0
2024-05-10,STORE-BLR-02,SKU-OIL-1L,3,160.00,0
2024-05-11,STORE-BLR-02,SKU-OIL-1L,5,160.00,0
2024-05-12,STORE-BLR-02,SKU-OIL-1L,0,160.00,0
2024-05-13,STORE-BLR-02,SKU-OIL-1L,10,160.00,0
2024-05-14,STORE-BLR-02,SKU-OIL-1L,5,160.00,0
2024-05-15,STORE-BLR-02,SKU-OIL-1L,2,160.00,0
2024-05-16,STORE-BLR-02,SKU-OIL-1L,7,160.00,0
2024-05-17,STORE-BLR-02,SKU-OIL-1L,4,160.00,0
2024-05-18,STORE-BLR-02,SKU-OIL-1L,18,160.00,0
2024-05-19,STORE-BLR-02,SKU-OIL-1L,15,160.00,0
2024-05-20,STORE-BLR-02,SKU-OIL-1L,11,160.00,0
2024-05-21,STORE-BLR-02,SKU-OIL-1L,0,160.00,0
2024-05-22,STORE-BLR-02,SKU-OIL-1L,0,160.00,0
2024-05-23,STORE-BLR-02,SKU-OIL-1L,0,160.00,0
2024-05-24,STORE-BLR-02,SKU-OIL-1L,0,160.00,0
2024-05-25,STORE-BLR-02,SKU-OIL-1L,0,160.00,0
2024-05-26,STORE-BLR-02,SKU-OIL-1L,0,160.00,0
2024-05-27,STORE-BLR-02,SKU-OIL-1L,0,160.00,0
2024-05-28,STORE-BLR-02,SKU-OIL-1L,18,160.00,0
2024-05-29,STORE-BLR-02,SKU-OIL-1L,19,160.00,0
2024-05-30,STORE-BLR-02,SKU-OIL-1L,0,160.00,1
2024-05-31,STORE-BLR-02,SKU-OIL-1L,0,160.00,1
2024-06-01,STORE-BLR-02,SKU-OIL-1L,7,160.00,0
2024-06-02,STORE-BLR-02,SKU-OIL-1L,8,160.00,1
2024-06-03,STORE-BLR-02,SKU-OIL-1L,12,160.00,0
2024-06-04,STORE-BLR-02,SKU-OIL-1L,0,160.00,0
2024-06-05,STORE-BLR-02,SKU-OIL-1L,3,160.00,0
2024-06-06,STORE-BLR-02,SKU-OIL-1L,3,160.00,0
2024-06-07,STORE-BLR-02,SKU-OIL-1L,27,160.00,1
2024-06-08,STORE-BLR-02,SKU-OIL-1L,10,160.00,0
2024-06-09,STORE-BLR-02,SKU-OIL-1L,0,160.00,0
2024-06-10,STORE-BLR-02,SKU-OIL-1L,0,160.00,0
2024-06-11,STORE-BLR-02,SKU-OIL-1L,4,160.00,0
2024-06-12,STORE-BLR-02,SKU-OIL-1L,6,160.00,1
2024-06-13,STORE-BLR-02,SKU-OIL-1L,22,160.00,0
2024-06-14,STORE-BLR-02,SKU-OIL-1L,2,160.00,0
2024-06-15,STORE-BLR-02,SKU-OIL-1L,31,160.00,0
2024-06-16,STORE-BLR-02,SKU-OIL-1L,6,160.00,1
2024-06-17,STORE-BLR-02,SKU-OIL-1L,0,160.00,0
2024-06-18,STORE-BLR-02,SKU-OIL-1L,2,160.00,0
2024-06-19,STORE-BLR-02,SKU-OIL-1L,3,160.00,0
2024-06-20,STORE-BLR-02,SKU-OIL-1L,3,160.00,0
2024-06-21,STORE-BLR-02,SKU-OIL-1L,3,160.00,0
2024-06-22,STORE-BLR-02,SKU-OIL-1L,4,160.00,0
2024-06-23,STORE-BLR-02,SKU-OIL-1L,5,160.00,0
2024-06-24,STORE-BLR-02,SKU-OIL-1L,9,160.00,0
2024-06-25,STORE-BLR-02,SKU-OIL-1L,4,160.00,0
2024-06-26,STORE-BLR-02,SKU-OIL-1L,8,160.00,0
2024-06-27,STORE-BLR-02,SKU-OIL-1L,5,160.00,0
2024-06-28,STORE-BLR-02,SKU-OIL-1L,24,160.00,1
2024-06-29,STORE-BLR-02,SKU-OIL-1L,0,160.00,0
2024-06-30,STORE-BLR-02,SKU-OIL-1L,0,160.00,0
2024-07-01,STORE-BLR-02,SKU-OIL-1L,5,160.00,0
2024-07-02,STORE-BLR-02,SKU-OIL-1L,16,160.00,0
2024-07-03,STORE-BLR-02,SKU-OIL-1L,0,160.00,0
2024-07-04,STORE-BLR-02,SKU-OIL-1L,0,160.00,1
2024-07-05,STORE-BLR-02,SKU-OIL-1L,4,160.00,0
2024-07-06,STORE-BLR-02,SKU-OIL-1L,7,160.00,0
2024-07-07,STORE-BLR-02,SKU-OIL-1L,39,160.00,0
2024-07-08,STORE-BLR-02,SKU-OIL-1L,2,160.00,0
2024-07-09,STORE-BLR-02,SKU-OIL-1L,4,160.00,0
2024-07-10,STORE-BLR-02,SKU-OIL-1L,0,160.00,0
2024-07-11,STORE-BLR-02,SKU-OIL-1L,8,160.00,0
2024-07-12,STORE-BLR-02,SKU-OIL-1L,4,160.00,0
2024-07-13,STORE-BLR-02,SKU-OIL-1L,5,160.00,0
2024-07-14,STORE-BLR-02,SKU-OIL-1L,47,160.00,1
2024-07-15,STORE-BLR-02,SKU-OIL-1L,8,160.00,0
2024-07-16,STORE-BLR-02,SKU-OIL-1L,0,160.00,0
2024-07-17,STORE-BLR-02,SKU-OIL-1L,13,160.00,1
2024-07-18,STORE-BLR-02,SKU-OIL-1L,9,160.00,0
2024-07-19,STORE-BLR-02,SKU-OIL-1L,3,160.00,0
2024-07-20,STORE-BLR-02,SKU-OIL-1L,7,160.00,1
2024-07-21,STORE-BLR-02,SKU-OIL-1L,0,160.00,0
2024-07-22,STORE-BLR-02,SKU-OIL-1L,3,160.00,0
2024-07-23,STORE-BLR-02,SKU-OIL-1L,3,160.00,0
2024-07-24,STORE-BLR-02,SKU-OIL-1L,5,160.00,0
2024-07-25,STORE-BLR-02,SKU-OIL-1L,31,160.00,0
2024-07-26,STORE-BLR-02,SKU-OIL-1L,13,160.00,0
2024-07-27,STORE-BLR-02,SKU-OIL-1L,8,160.00,0
2024-07-28,STORE-BLR-02,SKU-OIL-1L,5,160.00,0
2024-07-29,STORE-BLR-02,SKU-OIL-1L,5,160.00,0
2024-07-30,STORE-BLR-02,SKU-OIL-1L,5,160.00,0
2024-07-31,STORE-BLR-02,SKU-OIL-1L,6,160.00,0
2024-08-01,STORE-BLR-02,SKU-OIL-1L,0,160.00,0
2024-08-02,STORE-BLR-02,SKU-OIL-1L,0,160.00,0
2024-08-03,STORE-BLR-02,SKU-OIL-1L,8,160.00,0
2024-08-04,STORE-BLR-02,SKU-OIL-1L,10,160.00,0
2024-08-05,STORE-BLR-02,SKU-OIL-1L,4,160.00,0
2024-08-06,STORE-BLR-02,SKU-OIL-1L,1,160.00,0
2024-08-07,STORE-BLR-02,SKU-OIL-1L,7,160.00,0
2024-08-08,STORE-BLR-02,SKU-OIL-1L,0,160.00,0
2024-08-09,STORE-BLR-02,SKU-OIL-1L,9,160.00,0
2024-08-10,STORE-BLR-02,SKU-OIL-1L,37,160.00,0
2024-08-11,STORE-BLR-02,SKU-OIL-1L,13,160.00,0
2024-08-12,STORE-BLR-02,SKU-OIL-1L,1,160.00,0
2024-08-13,STORE-BLR-02,SKU-OIL-1L,10,160.00,0
2024-08-14,STORE-BLR-02,SKU-OIL-1L,0,160.00,0
2024-08-15,STORE-BLR-02,SKU-OIL-1L,11,160.00,0
2024-08-16,STORE-BLR-02,SKU-OIL-1L,3,160.00,0
2024-08-17,STORE-BLR-02,SKU-OIL-1L,20,160.00,0
2024-08-18,STORE-BLR-02,SKU-OIL-1L,12,160.00,0
2024-08-19,STORE-BLR-02,SKU-OIL-1L,5,160.00,0
2024-08-20,STORE-BLR-02,SKU-OIL-1L,0,160.00,0
2024-08-21,STORE-BLR-02,SKU-OIL-1L,5,160.00,0
2024-08-22,STORE-BLR-02,SKU-OIL-1L,0,160.00,0
2024-08-23,STORE-BLR-02,SKU-OIL-1L,6,160.00,0
2024-08-24,STORE-BLR-02,SKU-OIL-1L,0,160.00,0
2024-08-25,STORE-BLR-02,SKU-OIL-1L,4,160.00,0
2024-08-26,STORE-BLR-02,SKU-OIL-1L,0,160.00,0
2024-08-27,STORE-BLR-02,SKU-OIL-1L,7,160.00,0
2024-08-28,STORE-BLR-02,SKU-OIL-1L,4,160.00,0
2024-08-29,STORE-BLR-02,SKU-OIL-1L,2,160.00,0
2024-08-30,STORE-BLR-02,SKU-OIL-1L,5,160.00,0
2024-08-31,STORE-BLR-02,SKU-OIL-1L,4,160.00,0
2024-09-01,STORE-BLR-02,SKU-OIL-1L,4,160.00,0
2024-09-02,STORE-BLR-02,SKU-OIL-1L,3,160.00,0
2024-09-03,STORE-BLR-02,SKU-OIL-1L,34,160.00,0
2024-09-04,STORE-BLR-02,SKU-OIL-1L,3,160.00,0
2024-09-05,STORE-BLR-02,SKU-OIL-1L,1,160.00,0
2024-09-06,STORE-BLR-02,SKU-OIL-1L,0,160.00,0
2024-09-07,STORE-BLR-02,SKU-OIL-1L,16,160.00,1
2024-09-08,STORE-BLR-02,SKU-OIL-1L,34,160.00,0
2024-09-09,STORE-BLR-02,SKU-OIL-1L,9,160.00,0
2024-09-10,STORE-BLR-02,SKU-OIL-1L,8,160.00,0
2024-09-11,STORE-BLR-02,SKU-OIL-1L,18,160.00,1
2024-09-12,STORE-BLR-02,SKU-OIL-1L,0,160.00,0
2024-09-13,STORE-BLR-02,SKU-OIL-1L,9,160.00,0
2024-09-14,STORE-BLR-02,SKU-OIL-1L,9,160.00,0
2024-09-15,STORE-BLR-02,SKU-OIL-1L,6,160.00,0
2024-09-16,STORE-BLR-02,SKU-OIL-1L,0,160.00,0
2024-09-17,STORE-BLR-02,SKU-OIL-1L,2,160.00,0
2024-09-18,STORE-BLR-02,SKU-OIL-1L,5,160.00,0
2024-09-19,STORE-BLR-02,SKU-OIL-1L,1,160.00,0
2024-09-20,STORE-BLR-02,SKU-OIL-1L,4,160.00,0
2024-09-21,STORE-BLR-02,SKU-OIL-1L,2,160.00,0
2024-09-22,STORE-BLR-02,SKU-OIL-1L,3,160.00,0
2024-09-23,STORE-BLR-02,SKU-OIL-1L,3,160.00,0
2024-09-24,STORE-BLR-02,SKU-OIL-1L,0,160.00,0
2024-09-25,STORE-BLR-02,SKU-OIL-1L,12,160.00,0
2024-09-26,STORE-BLR-02,SKU-OIL-1L,0,160.00,1
2024-09-27,STORE-BLR-02,SKU-OIL-1L,0,160.00,0
2024-09-28,STORE-BLR-02,SKU-OIL-1L,1,160.00,0
2024-09-29,STORE-BLR-02,SKU-OIL-1L,39,160.00,0
2024-09-30,STORE-BLR-02,SKU-OIL-1L,8,160.00,0
2024-10-01,STORE-BLR-02,SKU-OIL-1L,1,160.00,0
2024-10-02,STORE-BLR-02,SKU-OIL-1L,3,160.00,0
2024-10-03,STORE-BLR-02,SKU-OIL-1L,2,160.00,0
2024-10-04,STORE-BLR-02,SKU-OIL-1L,10,160.00,0
2024-10-05,STORE-BLR-02,SKU-OIL-1L,6,160.00,0
2024-10-06,STORE-BLR-02,SKU-OIL-1L,12,160.00,0
2024-10-07,STORE-BLR-02,SKU-OIL-1L,1,160.00,0
2024-10-08,STORE-BLR-02,SKU-OIL-1L,0,160.00,0
2024-10-09,STORE-BLR-02,SKU-OIL-1L,3,160.00,0
2024-10-10,STORE-BLR-02,SKU-OIL-1L,3,160.00,0
2024-10-11,STORE-BLR-02,SKU-OIL-1L,2,160.00,0
2024-10-12,STORE-BLR-02,SKU-OIL-1L,3,160.00,0
2024-10-13,STORE-BLR-02,SKU-OIL-1L,2,160.00,0
2024-10-14,STORE-BLR-02,SKU-OIL-1L,3,160.00,0
2024-10-15,STORE-BLR-02,SKU-OIL-1L,14,160.00,0
2024-10-16,STORE-BLR-02,SKU-OIL-1L,12,160.00,0
2024-10-17,STORE-BLR-02,SKU-OIL-1L,2,160.00,1
2024-10-18,STORE-BLR-02,SKU-OIL-1L,3,160.00,0
2024-10-19,STORE-BLR-02,SKU-OIL-1L,6,160.00,0
2024-10-20,STORE-BLR-02,SKU-OIL-1L,0,160.00,1
2024-10-21,STORE-BLR-02,SKU-OIL-1L,0,160.00,0
2024-10-22,STORE-BLR-02,SKU-OIL-1L,8,160.00,1
2024-10-23,STORE-BLR-02,SKU-OIL-1L,4,160.00,0
2024-10-24,STORE-BLR-02,SKU-OIL-1L,6,160.00,1
2024-10-25,STORE-BLR-02,SKU-OIL-1L,5,160.00,0
2024-10-26,STORE-BLR-02,SKU-OIL-1L,5,160.00,0
2024-10-27,STORE-BLR-02,SKU-OIL-1L,2,160.00,0
2024-10-28,STORE-BLR-02,SKU-OIL-1L,0,160.00,0
2024-10-29,STORE-BLR-02,SKU-OIL-1L,0,160.00,0
2024-10-30,STORE-BLR-02,SKU-OIL-1L,25,160.00,0
2024-10-31,STORE-BLR-02,SKU-OIL-1L,9,160.00,0
2024-11-01,STORE-BLR-02,SKU-OIL-1L,51,160.00,0
2024-11-02,STORE-BLR-02,SKU-OIL-1L,8,160.00,0
2024-11-03,STORE-BLR-02,SKU-OIL-1L,4,160.00,0
2024-11-04,STORE-BLR-02,SKU-OIL-1L,3,160.00,0
2024-11-05,STORE-BLR-02,SKU-OIL-1L,11,160.00,1
2024-11-06,STORE-BLR-02,SKU-OIL-1L,7,160.00,1
2024-11-07,STORE-BLR-02,SKU-OIL-1L,2,160.00,0
2024-11-08,STORE-BLR-02,SKU-OIL-1L,12,160.00,1
2024-11-09,STORE-BLR-02,SKU-OIL-1L,0,160.00,0
2024-11-10,STORE-BLR-02,SKU-OIL-1L,0,160.00,0
2024-11-11,STORE-BLR-02,SKU-OIL-1L,0,160.00,0
2024-11-12,STORE-BLR-02,SKU-OIL-1L,0,160.00,0
2024-11-13,STORE-BLR-02,SKU-OIL-1L,0,160.00,0
2024-11-14,STORE-BLR-02,SKU-OIL-1L,3,160.00,0
2024-11-15,STORE-BLR-02,SKU-OIL-1L,2,160.00,0
2024-11-16,STORE-BLR-02,SKU-OIL-1L,5,160.00,0
2024-11-17,STORE-BLR-02,SKU-OIL-1L,30,160.00,1
2024-11-18,STORE-BLR-02,SKU-OIL-1L,18,160.00,1
2024-11-19,STORE-BLR-02,SKU-OIL-1L,12,160.00,0
2024-11-20,STORE-BLR-02,SKU-OIL-1L,14,160.00,0
2024-11-21,STORE-BLR-02,SKU-OIL-1L,5,160.00,0
2024-11-22,STORE-BLR-02,SKU-OIL-1L,4,160.00,0
2024-11-23,STORE-BLR-02,SKU-OIL-1L,4,160.00,0
2024-11-24,STORE-BLR-02,SKU-OIL-1L,24,160.00,0
2024-11-25,STORE-BLR-02,SKU-OIL-1L,3,160.00,0
2024-11-26,STORE-BLR-02,SKU-OIL-1L,2,160.00,0
2024-11-27,STORE-BLR-02,SKU-OIL-1L,7,160.00,0
2024-11-28,STORE-BLR-02,SKU-OIL-1L,23,160.00,0
2024-11-29,STORE-BLR-02,SKU-OIL-1L,3,160.00,0
2024-11-30,STORE-BLR-02,SKU-OIL-1L,18,160.00,0
2024-12-01,STORE-BLR-02,SKU-OIL-1L,3,160.00,0
2024-12-02,STORE-BLR-02,SKU-OIL-1L,0,160.00,0
2024-12-03,STORE-BLR-02,SKU-OIL-1L,16,160.00,0
2024-12-04,STORE-BLR-02,SKU-OIL-1L,16,160.00,0
2024-12-05,STORE-BLR-02,SKU-OIL-1L,3,160.00,0
2024-12-06,STORE-BLR-02,SKU-OIL-1L,3,160.00,0
2024-12-07,STORE-BLR-02,SKU-OIL-1L,3,160.00,0
2024-12-08,STORE-BLR-02,SKU-OIL-1L,10,160.00,0
2024-12-09,STORE-BLR-02,SKU-OIL-1L,16,160.00,0
2024-12-10,STORE-BLR-02,SKU-OIL-1L,16,160.00,0
2024-12-11,STORE-BLR-02,SKU-OIL-1L,5,160.00,0
2024-12-12,STORE-BLR-02,SKU-OIL-1L,0,160.00,0
2024-12-13,STORE-BLR-02,SKU-OIL-1L,11,160.00,0
2024-12-14,STORE-BLR-02,SKU-OIL-1L,9,160.00,0
2024-12-15,STORE-BLR-02,SKU-OIL-1L,22,160.00,0
2024-12-16,STORE-BLR-02,SKU-OIL-1L,9,160.00,0
2024-12-17,STORE-BLR-02,SKU-OIL-1L,7,160.00,0
2024-12-18,STORE-BLR-02,SKU-OIL-1L,0,160.00,0
2024-12-19,STORE-BLR-02,SKU-OIL-1L,0,160.00,0
2024-12-20,STORE-BLR-02,SKU-OIL-1L,22,160.00,0
2024-12-21,STORE-BLR-02,SKU-OIL-1L,8,160.00,0
2024-12-22,STORE-BLR-02,SKU-OIL-1L,0,160.00,0
2024-12-23,STORE-BLR-02,SKU-OIL-1L,21,160.00,0
2024-12-24,STORE-BLR-02,SKU-OIL-1L,42,160.00,1
2024-12-25,STORE-BLR-02,SKU-OIL-1L,17,160.00,0
2024-12-26,STORE-BLR-02,SKU-OIL-1L,15,160.00,0
2024-12-27,STORE-BLR-02,SKU-OIL-1L,1,160.00,0
2024-12-28,STORE-BLR-02,SKU-OIL-1L,0,160.00,1
2024-12-29,STORE-BLR-02,SKU-OIL-1L,0,160.00,0
2024-12-30,STORE-BLR-02,SKU-OIL-1L,0,160.00,0
2024-12-31,STORE-BLR-02,SKU-OIL-1L,0,160.00,0
2025-01-01,STORE-BLR-02,SKU-OIL-1L,0,160.00,0
2025-01-02,STORE-BLR-02,SKU-OIL-1L,40,160.00,0
2025-01-03,STORE-BLR-02,SKU-OIL-1L,4,160.00,0
2025-01-04,STORE-BLR-02,SKU-OIL-1L,23,160.00,1
2025-01-05,STORE-BLR-02,SKU-OIL-1L,30,160.00,0
2025-01-06,STORE-BLR-02,SKU-OIL-1L,11,160.00,0
2025-01-07,STORE-BLR-02,SKU-OIL-1L,0,160.00,0
2025-01-08,STORE-BLR-02,SKU-OIL-1L,26,160.00,1
2025-01-09,STORE-BLR-02,SKU-OIL-1L,2,160.00,1
2025-01-10,STORE-BLR-02,SKU-OIL-1L,4,160.00,0
2025-01-11,STORE-BLR-02,SKU-OIL-1L,0,160.00,1
2025-01-12,STORE-BLR-02,SKU-OIL-1L,19,160.00,0
2025-01-13,STORE-BLR-02,SKU-OIL-1L,0,160.00,0
2025-01-14,STORE-BLR-02,SKU-OIL-1L,13,160.00,0
2025-01-15,STORE-BLR-02,SKU-OIL-1L,0,160.00,0
2025-01-16,STORE-BLR-02,SKU-OIL-1L,21,160.00,0
2025-01-17,STORE-BLR-02,SKU-OIL-1L,7,160.00,0
2025-01-18,STORE-BLR-02,SKU-OIL-1L,5,160.00,1
2025-01-19,STORE-BLR-02,SKU-OIL-1L,6,160.00,0
2025-01-20,STORE-BLR-02,SKU-OIL-1L,18,160.00,0
2025-01-21,STORE-BLR-02,SKU-OIL-1L,3,160.00,0
2025-01-22,STORE-BLR-02,SKU-OIL-1L,2,160.00,0
2025-01-23,STORE-BLR-02,SKU-OIL-1L,11,160.00,0
2025-01-24,STORE-BLR-02,SKU-OIL-1L,0,160.00,0
2025-01-25,STORE-BLR-02,SKU-OIL-1L,1,160.00,0
2025-01-26,STORE-BLR-02,SKU-OIL-1L,0,160.00,0
2025-01-27,STORE-BLR-02,SKU-OIL-1L,0,160.00,0
2025-01-28,STORE-BLR-02,SKU-OIL-1L,30,160.00,0
2025-01-29,STORE-BLR-02,SKU-OIL-1L,2,160.00,1
2025-01-30,STORE-BLR-02,SKU-OIL-1L,1,160.00,0
2025-01-31,STORE-BLR-02,SKU-OIL-1L,29,160.00,0
2025-02-01,STORE-BLR-02,SKU-OIL-1L,12,160.00,0
2025-02-02,STORE-BLR-02,SKU-OIL-1L,0,160.00,0
2025-02-03,STORE-BLR-02,SKU-OIL-1L,0,160.00,0
2025-02-04,STORE-BLR-02,SKU-OIL-1L,4,160.00,0
2025-02-05,STORE-BLR-02,SKU-OIL-1L,5,160.00,0
2025-02-06,STORE-BLR-02,SKU-OIL-1L,10,160.00,0
2025-02-07,STORE-BLR-02,SKU-OIL-1L,7,160.00,0
2025-02-08,STORE-BLR-02,SKU-OIL-1L,28,160.00,0
2025-02-09,STORE-BLR-02,SKU-OIL-1L,23,160.00,1
2025-02-10,STORE-BLR-02,SKU-OIL-1L,5,160.00,0
2025-02-11,STORE-BLR-02,SKU-OIL-1L,33,160.00,0
2025-02-12,STORE-BLR-02,SKU-OIL-1L,0,160.00,0
2025-02-13,STORE-BLR-02,SKU-OIL-1L,7,160.00,0
2025-02-14,STORE-BLR-02,SKU-OIL-1L,19,160.00,0
2025-02-15,STORE-BLR-02,SKU-OIL-1L,1,160.00,0
2025-02-16,STORE-BLR-02,SKU-OIL-1L,36,160.00,0
2025-02-17,STORE-BLR-02,SKU-OIL-1L,5,160.00,0
2025-02-18,STORE-BLR-02,SKU-OIL-1L,7,160.00,0
2025-02-19,STORE-BLR-02,SKU-OIL-1L,5,160.00,0
2025-02-20,STORE-BLR-02,SKU-OIL-1L,25,160.00,0
2025-02-21,STORE-BLR-02,SKU-OIL-1L,2,160.00,0
2025-02-22,STORE-BLR-02,SKU-OIL-1L,7,160.00,0
2025-02-23,STORE-BLR-02,SKU-OIL-1L,7,160.00,0
2025-02-24,STORE-BLR-02,SKU-OIL-1L,1,160.00,0
2025-02-25,STORE-BLR-02,SKU-OIL-1L,7,160.00,0
2025-02-26,STORE-BLR-02,SKU-OIL-1L,1,160.00,0
2025-02-27,STORE-BLR-02,SKU-OIL-1L,6,160.00,0
2025-02-28,STORE-BLR-02,SKU-OIL-1L,2,160.00,0
2025-03-01,STORE-BLR-02,SKU-OIL-1L,12,160.00,0
2025-03-02,STORE-BLR-02,SKU-OIL-1L,0,160.00,0
2025-03-03,STORE-BLR-02,SKU-OIL-1L,2,160.00,1
2025-03-04,STORE-BLR-02,SKU-OIL-1L,33,160.00,1
2025-03-05,STORE-BLR-02,SKU-OIL-1L,9,160.00,0
2025-03-06,STORE-BLR-02,SKU-OIL-1L,10,160.00,0
2025-03-07,STORE-BLR-02,SKU-OIL-1L,6,160.00,0
2025-03-08,STORE-BLR-02,SKU-OIL-1L,15,160.00,0
2025-03-09,STORE-BLR-02,SKU-OIL-1L,20,160.00,0
2025-03-10,STORE-BLR-02,SKU-OIL-1L,9,160.00,0
2025-03-11,STORE-BLR-02,SKU-OIL-1L,42,160.00,0
2025-03-12,STORE-BLR-02,SKU-OIL-1L,17,160.00,0
2025-03-13,STORE-BLR-02,SKU-OIL-1L,15,160.00,0
2025-03-14,STORE-BLR-02,SKU-OIL-1L,13,160.00,0
2025-03-15,STORE-BLR-02,SKU-OIL-1L,40,160.00,0
2025-03-16,STORE-BLR-02,SKU-OIL-1L,4,160.00,0
2025-03-17,STORE-BLR-02,SKU-OIL-1L,9,160.00,0
2025-03-18,STORE-BLR-02,SKU-OIL-1L,15,160.00,0
2025-03-19,STORE-BLR-02,SKU-OIL-1L,4,160.00,0
2025-03-20,STORE-BLR-02,SKU-OIL-1L,0,160.00,0
2025-03-21,STORE-BLR-02,SKU-OIL-1L,6,160.00,0
2025-03-22,STORE-BLR-02,SKU-OIL-1L,0,160.00,0
2025-03-23,STORE-BLR-02,SKU-OIL-1L,0,160.00,0
2025-03-24,STORE-BLR-02,SKU-OIL-1L,7,160.00,0
2025-03-25,STORE-BLR-02,SKU-OIL-1L,3,160.00,0
2025-03-26,STORE-BLR-02,SKU-OIL-1L,6,160.00,0
2025-03-27,STORE-BLR-02,SKU-OIL-1L,21,160.00,0
2025-03-28,STORE-BLR-02,SKU-OIL-1L,45,160.00,0
2025-03-29,STORE-BLR-02,SKU-OIL-1L,0,160.00,0
2025-03-30,STORE-BLR-02,SKU-OIL-1L,0,160.00,0
2025-03-31,STORE-BLR-02,SKU-OIL-1L,15,160.00,0
2025-04-01,STORE-BLR-02,SKU-OIL-1L,0,160.00,1
2025-04-02,STORE-BLR-02,SKU-OIL-1L,7,160.00,0
2025-04-03,STORE-BLR-02,SKU-OIL-1L,26,160.00,0
2025-04-04,STORE-BLR-02,SKU-OIL-1L,5,160.00,0
2025-04-05,STORE-BLR-02,SKU-OIL-1L,0,160.00,0
2025-04-06,STORE-BLR-02,SKU-OIL-1L,1,160.00,0
2025-04-07,STORE-BLR-02,SKU-OIL-1L,23,160.00,0
2025-04-08,STORE-BLR-02,SKU-OIL-1L,10,160.00,0
2025-04-09,STORE-BLR-02,SKU-OIL-1L,19,160.00,0
2025-04-10,STORE-BLR-02,SKU-OIL-1L,4,160.00,0
2025-04-11,STORE-BLR-02,SKU-OIL-1L,9,160.00,0
2025-04-12,STORE-BLR-02,SKU-OIL-1L,23,160.00,1
2025-04-13,STORE-BLR-02,SKU-OIL-1L,5,160.00,0
2025-04-14,STORE-BLR-02,SKU-OIL-1L,11,160.00,1
2025-04-15,STORE-BLR-02,SKU-OIL-1L,24,160.00,1
2025-04-16,STORE-BLR-02,SKU-OIL-1L,11,160.00,0
2025-04-17,STORE-BLR-02,SKU-OIL-1L,0,160.00,0
2025-04-18,STORE-BLR-02,SKU-OIL-1L,0,160.00,0
2025-04-19,STORE-BLR-02,SKU-OIL-1L,9,160.00,1
2025-04-20,STORE-BLR-02,SKU-OIL-1L,0,160.00,0
2025-04-21,STORE-BLR-02,SKU-OIL-1L,6,160.00,0
2025-04-22,STORE-BLR-02,SKU-OIL-1L,17,160.00,0
2025-04-23,STORE-BLR-02,SKU-OIL-1L,33,160.00,0
2025-04-24,STORE-BLR-02,SKU-OIL-1L,3,160.00,0
2025-04-25,STORE-BLR-02,SKU-OIL-1L,5,160.00,0
2025-04-26,STORE-BLR-02,SKU-OIL-1L,4,160.00,0
2025-04-27,STORE-BLR-02,SKU-OIL-1L,8,160.00,0
2025-04-28,STORE-BLR-02,SKU-OIL-1L,1,160.00,0
2025-04-29,STORE-BLR-02,SKU-OIL-1L,0,160.00,0
2025-04-30,STORE-BLR-02,SKU-OIL-1L,3,160.00,0
2025-05-01,STORE-BLR-02,SKU-OIL-1L,4,160.00,0
2025-05-02,STORE-BLR-02,SKU-OIL-1L,32,160.00,0
2025-05-03,STORE-BLR-02,SKU-OIL-1L,0,160.00,0
2025-05-04,STORE-BLR-02,SKU-OIL-1L,10,160.00,0
2025-05-05,STORE-BLR-02,SKU-OIL-1L,8,160.00,0
2025-05-06,STORE-BLR-02,SKU-OIL-1L,0,160.00,0
2025-05-07,STORE-BLR-02,SKU-OIL-1L,0,160.00,0
2025-05-08,STORE-BLR-02,SKU-OIL-1L,13,160.00,0
2025-05-09,STORE-BLR-02,SKU-OIL-1L,5,160.00,0
2025-05-10,STORE-BLR-02,SKU-OIL-1L,10,160.00,0
2025-05-11,STORE-BLR-02,SKU-OIL-1L,0,160.00,0
2025-05-12,STORE-BLR-02,SKU-OIL-1L,1,160.00,0
2025-05-13,STORE-BLR-02,SKU-OIL-1L,11,160.00,0
2025-05-14,STORE-BLR-02,SKU-OIL-1L,15,160.00,0
2025-05-15,STORE-BLR-02,SKU-OIL-1L,9,160.00,0
2025-05-16,STORE-BLR-02,SKU-OIL-1L,4,160.00,0
2025-05-17,STORE-BLR-02,SKU-OIL-1L,20,160.00,0
2025-05-18,STORE-BLR-02,SKU-OIL-1L,12,160.00,0
2025-05-19,STORE-BLR-02,SKU-OIL-1L,21,160.00,0
2025-05-20,STORE-BLR-02,SKU-OIL-1L,5,160.00,0
2025-05-21,STORE-BLR-02,SKU-OIL-1L,26,160.00,0
2025-05-22,STORE-BLR-02,SKU-OIL-1L,12,160.00,0
2025-05-23,STORE-BLR-02,SKU-OIL-1L,0,160.00,1
2025-05-24,STORE-BLR-02,SKU-OIL-1L,0,160.00,0
2025-05-25,STORE-BLR-02,SKU-OIL-1L,4,160.00,0
2025-05-26,STORE-BLR-02,SKU-OIL-1L,3,160.00,0
2025-05-27,STORE-BLR-02,SKU-OIL-1L,8,160.00,0
2025-05-28,STORE-BLR-02,SKU-OIL-1L,6,160.00,0
2025-05-29,STORE-BLR-02,SKU-OIL-1L,0,160.00,0
2025-05-30,STORE-BLR-02,SKU-OIL-1L,15,160.00,0
2025-05-31,STORE-BLR-02,SKU-OIL-1L,3,160.00,0
2025-06-01,STORE-BLR-02,SKU-OIL-1L,4,160.00,0
2025-06-02,STORE-BLR-02,SKU-OIL-1L,0,160.00,0
2025-06-03,STORE-BLR-02,SKU-OIL-1L,0,160.00,0
2025-06-04,STORE-BLR-02,SKU-OIL-1L,5,160.00,0
2025-06-05,STORE-BLR-02,SKU-OIL-1L,6,160.00,0
2025-06-06,STORE-BLR-02,SKU-OIL-1L,0,160.00,0
2025-06-07,STORE-BLR-02,SKU-OIL-1L,3,160.00,0
2025-06-08,STORE-BLR-02,SKU-OIL-1L,0,160.00,0
2025-06-09,STORE-BLR-02,SKU-OIL-1L,4,160.00,0
2025-06-10,STORE-BLR-02,SKU-OIL-1L,6,160.00,0
2025-06-11,STORE-BLR-02,SKU-OIL-1L,8,160.00,0
2025-06-12,STORE-BLR-02,SKU-OIL-1L,30,160.00,0
2025-06-13,STORE-BLR-02,SKU-OIL-1L,0,160.00,0
2025-06-14,STORE-BLR-02,SKU-OIL-1L,7,160.00,0
2025-06-15,STORE-BLR-02,SKU-OIL-1L,5,160.00,0
2025-06-16,STORE-BLR-02,SKU-OIL-1L,2,160.00,0
2025-06-17,STORE-BLR-02,SKU-OIL-1L,39,160.00,0
2025-06-18,STORE-BLR-02,SKU-OIL-1L,9,160.00,0
2025-06-19,STORE-BLR-02,SKU-OIL-1L,13,160.00,0
2025-06-20,STORE-BLR-02,SKU-OIL-1L,7,160.00,1
2025-06-21,STORE-BLR-02,SKU-OIL-1L,0,160.00,0
2025-06-22,STORE-BLR-02,SKU-OIL-1L,10,160.00,0
2025-06-23,STORE-BLR-02,SKU-OIL-1L,30,160.00,0
2025-06-24,STORE-BLR-02,SKU-OIL-1L,14,160.00,0
2025-06-25,STORE-BLR-02,SKU-OIL-1L,13,160.00,1
2025-06-26,STORE-BLR-02,SKU-OIL-1L,2,160.00,0
2025-06-27,STORE-BLR-02,SKU-OIL-1L,2,160.00,0
2025-06-28,STORE-BLR-02,SKU-OIL-1L,1,160.00,0
2025-06-29,STORE-BLR-02,SKU-OIL-1L,9,160.00,0
2025-06-30,STORE-BLR-02,SKU-OIL-1L,25,160.00,0
2025-07-01,STORE-BLR-02,SKU-OIL-1L,5,160.00,0
2025-07-02,STORE-BLR-02,SKU-OIL-1L,2,160.00,0
2025-07-03,STORE-BLR-02,SKU-OIL-1L,23,160.00,1
2025-07-04,STORE-BLR-02,SKU-OIL-1L,4,160.00,0
2025-07-05,STORE-BLR-02,SKU-OIL-1L,23,160.00,0
2025-07-06,STORE-BLR-02,SKU-OIL-1L,32,160.00,0
2025-07-07,STORE-BLR-02,SKU-OIL-1L,11,160.00,0
2025-07-08,STORE-BLR-02,SKU-OIL-1L,17,160.00,0
2025-07-09,STORE-BLR-02,SKU-OIL-1L,17,160.00,0
2025-07-10,STORE-BLR-02,SKU-OIL-1L,0,160.00,0
2025-07-11,STORE-BLR-02,SKU-OIL-1L,12,160.00,0
2025-07-12,STORE-BLR-02,SKU-OIL-1L,0,160.00,0
2025-07-13,STORE-BLR-02,SKU-OIL-1L,7,160.00,0
2025-07-14,STORE-BLR-02,SKU-OIL-1L,0,160.00,0
2025-07-15,STORE-BLR-02,SKU-OIL-1L,0,160.00,0
2025-07-16,STORE-BLR-02,SKU-OIL-1L,1,160.00,0
2025-07-17,STORE-BLR-02,SKU-OIL-1L,14,160.00,0
2025-07-18,STORE-BLR-02,SKU-OIL-1L,10,160.00,0
2025-07-19,STORE-BLR-02,SKU-OIL-1L,7,160.00,0
2025-07-20,STORE-BLR-02,SKU-OIL-1L,28,160.00,0
2025-07-21,STORE-BLR-02,SKU-OIL-1L,4,160.00,0
2025-07-22,STORE-BLR-02,SKU-OIL-1L,6,160.00,0
2025-07-23,STORE-BLR-02,SKU-OIL-1L,1,160.00,0
2025-07-24,STORE-BLR-02,SKU-OIL-1L,0,160.00,0
2025-07-25,STORE-BLR-02,SKU-OIL-1L,7,160.00,0
2025-07-26,STORE-BLR-02,SKU-OIL-1L,0,160.00,0
2025-07-27,STORE-BLR-02,SKU-OIL-1L,17,160.00,0
2025-07-28,STORE-BLR-02,SKU-OIL-1L,5,160.00,0
2025-07-29,STORE-BLR-02,SKU-OIL-1L,15,160.00,0
2025-07-30,STORE-BLR-02,SKU-OIL-1L,3,160.00,0
2025-07-31,STORE-BLR-02,SKU-OIL-1L,12,160.00,0
2025-08-01,STORE-BLR-02,SKU-OIL-1L,10,160.00,0
2025-08-02,STORE-BLR-02,SKU-OIL-1L,25,160.00,0
2025-08-03,STORE-BLR-02,SKU-OIL-1L,14,160.00,0
2025-08-04,STORE-BLR-02,SKU-OIL-1L,3,160.00,0
2025-08-05,STORE-BLR-02,SKU-OIL-1L,4,160.00,0
2025-08-06,STORE-BLR-02,SKU-OIL-1L,0,160.00,0
2025-08-07,STORE-BLR-02,SKU-OIL-1L,15,160.00,0
2025-08-08,STORE-BLR-02,SKU-OIL-1L,39,160.00,1
2025-08-09,STORE-BLR-02,SKU-OIL-1L,7,160.00,0
2025-08-10,STORE-BLR-02,SKU-OIL-1L,13,160.00,0
2025-08-11,STORE-BLR-02,SKU-OIL-1L,0,160.00,0
2025-08-12,STORE-BLR-02,SKU-OIL-1L,0,160.00,0
2025-08-13,STORE-BLR-02,SKU-OIL-1L,5,160.00,1
2025-08-14,STORE-BLR-02,SKU-OIL-1L,0,160.00,1
2025-08-15,STORE-BLR-02,SKU-OIL-1L,2,160.00,0
2025-08-16,STORE-BLR-02,SKU-OIL-1L,13,160.00,0
2025-08-17,STORE-BLR-02,SKU-OIL-1L,4,160.00,0
2025-08-18,STORE-BLR-02,SKU-OIL-1L,11,160.00,0
2025-08-19,STORE-BLR-02,SKU-OIL-1L,4,160.00,0
2025-08-20,STORE-BLR-02,SKU-OIL-1L,5,160.00,0
2025-08-21,STORE-BLR-02,SKU-OIL-1L,3,160.00,0
2025-08-22,STORE-BLR-02,SKU-OIL-1L,1,160.00,0
2025-08-23,STORE-BLR-02,SKU-OIL-1L,1,160.00,0
2025-08-24,STORE-BLR-02,SKU-OIL-1L,8,160.00,0
2025-08-25,STORE-BLR-02,SKU-OIL-1L,17,160.00,0
2025-08-26,STORE-BLR-02,SKU-OIL-1L,1,160.00,1
2025-08-27,STORE-BLR-02,SKU-OIL-1L,0,160.00,0
2025-08-28,STORE-BLR-02,SKU-OIL-1L,3,160.00,0
2025-08-29,STORE-BLR-02,SKU-OIL-1L,4,160.00,0
2025-08-30,STORE-BLR-02,SKU-OIL-1L,3,160.00,0
2025-08-31,STORE-BLR-02,SKU-OIL-1L,0,160.00,0
2025-09-01,STORE-BLR-02,SKU-OIL-1L,4,160.00,0
2025-09-02,STORE-BLR-02,SKU-OIL-1L,14,160.00,0
2025-09-03,STORE-BLR-02,SKU-OIL-1L,24,160.00,0
2025-09-04,STORE-BLR-02,SKU-OIL-1L,0,160.00,0
2025-09-05,STORE-BLR-02,SKU-OIL-1L,55,160.00,0
2025-09-06,STORE-BLR-02,SKU-OIL-1L,4,160.00,1
2025-09-07,STORE-BLR-02,SKU-OIL-1L,6,160.00,0
2025-09-08,STORE-BLR-02,SKU-OIL-1L,1,160.00,0
2025-09-09,STORE-BLR-02,SKU-OIL-1L,0,160.00,0
2025-09-10,STORE-BLR-02,SKU-OIL-1L,10,160.00,0
2025-09-11,STORE-BLR-02,SKU-OIL-1L,5,160.00,0
2025-09-12,STORE-BLR-02,SKU-OIL-1L,6,160.00,0
2025-09-13,STORE-BLR-02,SKU-OIL-1L,0,160.00,0
2025-09-14,STORE-BLR-02,SKU-OIL-1L,0,160.00,0
2025-09-15,STORE-BLR-02,SKU-OIL-1L,0,160.00,0
2025-09-16,STORE-BLR-02,SKU-OIL-1L,0,160.00,0
2025-09-17,STORE-BLR-02,SKU-OIL-1L,2,160.00,0
2025-09-18,STORE-BLR-02,SKU-OIL-1L,0,160.00,0
2025-09-19,STORE-BLR-02,SKU-OIL-1L,3,160.00,0
2025-09-20,STORE-BLR-02,SKU-OIL-1L,0,160.00,0
2025-09-21,STORE-BLR-02,SKU-OIL-1L,7,160.00,0
2025-09-22,STORE-BLR-02,SKU-OIL-1L,6,160.00,0
2025-09-23,STORE-BLR-02,SKU-OIL-1L,14,160.00,0
2025-09-24,STORE-BLR-02,SKU-OIL-1L,16,160.00,0
2025-09-25,STORE-BLR-02,SKU-OIL-1L,2,160.00,0
2025-09-26,STORE-BLR-02,SKU-OIL-1L,6,160.00,0
2025-09-27,STORE-BLR-02,SKU-OIL-1L,0,160.00,0
2025-09-28,STORE-BLR-02,SKU-OIL-1L,1,160.00,0
2025-09-29,STORE-BLR-02,SKU-OIL-1L,0,160.00,0
2025-09-30,STORE-BLR-02,SKU-OIL-1L,2,160.00,0
2025-10-01,STORE-BLR-02,SKU-OIL-1L,3,160.00,0
2025-10-02,STORE-BLR-02,SKU-OIL-1L,0,160.00,0
2025-10-03,STORE-BLR-02,SKU-OIL-1L,4,160.00,0
2025-10-04,STORE-BLR-02,SKU-OIL-1L,0,160.00,0
2025-10-05,STORE-BLR-02,SKU-OIL-1L,10,160.00,1
2025-10-06,STORE-BLR-02,SKU-OIL-1L,3,160.00,0
2025-10-07,STORE-BLR-02,SKU-OIL-1L,9,160.00,0
2025-10-08,STORE-BLR-02,SKU-OIL-1L,0,160.00,0
2025-10-09,STORE-BLR-02,SKU-OIL-1L,2,160.00,0
2025-10-10,STORE-BLR-02,SKU-OIL-1L,4,160.00,0
2025-10-11,STORE-BLR-02,SKU-OIL-1L,1,160.00,0
2025-10-12,STORE-BLR-02,SKU-OIL-1L,3,160.00,0
2025-10-13,STORE-BLR-02,SKU-OIL-1L,2,160.00,0
2025-10-14,STORE-BLR-02,SKU-OIL-1L,2,160.00,0
2025-10-15,STORE-BLR-02,SKU-OIL-1L,9,160.00,0
2025-10-16,STORE-BLR-02,SKU-OIL-1L,29,160.00,1
2025-10-17,STORE-BLR-02,SKU-OIL-1L,0,160.00,0
2025-10-18,STORE-BLR-02,SKU-OIL-1L,3,160.00,0
2025-10-19,STORE-BLR-02,SKU-OIL-1L,10,160.00,0
2025-10-20,STORE-BLR-02,SKU-OIL-1L,8,160.00,0
2025-10-21,STORE-BLR-02,SKU-OIL-1L,3,160.00,0
2025-10-22,STORE-BLR-02,SKU-OIL-1L,19,160.00,0
2025-10-23,STORE-BLR-02,SKU-OIL-1L,6,160.00,0
2025-10-24,STORE-BLR-02,SKU-OIL-1L,5,160.00,0
2025-10-25,STORE-BLR-02,SKU-OIL-1L,9,160.00,0
2025-10-26,STORE-BLR-02,SKU-OIL-1L,3,160.00,0
2025-10-27,STORE-BLR-02,SKU-OIL-1L,2,160.00,0
2025-10-28,STORE-BLR-02,SKU-OIL-1L,2,160.00,0
2025-10-29,STORE-BLR-02,SKU-OIL-1L,2,160.00,0
2025-10-30,STORE-BLR-02,SKU-OIL-1L,85,160.00,1
2025-10-31,STORE-BLR-02,SKU-OIL-1L,14,160.00,0
2025-11-01,STORE-BLR-02,SKU-OIL-1L,3,160.00,0
2025-11-02,STORE-BLR-02,SKU-OIL-1L,0,160.00,0
2025-11-03,STORE-BLR-02,SKU-OIL-1L,14,160.00,1
2025-11-04,STORE-BLR-02,SKU-OIL-1L,0,160.00,0
2025-11-05,STORE-BLR-02,SKU-OIL-1L,14,160.00,0
2025-11-06,STORE-BLR-02,SKU-OIL-1L,15,160.00,1
2025-11-07,STORE-BLR-02,SKU-OIL-1L,8,160.00,0
2025-11-08,STORE-BLR-02,SKU-OIL-1L,1,160.00,0
2025-11-09,STORE-BLR-02,SKU-OIL-1L,0,160.00,0
2025-11-10,STORE-BLR-02,SKU-OIL-1L,0,160.00,0
2025-11-11,STORE-BLR-02,SKU-OIL-1L,2,160.00,0
2025-11-12,STORE-BLR-02,SKU-OIL-1L,18,160.00,0
2025-11-13,STORE-BLR-02,SKU-OIL-1L,1,160.00,0
2025-11-14,STORE-BLR-02,SKU-OIL-1L,4,160.00,0
2025-11-15,STORE-BLR-02,SKU-OIL-1L,7,160.00,0
2025-11-16,STORE-BLR-02,SKU-OIL-1L,2,160.00,0
2025-11-17,STORE-BLR-02,SKU-OIL-1L,7,160.00,0
2025-11-18,STORE-BLR-02,SKU-OIL-1L,3,160.00,0
2025-11-19,STORE-BLR-02,SKU-OIL-1L,4,160.00,0
2025-11-20,STORE-BLR-02,SKU-OIL-1L,6,160.00,0
2025-11-21,STORE-BLR-02,SKU-OIL-1L,21,160.00,0
2025-11-22,STORE-BLR-02,SKU-OIL-1L,11,160.00,0
2025-11-23,STORE-BLR-02,SKU-OIL-1L,11,160.00,0
2025-11-24,STORE-BLR-02,SKU-OIL-1L,12,160.00,1
2025-11-25,STORE-BLR-02,SKU-OIL-1L,5,160.00,0
2025-11-26,STORE-BLR-02,SKU-OIL-1L,8,160.00,0
2025-11-27,STORE-BLR-02,SKU-OIL-1L,2,160.00,0
2025-11-28,STORE-BLR-02,SKU-OIL-1L,11,160.00,0
2025-11-29,STORE-BLR-02,SKU-OIL-1L,11,160.00,0
2025-11-30,STORE-BLR-02,SKU-OIL-1L,18,160.00,1
2025-12-01,STORE-BLR-02,SKU-OIL-1L,9,160.00,0
2025-12-02,STORE-BLR-02,SKU-OIL-1L,4,160.00,0
2025-12-03,STORE-BLR-02,SKU-OIL-1L,2,160.00,0
2025-12-04,STORE-BLR-02,SKU-OIL-1L,6,160.00,0
2025-12-05,STORE-BLR-02,SKU-OIL-1L,10,160.00,0
2025-12-06,STORE-BLR-02,SKU-OIL-1L,16,160.00,1
2025-12-07,STORE-BLR-02,SKU-OIL-1L,2,160.00,0
2025-12-08,STORE-BLR-02,SKU-OIL-1L,3,160.00,0
2025-12-09,STORE-BLR-02,SKU-OIL-1L,8,160.00,0
2025-12-10,STORE-BLR-02,SKU-OIL-1L,16,160.00,0
2025-12-11,STORE-BLR-02,SKU-OIL-1L,2,160.00,0
2025-12-12,STORE-BLR-02,SKU-OIL-1L,0,160.00,0
2025-12-13,STORE-BLR-02,SKU-OIL-1L,14,160.00,0
2025-12-14,STORE-BLR-02,SKU-OIL-1L,6,160.00,0
2025-12-15,STORE-BLR-02,SKU-OIL-1L,49,160.00,1
2025-12-16,STORE-BLR-02,SKU-OIL-1L,0,160.00,0
2025-12-17,STORE-BLR-02,SKU-OIL-1L,29,160.00,1
2025-12-18,STORE-BLR-02,SKU-OIL-1L,9,160.00,0
2025-12-19,STORE-BLR-02,SKU-OIL-1L,8,160.00,0
2025-12-20,STORE-BLR-02,SKU-OIL-1L,4,160.00,0
2025-12-21,STORE-BLR-02,SKU-OIL-1L,9,160.00,0
2025-12-22,STORE-BLR-02,SKU-OIL-1L,8,160.00,0
2025-12-23,STORE-BLR-02,SKU-OIL-1L,0,160.00,0
2025-12-24,STORE-BLR-02,SKU-OIL-1L,20,160.00,0
2025-12-25,STORE-BLR-02,SKU-OIL-1L,6,160.00,0
2025-12-26,STORE-BLR-02,SKU-OIL-1L,2,160.00,0
2025-12-27,STORE-BLR-02,SKU-OIL-1L,2,160.00,0
2025-12-28,STORE-BLR-02,SKU-OIL-1L,13,160.00,1
2025-12-29,STORE-BLR-02,SKU-OIL-1L,14,160.00,0
2025-12-30,STORE-BLR-02,SKU-OIL-1L,8,160.00,0
2024-01-01,STORE-BLR-02,SKU-SHAMPOO-S,0,3.00,0
2024-01-02,STORE-BLR-02,SKU-SHAMPOO-S,0,3.00,0
2024-01-03,STORE-BLR-02,SKU-SHAMPOO-S,0,3.00,0
2024-01-04,STORE-BLR-02,SKU-SHAMPOO-S,4,3.00,0
2024-01-05,STORE-BLR-02,SKU-SHAMPOO-S,0,3.00,0
2024-01-06,STORE-BLR-02,SKU-SHAMPOO-S,0,3.00,0
2024-01-07,STORE-BLR-02,SKU-SHAMPOO-S,0,3.00,0
2024-01-08,STORE-BLR-02,SKU-SHAMPOO-S,0,3.00,0
2024-01-09,STORE-BLR-02,SKU-SHAMPOO-S,5,3.00,0
2024-01-10,STORE-BLR-02,SKU-SHAMPOO-S,4,3.00,0
2024-01-11,STORE-BLR-02,SKU-SHAMPOO-S,4,3.00,0
2024-01-12,STORE-BLR-02,SKU-SHAMPOO-S,0,3.00,0
2024-01-13,STORE-BLR-02,SKU-SHAMPOO-S,0,3.00,0
2024-01-14,STORE-BLR-02,SKU-SHAMPOO-S,3,3.00,0
2024-01-15,STORE-BLR-02,SKU-SHAMPOO-S,0,3.00,0
2024-01-16,STORE-BLR-02,SKU-SHAMPOO-S,3,3.00,0
2024-01-17,STORE-BLR-02,SKU-SHAMPOO-S,5,3.00,0
2024-01-18,STORE-BLR-02,SKU-SHAMPOO-S,0,3.00,0
2024-01-19,STORE-BLR-02,SKU-SHAMPOO-S,0,3.00,0
2024-01-20,STORE-BLR-02,SKU-SHAMPOO-S,0,3.00,0
2024-01-21,STORE-BLR-02,SKU-SHAMPOO-S,0,3.00,0
2024-01-22,STORE-BLR-02,SKU-SHAMPOO-S,0,3.00,0
2024-01-23,STORE-BLR-02,SKU-SHAMPOO-S,0,3.00,0
2024-01-24,STORE-BLR-02,SKU-SHAMPOO-S,0,3.00,0
2024-01-25,STORE-BLR-02,SKU-SHAMPOO-S,0,3.00,0
2024-01-26,STORE-BLR-02,SKU-SHAMPOO-S,0,3.00,0
2024-01-27,STORE-BLR-02,SKU-SHAMPOO-S,0,3.00,0
2024-01-28,STORE-BLR-02,SKU-SHAMPOO-S,0,3.00,0
2024-01-29,STORE-BLR-02,SKU-SHAMPOO-S,0,3.00,0
2024-01-30,STORE-BLR-02,SKU-SHAMPOO-S,4,3.00,0
2024-01-31,STORE-BLR-02,SKU-SHAMPOO-S,0,3.00,0
2024-02-01,STORE-BLR-02,SKU-SHAMPOO-S,0,3.00,0
2024-02-02,STORE-BLR-02,SKU-SHAMPOO-S,4,3.00,0
2024-02-03,STORE-BLR-02,SKU-SHAMPOO-S,0,3.00,0
2024-02-04,STORE-BLR-02,SKU-SHAMPOO-S,2,3.00,0
2024-02-05,STORE-BLR-02,SKU-SHAMPOO-S,6,3.00,0
2024-02-06,STORE-BLR-02,SKU-SHAMPOO-S,0,3.00,0
2024-02-07,STORE-BLR-02,SKU-SHAMPOO-S,3,3.00,0
2024-02-08,STORE-BLR-02,SKU-SHAMPOO-S,7,3.00,0
2024-02-09,STORE-BLR-02,SKU-SHAMPOO-S,2,3.00,0
2024-02-10,STORE-BLR-02,SKU-SHAMPOO-S,0,3.00,1
2024-02-11,STORE-BLR-02,SKU-SHAMPOO-S,4,3.00,0
2024-02-12,STORE-BLR-02,SKU-SHAMPOO-S,5,3.00,0
2024-02-13,STORE-BLR-02,SKU-SHAMPOO-S,1,3.00,0
2024-02-14,STORE-BLR-02,SKU-SHAMPOO-S,2,3.00,0
2024-02-15,STORE-BLR-02,SKU-SHAMPOO-S,1,3.00,0
2024-02-16,STORE-BLR-02,SKU-SHAMPOO-S,0,3.00,0
2024-02-17,STORE-BLR-02,SKU-SHAMPOO-S,0,3.00,0
2024-02-18,STORE-BLR-02,SKU-SHAMPOO-S,0,3.00,0
2024-02-19,STORE-BLR-02,SKU-SHAMPOO-S,0,3.00,0
2024-02-20,STORE-BLR-02,SKU-SHAMPOO-S,0,3.00,0
2024-02-21,STORE-BLR-02,SKU-SHAMPOO-S,0,3.00,0
2024-02-22,STORE-BLR-02,SKU-SHAMPOO-S,0,3.00,0
2024-02-23,STORE-BLR-02,SKU-SHAMPOO-S,0,3.00,0
2024-02-24,STORE-BLR-02,SKU-SHAMPOO-S,5,3.00,0
2024-02-25,STORE-BLR-02,SKU-SHAMPOO-S,0,3.00,0
2024-02-26,STORE-BLR-02,SKU-SHAMPOO-S,5,3.00,0
2024-02-27,STORE-BLR-02,SKU-SHAMPOO-S,5,3.00,0
2024-02-28,STORE-BLR-02,SKU-SHAMPOO-S,0,3.00,0
2024-02-29,STORE-BLR-02,SKU-SHAMPOO-S,2,3.00,0
2024-03-01,STORE-BLR-02,SKU-SHAMPOO-S,3,3.00,0
2024-03-02,STORE-BLR-02,SKU-SHAMPOO-S,1,3.00,0
2024-03-03,STORE-BLR-02,SKU-SHAMPOO-S,1,3.00,0
2024-03-04,STORE-BLR-02,SKU-SHAMPOO-S,3,3.00,0
2024-03-05,STORE-BLR-02,SKU-SHAMPOO-S,0,3.00,0
2024-03-06,STORE-BLR-02,SKU-SHAMPOO-S,3,3.00,0
2024-03-07,STORE-BLR-02,SKU-SHAMPOO-S,3,3.00,0
2024-03-08,STORE-BLR-02,SKU-SHAMPOO-S,0,3.00,0
2024-03-09,STORE-BLR-02,SKU-SHAMPOO-S,6,3.00,0
2024-03-10,STORE-BLR-02,SKU-SHAMPOO-S,0,3.00,0
2024-03-11,STORE-BLR-02,SKU-SHAMPOO-S,0,3.00,0
2024-03-12,STORE-BLR-02,SKU-SHAMPOO-S,1,3.00,0
2024-03-13,STORE-BLR-02,SKU-SHAMPOO-S,0,3.00,0
2024-03-14,STORE-BLR-02,SKU-SHAMPOO-S,0,3.00,0
2024-03-15,STORE-BLR-02,SKU-SHAMPOO-S,0,3.00,0
2024-03-16,STORE-BLR-02,SKU-SHAMPOO-S,4,3.00,0
2024-03-17,STORE-BLR-02,SKU-SHAMPOO-S,0,3.00,0
2024-03-18,STORE-BLR-02,SKU-SHAMPOO-S,0,3.00,0
2024-03-19,STORE-BLR-02,SKU-SHAMPOO-S,8,3.00,0
2024-03-20,STORE-BLR-02,SKU-SHAMPOO-S,0,3.00,0
2024-03-21,STORE-BLR-02,SKU-SHAMPOO-S,0,3.00,0
2024-03-22,STORE-BLR-02,SKU-SHAMPOO-S,6,3.00,0
2024-03-23,STORE-BLR-02,SKU-SHAMPOO-S,2,3.00,0
2024-03-24,STORE-BLR-02,SKU-SHAMPOO-S,0,3.00,0
2024-03-25,STORE-BLR-02,SKU-SHAMPOO-S,0,3.00,1
2024-03-26,STORE-BLR-02,SKU-SHAMPOO-S,0,3.00,0
2024-03-27,STORE-BLR-02,SKU-SHAMPOO-S,3,3.00,0
2024-03-28,STORE-BLR-02,SKU-SHAMPOO-S,0,3.00,0
2024-03-29,STORE-BLR-02,SKU-SHAMPOO-S,2,3.00,0
2024-03-30,STORE-BLR-02,SKU-SHAMPOO-S,0,3.00,0
2024-03-31,STORE-BLR-02,SKU-SHAMPOO-S,1,3.00,0
2024-04-01,STORE-BLR-02,SKU-SHAMPOO-S,7,3.00,0
2024-04-02,STORE-BLR-02,SKU-SHAMPOO-S,1,3.00,0
2024-04-03,STORE-BLR-02,SKU-SHAMPOO-S,0,3.00,0
2024-04-04,STORE-BLR-02,SKU-SHAMPOO-S,0,3.00,0
2024-04-05,STORE-BLR-02,SKU-SHAMPOO-S,3,3.00,0
2024-04-06,STORE-BLR-02,SKU-SHAMPOO-S,0,3.00,0
2024-04-07,STORE-BLR-02,SKU-SHAMPOO-S,7,3.00,0
2024-04-08,STORE-BLR-02,SKU-SHAMPOO-S,0,3.00,0
2024-04-09,STORE-BLR-02,SKU-SHAMPOO-S,4,3.00,1
2024-04-10,STORE-BLR-02,SKU-SHAMPOO-S,0,3.00,0
2024-04-11,STORE-BLR-02,SKU-SHAMPOO-S,0,3.00,0
2024-04-12,STORE-BLR-02,SKU-SHAMPOO-S,0,3.00,0
2024-04-13,STORE-BLR-02,SKU-SHAMPOO-S,0,3.00,0
2024-04-14,STORE-BLR-02,SKU-SHAMPOO-S,0,3.00,0
2024-04-15,STORE-BLR-02,SKU-SHAMPOO-S,0,3.00,1
2024-04-16,STORE-BLR-02,SKU-SHAMPOO-S,5,3.00,0
2024-04-17,STORE-BLR-02,SKU-SHAMPOO-S,2,3.00,0
2024-04-18,STORE-BLR-02,SKU-SHAMPOO-S,3,3.00,0
2024-04-19,STORE-BLR-02,SKU-SHAMPOO-S,0,3.00,0
2024-04-20,STORE-BLR-02,SKU-SHAMPOO-S,2,3.00,0
2024-04-21,STORE-BLR-02,SKU-SHAMPOO-S,2,3.00,0
2024-04-22,STORE-BLR-02,SKU-SHAMPOO-S,10,3.00,0
2024-04-23,STORE-BLR-02,SKU-SHAMPOO-S,0,3.00,1
2024-04-24,STORE-BLR-02,SKU-SHAMPOO-S,0,3.00,0
2024-04-25,STORE-BLR-02,SKU-SHAMPOO-S,0,3.00,0
2024-04-26,STORE-BLR-02,SKU-SHAMPOO-S,0,3.00,0
2024-04-27,STORE-BLR-02,SKU-SHAMPOO-S,6,3.00,0
2024-04-28,STORE-BLR-02,SKU-SHAMPOO-S,0,3.00,0
2024-04-29,STORE-BLR-02,SKU-SHAMPOO-S,0,3.00,0
2024-04-30,STORE-BLR-02,SKU-SHAMPOO-S,0,3.00,0
2024-05-01,STORE-BLR-02,SKU-SHAMPOO-S,0,3.00,0
2024-05-02,STORE-BLR-02,SKU-SHAMPOO-S,0,3.00,0
2024-05-03,STORE-BLR-02,SKU-SHAMPOO-S,0,3.00,0
2024-05-04,STORE-BLR-02,SKU-SHAMPOO-S,0,3.00,0
2024-05-05,STORE-BLR-02,SKU-SHAMPOO-S,0,3.00,0
2024-05-06,STORE-BLR-02,SKU-SHAMPOO-S,0,3.00,0
2024-05-07,STORE-BLR-02,SKU-SHAMPOO-S,0,3.00,0
2024-05-08,STORE-BLR-02,SKU-SHAMPOO-S,2,3.00,0
2024-05-09,STORE-BLR-02,SKU-SHAMPOO-S,1,3.00,0
2024-05-10,STORE-BLR-02,SKU-SHAMPOO-S,0,3.00,0
2024-05-11,STORE-BLR-02,SKU-SHAMPOO-S,2,3.00,0
2024-05-12,STORE-BLR-02,SKU-SHAMPOO-S,3,3.00,1
2024-05-13,STORE-BLR-02,SKU-SHAMPOO-S,0,3.00,0
2024-05-14,STORE-BLR-02,SKU-SHAMPOO-S,0,3.00,0
2024-05-15,STORE-BLR-02,SKU-SHAMPOO-S,0,3.00,0
2024-05-16,STORE-BLR-02,SKU-SHAMPOO-S,0,3.00,0
2024-05-17,STORE-BLR-02,SKU-SHAMPOO-S,0,3.00,0
2024-05-18,STORE-BLR-02,SKU-SHAMPOO-S,3,3.00,0
2024-05-19,STORE-BLR-02,SKU-SHAMPOO-S,0,3.00,0
2024-05-20,STORE-BLR-02,SKU-SHAMPOO-S,0,3.00,0
2024-05-21,STORE-BLR-02,SKU-SHAMPOO-S,2,3.00,1
2024-05-22,STORE-BLR-02,SKU-SHAMPOO-S,0,3.00,0
2024-05-23,STORE-BLR-02,SKU-SHAMPOO-S,8,3.00,0
2024-05-24,STORE-BLR-02,SKU-SHAMPOO-S,5,3.00,0
2024-05-25,STORE-BLR-02,SKU-SHAMPOO-S,0,3.00,0
2024-05-26,STORE-BLR-02,SKU-SHAMPOO-S,0,3.00,0
2024-05-27,STORE-BLR-02,SKU-SHAMPOO-S,0,3.00,0
2024-05-28,STORE-BLR-02,SKU-SHAMPOO-S,5,3.00,0
2024-05-29,STORE-BLR-02,SKU-SHAMPOO-S,0,3.00,0
2024-05-30,STORE-BLR-02,SKU-SHAMPOO-S,0,3.00,0
2024-05-31,STORE-BLR-02,SKU-SHAMPOO-S,0,3.00,0
2024-06-01,STORE-BLR-02,SKU-SHAMPOO-S,0,3.00,0
2024-06-02,STORE-BLR-02,SKU-SHAMPOO-S,0,3.00,0
2024-06-03,STORE-BLR-02,SKU-SHAMPOO-S,0,3.00,0
2024-06-04,STORE-BLR-02,SKU-SHAMPOO-S,0,3.00,0
2024-06-05,STORE-BLR-02,SKU-SHAMPOO-S,1,3.00,0
2024-06-06,STORE-BLR-02,SKU-SHAMPOO-S,0,3.00,0
2024-06-07,STORE-BLR-02,SKU-SHAMPOO-S,6,3.00,0
2024-06-08,STORE-BLR-02,SKU-SHAMPOO-S,0,3.00,0
2024-06-09,STORE-BLR-02,SKU-SHAMPOO-S,0,3.00,0
2024-06-10,STORE-BLR-02,SKU-SHAMPOO-S,2,3.00,0
2024-06-11,STORE-BLR-02,SKU-SHAMPOO-S,0,3.00,0
2024-06-12,STORE-BLR-02,SKU-SHAMPOO-S,0,3.00,0
2024-06-13,STORE-BLR-02,SKU-SHAMPOO-S,0,3.00,0
2024-06-14,STORE-BLR-02,SKU-SHAMPOO-S,0,3.00,0
2024-06-15,STORE-BLR-02,SKU-SHAMPOO-S,0,3.00,0
2024-06-16,STORE-BLR-02,SKU-SHAMPOO-S,4,3.00,0
2024-06-17,STORE-BLR-02,SKU-SHAMPOO-S,1,3.00,0
2024-06-18,STORE-BLR-02,SKU-SHAMPOO-S,0,3.00,0
2024-06-19,STORE-BLR-02,SKU-SHAMPOO-S,3,3.00,0
2024-06-20,STORE-BLR-02,SKU-SHAMPOO-S,3,3.00,0
2024-06-21,STORE-BLR-02,SKU-SHAMPOO-S,3,3.00,0
2024-06-22,STORE-BLR-02,SKU-SHAMPOO-S,1,3.00,0
2024-06-23,STORE-BLR-02,SKU-SHAMPOO-S,1,3.00,0
2024-06-24,STORE-BLR-02,SKU-SHAMPOO-S,0,3.00,0
2024-06-25,STORE-BLR-02,SKU-SHAMPOO-S,4,3.00,0
2024-06-26,STORE-BLR-02,SKU-SHAMPOO-S,0,3.00,0
2024-06-27,STORE-BLR-02,SKU-SHAMPOO-S,3,3.00,0
2024-06-28,STORE-BLR-02,SKU-SHAMPOO-S,4,3.00,0
2024-06-29,STORE-BLR-02,SKU-SHAMPOO-S,0,3.00,0
2024-06-30,STORE-BLR-02,SKU-SHAMPOO-S,0,3.00,0
2024-07-01,STORE-BLR-02,SKU-SHAMPOO-S,2,3.00,0
2024-07-02,STORE-BLR-02,SKU-SHAMPOO-S,2,3.00,0
2024-07-03,STORE-BLR-02,SKU-SHAMPOO-S,6,3.00,0
2024-07-04,STORE-BLR-02,SKU-SHAMPOO-S,0,3.00,0
2024-07-05,STORE-BLR-02,SKU-SHAMPOO-S,1,3.00,0
2024-07-06,STORE-BLR-02,SKU-SHAMPOO-S,6,3.00,1
2024-07-07,STORE-BLR-02,SKU-SHAMPOO-S,0,3.00,0
2024-07-08,STORE-BLR-02,SKU-SHAMPOO-S,7,3.00,0
2024-07-09,STORE-BLR-02,SKU-SHAMPOO-S,0,3.00,0
2024-07-10,STORE-BLR-02,SKU-SHAMPOO-S,0,3.00,0
2024-07-11,STORE-BLR-02,SKU-SHAMPOO-S,0,3.00,0
2024-07-12,STORE-BLR-02,SKU-SHAMPOO-S,4,3.00,0
2024-07-13,STORE-BLR-02,SKU-SHAMPOO-S,0,3.00,0
2024-07-14,STORE-BLR-02,SKU-SHAMPOO-S,5,3.00,0
2024-07-15,STORE-BLR-02,SKU-SHAMPOO-S,5,3.00,0
2024-07-16,STORE-BLR-02,SKU-SHAMPOO-S,2,3.00,0
2024-07-17,STORE-BLR-02,SKU-SHAMPOO-S,0,3.00,0
2024-07-18,STORE-BLR-02,SKU-SHAMPOO-S,4,3.00,0
2024-07-19,STORE-BLR-02,SKU-SHAMPOO-S,1,3.00,0
2024-07-20,STORE-BLR-02,SKU-SHAMPOO-S,1,3.00,0
2024-07-21,STORE-BLR-02,SKU-SHAMPOO-S,2,3.00,1
2024-07-22,STORE-BLR-02,SKU-SHAMPOO-S,3,3.00,0
2024-07-23,STORE-BLR-02,SKU-SHAMPOO-S,0,3.00,0
2024-07-24,STORE-BLR-02,SKU-SHAMPOO-S,0,3.00,1
2024-07-25,STORE-BLR-02,SKU-SHAMPOO-S,0,3.00,0
2024-07-26,STORE-BLR-02,SKU-SHAMPOO-S,6,3.00,0
2024-07-27,STORE-BLR-02,SKU-SHAMPOO-S,0,3.00,0
2024-07-28,STORE-BLR-02,SKU-SHAMPOO-S,4,3.00,0
2024-07-29,STORE-BLR-02,SKU-SHAMPOO-S,0,3.00,0
2024-07-30,STORE-BLR-02,SKU-SHAMPOO-S,4,3.00,0
2024-07-31,STORE-BLR-02,SKU-SHAMPOO-S,0,3.00,0
2024-08-01,STORE-BLR-02,SKU-SHAMPOO-S,2,3.00,0
2024-08-02,STORE-BLR-02,SKU-SHAMPOO-S,0,3.00,0
2024-08-03,STORE-BLR-02,SKU-SHAMPOO-S,0,3.00,0
2024-08-04,STORE-BLR-02,SKU-SHAMPOO-S,0,3.00,0
2024-08-05,STORE-BLR-02,SKU-SHAMPOO-S,6,3.00,0
2024-08-06,STORE-BLR-02,SKU-SHAMPOO-S,0,3.00,0
2024-08-07,STORE-BLR-02,SKU-SHAMPOO-S,3,3.00,0
2024-08-08,STORE-BLR-02,SKU-SHAMPOO-S,0,3.00,0
2024-08-09,STORE-BLR-02,SKU-SHAMPOO-S,0,3.00,0
2024-08-10,STORE-BLR-02,SKU-SHAMPOO-S,0,3.00,0
2024-08-11,STORE-BLR-02,SKU-SHAMPOO-S,0,3.00,0
2024-08-12,STORE-BLR-02,SKU-SHAMPOO-S,0,3.00,0
2024-08-13,STORE-BLR-02,SKU-SHAMPOO-S,0,3.00,0
2024-08-14,STORE-BLR-02,SKU-SHAMPOO-S,0,3.00,0
2024-08-15,STORE-BLR-02,SKU-SHAMPOO-S,1,3.00,0
2024-08-16,STORE-BLR-02,SKU-SHAMPOO-S,0,3.00,0
2024-08-17,STORE-BLR-02,SKU-SHAMPOO-S,0,3.00,0
2024-08-18,STORE-BLR-02,SKU-SHAMPOO-S,9,3.00,0
2024-08-19,STORE-BLR-02,SKU-SHAMPOO-S,0,3.00,0
2024-08-20,STORE-BLR-02,SKU-SHAMPOO-S,0,3.00,0
2024-08-21,STORE-BLR-02,SKU-SHAMPOO-S,7,3.00,0
2024-08-22,STORE-BLR-02,SKU-SHAMPOO-S,0,3.00,0
2024-08-23,STORE-BLR-02,SKU-SHAMPOO-S,0,3.00,0
2024-08-24,STORE-BLR-02,SKU-SHAMPOO-S,1,3.00,0
2024-08-25,STORE-BLR-02,SKU-SHAMPOO-S,0,3.00,0
2024-08-26,STORE-BLR-02,SKU-SHAMPOO-S,4,3.00,0
2024-08-27,STORE-BLR-02,SKU-SHAMPOO-S,0,3.00,0
2024-08-28,STORE-BLR-02,SKU-SHAMPOO-S,0,3.00,0
2024-08-29,STORE-BLR-02,SKU-SHAMPOO-S,2,3.00,0
2024-08-30,STORE-BLR-02,SKU-SHAMPOO-S,0,3.00,0
2024-08-31,STORE-BLR-02,SKU-SHAMPOO-S,0,3.00,0
2024-09-01,STORE-BLR-02,SKU-SHAMPOO-S,2,3.00,0
2024-09-02,STORE-BLR-02,SKU-SHAMPOO-S,0,3.00,0
2024-09-03,STORE-BLR-02,SKU-SHAMPOO-S,0,3.00,0
2024-09-04,STORE-BLR-02,SKU-SHAMPOO-S,3,3.00,0
2024-09-05,STORE-BLR-02,SKU-SHAMPOO-S,0,3.00,0
2024-09-06,STORE-BLR-02,SKU-SHAMPOO-S,0,3.00,0
2024-09-07,STORE-BLR-02,SKU-SHAMPOO-S,0,3.00,0
2024-09-08,STORE-BLR-02,SKU-SHAMPOO-S,3,3.00,0
2024-09-09,STORE-BLR-02,SKU-SHAMPOO-S,0,3.00,0
2024-09-10,STORE-BLR-02,SKU-SHAMPOO-S,0,3.00,0
2024-09-11,STORE-BLR-02,SKU-SHAMPOO-S,0,3.00,0
2024-09-12,STORE-BLR-02,SKU-SHAMPOO-S,0,3.00,0
2024-09-13,STORE-BLR-02,SKU-SHAMPOO-S,0,3.00,0
2024-09-14,STORE-BLR-02,SKU-SHAMPOO-S,1,3.00,0
2024-09-15,STORE-BLR-02,SKU-SHAMPOO-S,0,3.00,0
2024-09-16,STORE-BLR-02,SKU-SHAMPOO-S,0,3.00,0
2024-09-17,STORE-BLR-02,SKU-SHAMPOO-S,0,3.00,0
2024-09-18,STORE-BLR-02,SKU-SHAMPOO-S,6,3.00,0
2024-09-19,STORE-BLR-02,SKU-SHAMPOO-S,0,3.00,0
2024-09-20,STORE-BLR-02,SKU-SHAMPOO-S,0,3.00,0
2024-09-21,STORE-BLR-02,SKU-SHAMPOO-S,0,3.00,0
2024-09-22,STORE-BLR-02,SKU-SHAMPOO-S,2,3.00,0
2024-09-23,STORE-BLR-02,SKU-SHAMPOO-S,0,3.00,0
2024-09-24,STORE-BLR-02,SKU-SHAMPOO-S,3,3.00,0
2024-09-25,STORE-BLR-02,SKU-SHAMPOO-S,0,3.00,0
2024-09-26,STORE-BLR-02,SKU-SHAMPOO-S,0,3.00,1
2024-09-27,STORE-BLR-02,SKU-SHAMPOO-S,1,3.00,0
2024-09-28,STORE-BLR-02,SKU-SHAMPOO-S,2,3.00,0
2024-09-29,STORE-BLR-02,SKU-SHAMPOO-S,3,3.00,0
2024-09-30,STORE-BLR-02,SKU-SHAMPOO-S,2,3.00,0
2024-10-01,STORE-BLR-02,SKU-SHAMPOO-S,0,3.00,1
2024-10-02,STORE-BLR-02,SKU-SHAMPOO-S,0,3.00,0
2024-10-03,STORE-BLR-02,SKU-SHAMPOO-S,0,3.00,1
2024-10-04,STORE-BLR-02,SKU-SHAMPOO-S,4,3.00,0
2024-10-05,STORE-BLR-02,SKU-SHAMPOO-S,2,3.00,1
2024-10-06,STORE-BLR-02,SKU-SHAMPOO-S,0,3.00,0
2024-10-07,STORE-BLR-02,SKU-SHAMPOO-S,0,3.00,0
2024-10-08,STORE-BLR-02,SKU-SHAMPOO-S,0,3.00,0
2024-10-09,STORE-BLR-02,SKU-SHAMPOO-S,0,3.00,0
2024-10-10,STORE-BLR-02,SKU-SHAMPOO-S,0,3.00,0
2024-10-11,STORE-BLR-02,SKU-SHAMPOO-S,0,3.00,0
2024-10-12,STORE-BLR-02,SKU-SHAMPOO-S,0,3.00,0
2024-10-13,STORE-BLR-02,SKU-SHAMPOO-S,0,3.00,0
2024-10-14,STORE-BLR-02,SKU-SHAMPOO-S,0,3.00,0
2024-10-15,STORE-BLR-02,SKU-SHAMPOO-S,0,3.00,0
2024-10-16,STORE-BLR-02,SKU-SHAMPOO-S,1,3.00,0
2024-10-17,STORE-BLR-02,SKU-SHAMPOO-S,0,3.00,0
2024-10-18,STORE-BLR-02,SKU-SHAMPOO-S,0,3.00,0
2024-10-19,STORE-BLR-02,SKU-SHAMPOO-S,0,3.00,0
2024-10-20,STORE-BLR-02,SKU-SHAMPOO-S,0,3.00,0
2024-10-21,STORE-BLR-02,SKU-SHAMPOO-S,2,3.00,0
2024-10-22,STORE-BLR-02,SKU-SHAMPOO-S,0,3.00,0
2024-10-23,STORE-BLR-02,SKU-SHAMPOO-S,3,3.00,1
2024-10-24,STORE-BLR-02,SKU-SHAMPOO-S,1,3.00,0
2024-10-25,STORE-BLR-02,SKU-SHAMPOO-S,0,3.00,0
2024-10-26,STORE-BLR-02,SKU-SHAMPOO-S,1,3.00,0
2024-10-27,STORE-BLR-02,SKU-SHAMPOO-S,1,3.00,1
2024-10-28,STORE-BLR-02,SKU-SHAMPOO-S,3,3.00,0
2024-10-29,STORE-BLR-02,SKU-SHAMPOO-S,0,3.00,0
2024-10-30,STORE-BLR-02,SKU-SHAMPOO-S,0,3.00,0
2024-10-31,STORE-BLR-02,SKU-SHAMPOO-S,9,3.00,0
2024-11-01,STORE-BLR-02,SKU-SHAMPOO-S,0,3.00,0
2024-11-02,STORE-BLR-02,SKU-SHAMPOO-S,0,3.00,0
2024-11-03,STORE-BLR-02,SKU-SHAMPOO-S,5,3.00,0
2024-11-04,STORE-BLR-02,SKU-SHAMPOO-S,0,3.00,0
2024-11-05,STORE-BLR-02,SKU-SHAMPOO-S,3,3.00,0
2024-11-06,STORE-BLR-02,SKU-SHAMPOO-S,0,3.00,0
2024-11-07,STORE-BLR-02,SKU-SHAMPOO-S,2,3.00,0
2024-11-08,STORE-BLR-02,SKU-SHAMPOO-S,0,3.00,0
2024-11-09,STORE-BLR-02,SKU-SHAMPOO-S,5,3.00,0
2024-11-10,STORE-BLR-02,SKU-SHAMPOO-S,0,3.00,0
2024-11-11,STORE-BLR-02,SKU-SHAMPOO-S,0,3.00,0
2024-11-12,STORE-BLR-02,SKU-SHAMPOO-S,2,3.00,1
2024-11-13,STORE-BLR-02,SKU-SHAMPOO-S,0,3.00,0
2024-11-14,STORE-BLR-02,SKU-SHAMPOO-S,0,3.00,1
2024-11-15,STORE-BLR-02,SKU-SHAMPOO-S,2,3.00,0
2024-11-16,STORE-BLR-02,SKU-SHAMPOO-S,0,3.00,0
2024-11-17,STORE-BLR-02,SKU-SHAMPOO-S,0,3.00,0
2024-11-18,STORE-BLR-02,SKU-SHAMPOO-S,0,3.00,0
2024-11-19,STORE-BLR-02,SKU-SHAMPOO-S,4,3.00,0
2024-11-20,STORE-BLR-02,SKU-SHAMPOO-S,0,3.00,0
2024-11-21,STORE-BLR-02,SKU-SHAMPOO-S,0,3.00,0
2024-11-22,STORE-BLR-02,SKU-SHAMPOO-S,0,3.00,0
2024-11-23,STORE-BLR-02,SKU-SHAMPOO-S,0,3.00,0
2024-11-24,STORE-BLR-02,SKU-SHAMPOO-S,0,3.00,0
2024-11-25,STORE-BLR-02,SKU-SHAMPOO-S,0,3.00,0
2024-11-26,STORE-BLR-02,SKU-SHAMPOO-S,1,3.00,0
2024-11-27,STORE-BLR-02,SKU-SHAMPOO-S,0,3.00,0
2024-11-28,STORE-BLR-02,SKU-SHAMPOO-S,0,3.00,0
2024-11-29,STORE-BLR-02,SKU-SHAMPOO-S,0,3.00,0
2024-11-30,STORE-BLR-02,SKU-SHAMPOO-S,0,3.00,0
2024-12-01,STORE-BLR-02,SKU-SHAMPOO-S,0,3.00,0
2024-12-02,STORE-BLR-02,SKU-SHAMPOO-S,2,3.00,0
2024-12-03,STORE-BLR-02,SKU-SHAMPOO-S,0,3.00,0
2024-12-04,STORE-BLR-02,SKU-SHAMPOO-S,0,3.00,0
2024-12-05,STORE-BLR-02,SKU-SHAMPOO-S,5,3.00,0
2024-12-06,STORE-BLR-02,SKU-SHAMPOO-S,3,3.00,0
2024-12-07,STORE-BLR-02,SKU-SHAMPOO-S,0,3.00,0
2024-12-08,STORE-BLR-02,SKU-SHAMPOO-S,0,3.00,0
2024-12-09,STORE-BLR-02,SKU-SHAMPOO-S,0,3.00,0
2024-12-10,STORE-BLR-02,SKU-SHAMPOO-S,3,3.00,0
2024-12-11,STORE-BLR-02,SKU-SHAMPOO-S,0,3.00,0
2024-12-12,STORE-BLR-02,SKU-SHAMPOO-S,0,3.00,1
2024-12-13,STORE-BLR-02,SKU-SHAMPOO-S,0,3.00,0
2024-12-14,STORE-BLR-02,SKU-SHAMPOO-S,0,3.00,0
2024-12-15,STORE-BLR-02,SKU-SHAMPOO-S,0,3.00,0
2024-12-16,STORE-BLR-02,SKU-SHAMPOO-S,3,3.00,0
2024-12-17,STORE-BLR-02,SKU-SHAMPOO-S,0,3.00,0
2024-12-18,STORE-BLR-02,SKU-SHAMPOO-S,0,3.00,0
2024-12-19,STORE-BLR-02,SKU-SHAMPOO-S,3,3.00,0
2024-12-20,STORE-BLR-02,SKU-SHAMPOO-S,3,3.00,0
2024-12-21,STORE-BLR-02,SKU-SHAMPOO-S,7,3.00,0
2024-12-22,STORE-BLR-02,SKU-SHAMPOO-S,0,3.00,0
2024-12-23,STORE-BLR-02,SKU-SHAMPOO-S,0,3.00,0
2024-12-24,STORE-BLR-02,SKU-SHAMPOO-S,1,3.00,0
2024-12-25,STORE-BLR-02,SKU-SHAMPOO-S,0,3.00,0
2024-12-26,STORE-BLR-02,SKU-SHAMPOO-S,1,3.00,0
2024-12-27,STORE-BLR-02,SKU-SHAMPOO-S,0,3.00,0
2024-12-28,STORE-BLR-02,SKU-SHAMPOO-S,0,3.00,0
2024-12-29,STORE-BLR-02,SKU-SHAMPOO-S,0,3.00,0
2024-12-30,STORE-BLR-02,SKU-SHAMPOO-S,0,3.00,0
2024-12-31,STORE-BLR-02,SKU-SHAMPOO-S,1,3.00,0
2025-01-01,STORE-BLR-02,SKU-SHAMPOO-S,0,3.00,0
2025-01-02,STORE-BLR-02,SKU-SHAMPOO-S,0,3.00,0
2025-01-03,STORE-BLR-02,SKU-SHAMPOO-S,0,3.00,0
2025-01-04,STORE-BLR-02,SKU-SHAMPOO-S,3,3.00,0
2025-01-05,STORE-BLR-02,SKU-SHAMPOO-S,0,3.00,0
2025-01-06,STORE-BLR-02,SKU-SHAMPOO-S,5,3.00,0
2025-01-07,STORE-BLR-02,SKU-SHAMPOO-S,0,3.00,0
2025-01-08,STORE-BLR-02,SKU-SHAMPOO-S,0,3.00,0
2025-01-09,STORE-BLR-02,SKU-SHAMPOO-S,0,3.00,0
2025-01-10,STORE-BLR-02,SKU-SHAMPOO-S,0,3.00,0
2025-01-11,STORE-BLR-02,SKU-SHAMPOO-S,6,3.00,0
2025-01-12,STORE-BLR-02,SKU-SHAMPOO-S,0,3.00,0
2025-01-13,STORE-BLR-02,SKU-SHAMPOO-S,0,3.00,0
2025-01-14,STORE-BLR-02,SKU-SHAMPOO-S,4,3.00,0
2025-01-15,STORE-BLR-02,SKU-SHAMPOO-S,0,3.00,0
2025-01-16,STORE-BLR-02,SKU-SHAMPOO-S,0,3.00,0
2025-01-17,STORE-BLR-02,SKU-SHAMPOO-S,0,3.00,0
2025-01-18,STORE-BLR-02,SKU-SHAMPOO-S,3,3.00,0
2025-01-19,STORE-BLR-02,SKU-SHAMPOO-S,4,3.00,0
2025-01-20,STORE-BLR-02,SKU-SHAMPOO-S,0,3.00,0
2025-01-21,STORE-BLR-02,SKU-SHAMPOO-S,2,3.00,0
2025-01-22,STORE-BLR-02,SKU-SHAMPOO-S,2,3.00,0
2025-01-23,STORE-BLR-02,SKU-SHAMPOO-S,5,3.00,0
2025-01-24,STORE-BLR-02,SKU-SHAMPOO-S,1,3.00,0
2025-01-25,STORE-BLR-02,SKU-SHAMPOO-S,6,3.00,0
2025-01-26,STORE-BLR-02,SKU-SHAMPOO-S,0,3.00,0
2025-01-27,STORE-BLR-02,SKU-SHAMPOO-S,0,3.00,1
2025-01-28,STORE-BLR-02,SKU-SHAMPOO-S,4,3.00,1
2025-01-29,STORE-BLR-02,SKU-SHAMPOO-S,0,3.00,0
2025-01-30,STORE-BLR-02,SKU-SHAMPOO-S,3,3.00,0
2025-01-31,STORE-BLR-02,SKU-SHAMPOO-S,0,3.00,0
2025-02-01,STORE-BLR-02,SKU-SHAMPOO-S,7,3.00,0
2025-02-02,STORE-BLR-02,SKU-SHAMPOO-S,4,3.00,0
2025-02-03,STORE-BLR-02,SKU-SHAMPOO-S,0,3.00,0
2025-02-04,STORE-BLR-02,SKU-SHAMPOO-S,0,3.00,1
2025-02-05,STORE-BLR-02,SKU-SHAMPOO-S,0,3.00,0
2025-02-06,STORE-BLR-02,SKU-SHAMPOO-S,4,3.00,0
2025-02-07,STORE-BLR-02,SKU-SHAMPOO-S,0,3.00,0
2025-02-08,STORE-BLR-02,SKU-SHAMPOO-S,0,3.00,1
2025-02-09,STORE-BLR-02,SKU-SHAMPOO-S,5,3.00,0
2025-02-10,STORE-BLR-02,SKU-SHAMPOO-S,3,3.00,0
2025-02-11,STORE-BLR-02,SKU-SHAMPOO-S,9,3.00,0
2025-02-12,STORE-BLR-02,SKU-SHAMPOO-S,2,3.00,0
2025-02-13,STORE-BLR-02,SKU-SHAMPOO-S,0,3.00,0
2025-02-14,STORE-BLR-02,SKU-SHAMPOO-S,0,3.00,0
2025-02-15,STORE-BLR-02,SKU-SHAMPOO-S,0,3.00,0
2025-02-16,STORE-BLR-02,SKU-SHAMPOO-S,2,3.00,0
2025-02-17,STORE-BLR-02,SKU-SHAMPOO-S,5,3.00,0
2025-02-18,STORE-BLR-02,SKU-SHAMPOO-S,3,3.00,0
2025-02-19,STORE-BLR-02,SKU-SHAMPOO-S,0,3.00,0
2025-02-20,STORE-BLR-02,SKU-SHAMPOO-S,0,3.00,1
2025-02-21,STORE-BLR-02,SKU-SHAMPOO-S,0,3.00,0
2025-02-22,STORE-BLR-02,SKU-SHAMPOO-S,0,3.00,0
2025-02-23,STORE-BLR-02,SKU-SHAMPOO-S,2,3.00,0
2025-02-24,STORE-BLR-02,SKU-SHAMPOO-S,0,3.00,0
2025-02-25,STORE-BLR-02,SKU-SHAMPOO-S,0,3.00,0
2025-02-26,STORE-BLR-02,SKU-SHAMPOO-S,0,3.00,1
2025-02-27,STORE-BLR-02,SKU-SHAMPOO-S,0,3.00,0
2025-02-28,STORE-BLR-02,SKU-SHAMPOO-S,2,3.00,0
2025-03-01,STORE-BLR-02,SKU-SHAMPOO-S,2,3.00,0
2025-03-02,STORE-BLR-02,SKU-SHAMPOO-S,0,3.00,1
2025-03-03,STORE-BLR-02,SKU-SHAMPOO-S,0,3.00,0
2025-03-04,STORE-BLR-02,SKU-SHAMPOO-S,0,3.00,0
2025-03-05,STORE-BLR-02,SKU-SHAMPOO-S,0,3.00,0
2025-03-06,STORE-BLR-02,SKU-SHAMPOO-S,0,3.00,0
2025-03-07,STORE-BLR-02,SKU-SHAMPOO-S,0,3.00,0
2025-03-08,STORE-BLR-02,SKU-SHAMPOO-S,5,3.00,0
2025-03-09,STORE-BLR-02,SKU-SHAMPOO-S,6,3.00,0
2025-03-10,STORE-BLR-02,SKU-SHAMPOO-S,0,3.00,1
2025-03-11,STORE-BLR-02,SKU-SHAMPOO-S,0,3.00,0
2025-03-12,STORE-BLR-02,SKU-SHAMPOO-S,5,3.00,0
2025-03-13,STORE-BLR-02,SKU-SHAMPOO-S,6,3.00,0
2025-03-14,STORE-BLR-02,SKU-SHAMPOO-S,0,3.00,0
2025-03-15,STORE-BLR-02,SKU-SHAMPOO-S,0,3.00,0
2025-03-16,STORE-BLR-02,SKU-SHAMPOO-S,6,3.00,0
2025-03-17,STORE-BLR-02,SKU-SHAMPOO-S,0,3.00,0
2025-03-18,STORE-BLR-02,SKU-SHAMPOO-S,2,3.00,0
2025-03-19,STORE-BLR-02,SKU-SHAMPOO-S,0,3.00,0
2025-03-20,STORE-BLR-02,SKU-SHAMPOO-S,0,3.00,0
2025-03-21,STORE-BLR-02,SKU-SHAMPOO-S,2,3.00,0
2025-03-22,STORE-BLR-02,SKU-SHAMPOO-S,4,3.00,0
2025-03-23,STORE-BLR-02,SKU-SHAMPOO-S,0,3.00,0
2025-03-24,STORE-BLR-02,SKU-SHAMPOO-S,6,3.00,0
2025-03-25,STORE-BLR-02,SKU-SHAMPOO-S,4,3.00,0
2025-03-26,STORE-BLR-02,SKU-SHAMPOO-S,0,3.00,0
2025-03-27,STORE-BLR-02,SKU-SHAMPOO-S,0,3.00,0
2025-03-28,STORE-BLR-02,SKU-SHAMPOO-S,2,3.00,0
2025-03-29,STORE-BLR-02,SKU-SHAMPOO-S,0,3.00,0
2025-03-30,STORE-BLR-02,SKU-SHAMPOO-S,0,3.00,0
2025-03-31,STORE-BLR-02,SKU-SHAMPOO-S,0,3.00,0
2025-04-01,STORE-BLR-02,SKU-SHAMPOO-S,1,3.00,0
2025-04-02,STORE-BLR-02,SKU-SHAMPOO-S,5,3.00,0
2025-04-03,STORE-BLR-02,SKU-SHAMPOO-S,5,3.00,0
2025-04-04,STORE-BLR-02,SKU-SHAMPOO-S,0,3.00,0
2025-04-05,STORE-BLR-02,SKU-SHAMPOO-S,0,3.00,0
2025-04-06,STORE-BLR-02,SKU-SHAMPOO-S,0,3.00,0
2025-04-07,STORE-BLR-02,SKU-SHAMPOO-S,0,3.00,0
2025-04-08,STORE-BLR-02,SKU-SHAMPOO-S,0,3.00,0
2025-04-09,STORE-BLR-02,SKU-SHAMPOO-S,0,3.00,0
2025-04-10,STORE-BLR-02,SKU-SHAMPOO-S,0,3.00,0
2025-04-11,STORE-BLR-02,SKU-SHAMPOO-S,2,3.00,0
2025-04-12,STORE-BLR-02,SKU-SHAMPOO-S,0,3.00,0
2025-04-13,STORE-BLR-02,SKU-SHAMPOO-S,3,3.00,0
2025-04-14,STORE-BLR-02,SKU-SHAMPOO-S,0,3.00,1
2025-04-15,STORE-BLR-02,SKU-SHAMPOO-S,3,3.00,0
2025-04-16,STORE-BLR-02,SKU-SHAMPOO-S,0,3.00,0
2025-04-17,STORE-BLR-02,SKU-SHAMPOO-S,1,3.00,0
2025-04-18,STORE-BLR-02,SKU-SHAMPOO-S,9,3.00,1
2025-04-19,STORE-BLR-02,SKU-SHAMPOO-S,0,3.00,0
2025-04-20,STORE-BLR-02,SKU-SHAMPOO-S,0,3.00,0
2025-04-21,STORE-BLR-02,SKU-SHAMPOO-S,5,3.00,1
2025-04-22,STORE-BLR-02,SKU-SHAMPOO-S,1,3.00,0
2025-04-23,STORE-BLR-02,SKU-SHAMPOO-S,4,3.00,0
2025-04-24,STORE-BLR-02,SKU-SHAMPOO-S,0,3.00,0
2025-04-25,STORE-BLR-02,SKU-SHAMPOO-S,1,3.00,0
2025-04-26,STORE-BLR-02,SKU-SHAMPOO-S,6,3.00,0
2025-04-27,STORE-BLR-02,SKU-SHAMPOO-S,2,3.00,0
2025-04-28,STORE-BLR-02,SKU-SHAMPOO-S,0,3.00,0
2025-04-29,STORE-BLR-02,SKU-SHAMPOO-S,0,3.00,0
2025-04-30,STORE-BLR-02,SKU-SHAMPOO-S,9,3.00,0
2025-05-01,STORE-BLR-02,SKU-SHAMPOO-S,5,3.00,0
2025-05-02,STORE-BLR-02,SKU-SHAMPOO-S,2,3.00,0
2025-05-03,STORE-BLR-02,SKU-SHAMPOO-S,3,3.00,0
2025-05-04,STORE-BLR-02,SKU-SHAMPOO-S,2,3.00,0
2025-05-05,STORE-BLR-02,SKU-SHAMPOO-S,0,3.00,0
2025-05-06,STORE-BLR-02,SKU-SHAMPOO-S,0,3.00,0
2025-05-07,STORE-BLR-02,SKU-SHAMPOO-S,0,3.00,0
2025-05-08,STORE-BLR-02,SKU-SHAMPOO-S,4,3.00,1
2025-05-09,STORE-BLR-02,SKU-SHAMPOO-S,0,3.00,0
2025-05-10,STORE-BLR-02,SKU-SHAMPOO-S,4,3.00,1
2025-05-11,STORE-BLR-02,SKU-SHAMPOO-S,4,3.00,0
2025-05-12,STORE-BLR-02,SKU-SHAMPOO-S,0,3.00,0
2025-05-13,STORE-BLR-02,SKU-SHAMPOO-S,0,3.00,0
2025-05-14,STORE-BLR-02,SKU-SHAMPOO-S,0,3.00,0
2025-05-15,STORE-BLR-02,SKU-SHAMPOO-S,0,3.00,0
2025-05-16,STORE-BLR-02,SKU-SHAMPOO-S,0,3.00,0
2025-05-17,STORE-BLR-02,SKU-SHAMPOO-S,1,3.00,0
2025-05-18,STORE-BLR-02,SKU-SHAMPOO-S,0,3.00,0
2025-05-19,STORE-BLR-02,SKU-SHAMPOO-S,0,3.00,0
2025-05-20,STORE-BLR-02,SKU-SHAMPOO-S,0,3.00,0
2025-05-21,STORE-BLR-02,SKU-SHAMPOO-S,0,3.00,0
2025-05-22,STORE-BLR-02,SKU-SHAMPOO-S,0,3.00,0
2025-05-23,STORE-BLR-02,SKU-SHAMPOO-S,0,3.00,0
2025-05-24,STORE-BLR-02,SKU-SHAMPOO-S,0,3.00,0
2025-05-25,STORE-BLR-02,SKU-SHAMPOO-S,0,3.00,0
2025-05-26,STORE-BLR-02,SKU-SHAMPOO-S,0,3.00,0
2025-05-27,STORE-BLR-02,SKU-SHAMPOO-S,0,3.00,1
2025-05-28,STORE-BLR-02,SKU-SHAMPOO-S,0,3.00,0
2025-05-29,STORE-BLR-02,SKU-SHAMPOO-S,0,3.00,0
2025-05-30,STORE-BLR-02,SKU-SHAMPOO-S,0,3.00,0
2025-05-31,STORE-BLR-02,SKU-SHAMPOO-S,6,3.00,0
2025-06-01,STORE-BLR-02,SKU-SHAMPOO-S,1,3.00,0
2025-06-02,STORE-BLR-02,SKU-SHAMPOO-S,0,3.00,0
2025-06-03,STORE-BLR-02,SKU-SHAMPOO-S,4,3.00,0
2025-06-04,STORE-BLR-02,SKU-SHAMPOO-S,6,3.00,0
2025-06-05,STORE-BLR-02,SKU-SHAMPOO-S,0,3.00,1
2025-06-06,STORE-BLR-02,SKU-SHAMPOO-S,0,3.00,0
2025-06-07,STORE-BLR-02,SKU-SHAMPOO-S,0,3.00,0
2025-06-08,STORE-BLR-02,SKU-SHAMPOO-S,0,3.00,0
2025-06-09,STORE-BLR-02,SKU-SHAMPOO-S,0,3.00,0
2025-06-10,STORE-BLR-02,SKU-SHAMPOO-S,2,3.00,0
2025-06-11,STORE-BLR-02,SKU-SHAMPOO-S,0,3.00,1
2025-06-12,STORE-BLR-02,SKU-SHAMPOO-S,2,3.00,0
2025-06-13,STORE-BLR-02,SKU-SHAMPOO-S,5,3.00,0
2025-06-14,STORE-BLR-02,SKU-SHAMPOO-S,0,3.00,0
2025-06-15,STORE-BLR-02,SKU-SHAMPOO-S,0,3.00,0
2025-06-16,STORE-BLR-02,SKU-SHAMPOO-S,0,3.00,0
2025-06-17,STORE-BLR-02,SKU-SHAMPOO-S,0,3.00,0
2025-06-18,STORE-BLR-02,SKU-SHAMPOO-S,0,3.00,0
2025-06-19,STORE-BLR-02,SKU-SHAMPOO-S,1,3.00,0
2025-06-20,STORE-BLR-02,SKU-SHAMPOO-S,0,3.00,0
2025-06-21,STORE-BLR-02,SKU-SHAMPOO-S,6,3.00,0
2025-06-22,STORE-BLR-02,SKU-SHAMPOO-S,1,3.00,0
2025-06-23,STORE-BLR-02,SKU-SHAMPOO-S,4,3.00,0
2025-06-24,STORE-BLR-02,SKU-SHAMPOO-S,0,3.00,0
2025-06-25,STORE-BLR-02,SKU-SHAMPOO-S,0,3.00,0
2025-06-26,STORE-BLR-02,SKU-SHAMPOO-S,0,3.00,0
2025-06-27,STORE-BLR-02,SKU-SHAMPOO-S,2,3.00,0
2025-06-28,STORE-BLR-02,SKU-SHAMPOO-S,7,3.00,0
2025-06-29,STORE-BLR-02,SKU-SHAMPOO-S,0,3.00,0
2025-06-30,STORE-BLR-02,SKU-SHAMPOO-S,6,3.00,1
2025-07-01,STORE-BLR-02,SKU-SHAMPOO-S,2,3.00,0
2025-07-02,STORE-BLR-02,SKU-SHAMPOO-S,0,3.00,0
2025-07-03,STORE-BLR-02,SKU-SHAMPOO-S,2,3.00,0
2025-07-04,STORE-BLR-02,SKU-SHAMPOO-S,2,3.00,0
2025-07-05,STORE-BLR-02,SKU-SHAMPOO-S,0,3.00,0
2025-07-06,STORE-BLR-02,SKU-SHAMPOO-S,0,3.00,0
2025-07-07,STORE-BLR-02,SKU-SHAMPOO-S,0,3.00,0
2025-07-08,STORE-BLR-02,SKU-SHAMPOO-S,0,3.00,0
2025-07-09,STORE-BLR-02,SKU-SHAMPOO-S,2,3.00,0
2025-07-10,STORE-BLR-02,SKU-SHAMPOO-S,1,3.00,0
2025-07-11,STORE-BLR-02,SKU-SHAMPOO-S,1,3.00,0
2025-07-12,STORE-BLR-02,SKU-SHAMPOO-S,6,3.00,1
2025-07-13,STORE-BLR-02,SKU-SHAMPOO-S,1,3.00,0
2025-07-14,STORE-BLR-02,SKU-SHAMPOO-S,0,3.00,0
2025-07-15,STORE-BLR-02,SKU-SHAMPOO-S,3,3.00,1
2025-07-16,STORE-BLR-02,SKU-SHAMPOO-S,0,3.00,0
2025-07-17,STORE-BLR-02,SKU-SHAMPOO-S,0,3.00,0
2025-07-18,STORE-BLR-02,SKU-SHAMPOO-S,0,3.00,0
2025-07-19,STORE-BLR-02,SKU-SHAMPOO-S,0,3.00,1
2025-07-20,STORE-BLR-02,SKU-SHAMPOO-S,0,3.00,0
2025-07-21,STORE-BLR-02,SKU-SHAMPOO-S,0,3.00,0
2025-07-22,STORE-BLR-02,SKU-SHAMPOO-S,2,3.00,0
2025-07-23,STORE-BLR-02,SKU-SHAMPOO-S,0,3.00,0
2025-07-24,STORE-BLR-02,SKU-SHAMPOO-S,0,3.00,0
2025-07-25,STORE-BLR-02,SKU-SHAMPOO-S,1,3.00,0
2025-07-26,STORE-BLR-02,SKU-SHAMPOO-S,0,3.00,0
2025-07-27,STORE-BLR-02,SKU-SHAMPOO-S,0,3.00,0
2025-07-28,STORE-BLR-02,SKU-SHAMPOO-S,0,3.00,1
2025-07-29,STORE-BLR-02,SKU-SHAMPOO-S,0,3.00,0
2025-07-30,STORE-BLR-02,SKU-SHAMPOO-S,0,3.00,1
2025-07-31,STORE-BLR-02,SKU-SHAMPOO-S,0,3.00,0
2025-08-01,STORE-BLR-02,SKU-SHAMPOO-S,0,3.00,1
2025-08-02,STORE-BLR-02,SKU-SHAMPOO-S,2,3.00,0
2025-08-03,STORE-BLR-02,SKU-SHAMPOO-S,0,3.00,0
2025-08-04,STORE-BLR-02,SKU-SHAMPOO-S,2,3.00,0
2025-08-05,STORE-BLR-02,SKU-SHAMPOO-S,1,3.00,0
2025-08-06,STORE-BLR-02,SKU-SHAMPOO-S,0,3.00,0
2025-08-07,STORE-BLR-02,SKU-SHAMPOO-S,0,3.00,0
2025-08-08,STORE-BLR-02,SKU-SHAMPOO-S,0,3.00,0
2025-08-09,STORE-BLR-02,SKU-SHAMPOO-S,0,3.00,0
2025-08-10,STORE-BLR-02,SKU-SHAMPOO-S,0,3.00,0
2025-08-11,STORE-BLR-02,SKU-SHAMPOO-S,0,3.00,0
2025-08-12,STORE-BLR-02,SKU-SHAMPOO-S,4,3.00,0
2025-08-13,STORE-BLR-02,SKU-SHAMPOO-S,0,3.00,0
2025-08-14,STORE-BLR-02,SKU-SHAMPOO-S,6,3.00,1
2025-08-15,STORE-BLR-02,SKU-SHAMPOO-S,2,3.00,0
2025-08-16,STORE-BLR-02,SKU-SHAMPOO-S,2,3.00,0
2025-08-17,STORE-BLR-02,SKU-SHAMPOO-S,4,3.00,0
2025-08-18,STORE-BLR-02,SKU-SHAMPOO-S,0,3.00,0
2025-08-19,STORE-BLR-02,SKU-SHAMPOO-S,0,3.00,0
2025-08-20,STORE-BLR-02,SKU-SHAMPOO-S,2,3.00,0
2025-08-21,STORE-BLR-02,SKU-SHAMPOO-S,4,3.00,0
2025-08-22,STORE-BLR-02,SKU-SHAMPOO-S,0,3.00,0
2025-08-23,STORE-BLR-02,SKU-SHAMPOO-S,2,3.00,0
2025-08-24,STORE-BLR-02,SKU-SHAMPOO-S,0,3.00,0
2025-08-25,STORE-BLR-02,SKU-SHAMPOO-S,3,3.00,1
2025-08-26,STORE-BLR-02,SKU-SHAMPOO-S,0,3.00,0
2025-08-27,STORE-BLR-02,SKU-SHAMPOO-S,0,3.00,1
2025-08-28,STORE-BLR-02,SKU-SHAMPOO-S,3,3.00,0
2025-08-29,STORE-BLR-02,SKU-SHAMPOO-S,0,3.00,0
2025-08-30,STORE-BLR-02,SKU-SHAMPOO-S,0,3.00,0
2025-08-31,STORE-BLR-02,SKU-SHAMPOO-S,0,3.00,0
2025-09-01,STORE-BLR-02,SKU-SHAMPOO-S,0,3.00,0
2025-09-02,STORE-BLR-02,SKU-SHAMPOO-S,0,3.00,0
2025-09-03,STORE-BLR-02,SKU-SHAMPOO-S,0,3.00,0
2025-09-04,STORE-BLR-02,SKU-SHAMPOO-S,0,3.00,0
2025-09-05,STORE-BLR-02,SKU-SHAMPOO-S,4,3.00,0
2025-09-06,STORE-BLR-02,SKU-SHAMPOO-S,0,3.00,0
2025-09-07,STORE-BLR-02,SKU-SHAMPOO-S,0,3.00,0
2025-09-08,STORE-BLR-02,SKU-SHAMPOO-S,1,3.00,0
2025-09-09,STORE-BLR-02,SKU-SHAMPOO-S,0,3.00,0
2025-09-10,STORE-BLR-02,SKU-SHAMPOO-S,4,3.00,0
2025-09-11,STORE-BLR-02,SKU-SHAMPOO-S,6,3.00,0
2025-09-12,STORE-BLR-02,SKU-SHAMPOO-S,0,3.00,0
2025-09-13,STORE-BLR-02,SKU-SHAMPOO-S,0,3.00,0
2025-09-14,STORE-BLR-02,SKU-SHAMPOO-S,0,3.00,0
2025-09-15,STORE-BLR-02,SKU-SHAMPOO-S,1,3.00,0
2025-09-16,STORE-BLR-02,SKU-SHAMPOO-S,0,3.00,0
2025-09-17,STORE-BLR-02,SKU-SHAMPOO-S,5,3.00,0
2025-09-18,STORE-BLR-02,SKU-SHAMPOO-S,0,3.00,1
2025-09-19,STORE-BLR-02,SKU-SHAMPOO-S,0,3.00,0
2025-09-20,STORE-BLR-02,SKU-SHAMPOO-S,0,3.00,0
2025-09-21,STORE-BLR-02,SKU-SHAMPOO-S,5,3.00,0
2025-09-22,STORE-BLR-02,SKU-SHAMPOO-S,1,3.00,0
2025-09-23,STORE-BLR-02,SKU-SHAMPOO-S,7,3.00,0
2025-09-24,STORE-BLR-02,SKU-SHAMPOO-S,1,3.00,0
2025-09-25,STORE-BLR-02,SKU-SHAMPOO-S,0,3.00,0
2025-09-26,STORE-BLR-02,SKU-SHAMPOO-S,0,3.00,0
2025-09-27,STORE-BLR-02,SKU-SHAMPOO-S,0,3.00,0
2025-09-28,STORE-BLR-02,SKU-SHAMPOO-S,3,3.00,0
2025-09-29,STORE-BLR-02,SKU-SHAMPOO-S,0,3.00,0
2025-09-30,STORE-BLR-02,SKU-SHAMPOO-S,0,3.00,0
2025-10-01,STORE-BLR-02,SKU-SHAMPOO-S,0,3.00,0
2025-10-02,STORE-BLR-02,SKU-SHAMPOO-S,2,3.00,0
2025-10-03,STORE-BLR-02,SKU-SHAMPOO-S,0,3.00,0
2025-10-04,STORE-BLR-02,SKU-SHAMPOO-S,0,3.00,0
2025-10-05,STORE-BLR-02,SKU-SHAMPOO-S,0,3.00,0
2025-10-06,STORE-BLR-02,SKU-SHAMPOO-S,2,3.00,0
2025-10-07,STORE-BLR-02,SKU-SHAMPOO-S,0,3.00,0
2025-10-08,STORE-BLR-02,SKU-SHAMPOO-S,1,3.00,0
2025-10-09,STORE-BLR-02,SKU-SHAMPOO-S,0,3.00,0
2025-10-10,STORE-BLR-02,SKU-SHAMPOO-S,1,3.00,0
2025-10-11,STORE-BLR-02,SKU-SHAMPOO-S,0,3.00,0
2025-10-12,STORE-BLR-02,SKU-SHAMPOO-S,0,3.00,0
2025-10-13,STORE-BLR-02,SKU-SHAMPOO-S,0,3.00,0
2025-10-14,STORE-BLR-02,SKU-SHAMPOO-S,1,3.00,0
2025-10-15,STORE-BLR-02,SKU-SHAMPOO-S,3,3.00,0
2025-10-16,STORE-BLR-02,SKU-SHAMPOO-S,0,3.00,0
2025-10-17,STORE-BLR-02,SKU-SHAMPOO-S,6,3.00,0
2025-10-18,STORE-BLR-02,SKU-SHAMPOO-S,0,3.00,0
2025-10-19,STORE-BLR-02,SKU-SHAMPOO-S,0,3.00,0
2025-10-20,STORE-BLR-02,SKU-SHAMPOO-S,0,3.00,0
2025-10-21,STORE-BLR-02,SKU-SHAMPOO-S,0,3.00,0
2025-10-22,STORE-BLR-02,SKU-SHAMPOO-S,6,3.00,0
2025-10-23,STORE-BLR-02,SKU-SHAMPOO-S,0,3.00,0
2025-10-24,STORE-BLR-02,SKU-SHAMPOO-S,2,3.00,0
2025-10-25,STORE-BLR-02,SKU-SHAMPOO-S,0,3.00,0
2025-10-26,STORE-BLR-02,SKU-SHAMPOO-S,0,3.00,0
2025-10-27,STORE-BLR-02,SKU-SHAMPOO-S,0,3.00,0
2025-10-28,STORE-BLR-02,SKU-SHAMPOO-S,0,3.00,0
2025-10-29,STORE-BLR-02,SKU-SHAMPOO-S,0,3.00,0
2025-10-30,STORE-BLR-02,SKU-SHAMPOO-S,3,3.00,0
2025-10-31,STORE-BLR-02,SKU-SHAMPOO-S,5,3.00,0
2025-11-01,STORE-BLR-02,SKU-SHAMPOO-S,2,3.00,0
2025-11-02,STORE-BLR-02,SKU-SHAMPOO-S,0,3.00,0
2025-11-03,STORE-BLR-02,SKU-SHAMPOO-S,3,3.00,0
2025-11-04,STORE-BLR-02,SKU-SHAMPOO-S,4,3.00,0
2025-11-05,STORE-BLR-02,SKU-SHAMPOO-S,0,3.00,0
2025-11-06,STORE-BLR-02,SKU-SHAMPOO-S,3,3.00,0
2025-11-07,STORE-BLR-02,SKU-SHAMPOO-S,0,3.00,0
2025-11-08,STORE-BLR-02,SKU-SHAMPOO-S,0,3.00,0
2025-11-09,STORE-BLR-02,SKU-SHAMPOO-S,0,3.00,0
2025-11-10,STORE-BLR-02,SKU-SHAMPOO-S,4,3.00,0
2025-11-11,STORE-BLR-02,SKU-SHAMPOO-S,2,3.00,0
2025-11-12,STORE-BLR-02,SKU-SHAMPOO-S,0,3.00,0
2025-11-13,STORE-BLR-02,SKU-SHAMPOO-S,0,3.00,0
2025-11-14,STORE-BLR-02,SKU-SHAMPOO-S,0,3.00,0
2025-11-15,STORE-BLR-02,SKU-SHAMPOO-S,0,3.00,0
2025-11-16,STORE-BLR-02,SKU-SHAMPOO-S,0,3.00,0
2025-11-17,STORE-BLR-02,SKU-SHAMPOO-S,0,3.00,0
2025-11-18,STORE-BLR-02,SKU-SHAMPOO-S,5,3.00,0
2025-11-19,STORE-BLR-02,SKU-SHAMPOO-S,1,3.00,0
2025-11-20,STORE-BLR-02,SKU-SHAMPOO-S,0,3.00,0
2025-11-21,STORE-BLR-02,SKU-SHAMPOO-S,4,3.00,0
2025-11-22,STORE-BLR-02,SKU-SHAMPOO-S,0,3.00,0
2025-11-23,STORE-BLR-02,SKU-SHAMPOO-S,0,3.00,0
2025-11-24,STORE-BLR-02,SKU-SHAMPOO-S,2,3.00,0
2025-11-25,STORE-BLR-02,SKU-SHAMPOO-S,0,3.00,0
2025-11-26,STORE-BLR-02,SKU-SHAMPOO-S,0,3.00,0
2025-11-27,STORE-BLR-02,SKU-SHAMPOO-S,0,3.00,0
2025-11-28,STORE-BLR-02,SKU-SHAMPOO-S,0,3.00,0
2025-11-29,STORE-BLR-02,SKU-SHAMPOO-S,3,3.00,0
2025-11-30,STORE-BLR-02,SKU-SHAMPOO-S,0,3.00,0
2025-12-01,STORE-BLR-02,SKU-SHAMPOO-S,1,3.00,0
2025-12-02,STORE-BLR-02,SKU-SHAMPOO-S,3,3.00,0
2025-12-03,STORE-BLR-02,SKU-SHAMPOO-S,0,3.00,0
2025-12-04,STORE-BLR-02,SKU-SHAMPOO-S,0,3.00,0
2025-12-05,STORE-BLR-02,SKU-SHAMPOO-S,0,3.00,1
2025-12-06,STORE-BLR-02,SKU-SHAMPOO-S,0,3.00,0
2025-12-07,STORE-BLR-02,SKU-SHAMPOO-S,3,3.00,0
2025-12-08,STORE-BLR-02,SKU-SHAMPOO-S,2,3.00,0
2025-12-09,STORE-BLR-02,SKU-SHAMPOO-S,0,3.00,0
2025-12-10,STORE-BLR-02,SKU-SHAMPOO-S,2,3.00,0
2025-12-11,STORE-BLR-02,SKU-SHAMPOO-S,2,3.00,0
2025-12-12,STORE-BLR-02,SKU-SHAMPOO-S,2,3.00,0
2025-12-13,STORE-BLR-02,SKU-SHAMPOO-S,0,3.00,0
2025-12-14,STORE-BLR-02,SKU-SHAMPOO-S,0,3.00,0
2025-12-15,STORE-BLR-02,SKU-SHAMPOO-S,0,3.00,0
2025-12-16,STORE-BLR-02,SKU-SHAMPOO-S,0,3.00,0
2025-12-17,STORE-BLR-02,SKU-SHAMPOO-S,2,3.00,0
2025-12-18,STORE-BLR-02,SKU-SHAMPOO-S,0,3.00,0
2025-12-19,STORE-BLR-02,SKU-SHAMPOO-S,0,3.00,0
2025-12-20,STORE-BLR-02,SKU-SHAMPOO-S,5,3.00,1
2025-12-21,STORE-BLR-02,SKU-SHAMPOO-S,2,3.00,0
2025-12-22,STORE-BLR-02,SKU-SHAMPOO-S,0,3.00,0
2025-12-23,STORE-BLR-02,SKU-SHAMPOO-S,3,3.00,0
2025-12-24,STORE-BLR-02,SKU-SHAMPOO-S,0,3.00,0
2025-12-25,STORE-BLR-02,SKU-SHAMPOO-S,0,3.00,0
2025-12-26,STORE-BLR-02,SKU-SHAMPOO-S,5,3.00,0
2025-12-27,STORE-BLR-02,SKU-SHAMPOO-S,0,3.00,0
2025-12-28,STORE-BLR-02,SKU-SHAMPOO-S,0,3.00,0
2025-12-29,STORE-BLR-02,SKU-SHAMPOO-S,4,3.00,0
2025-12-30,STORE-BLR-02,SKU-SHAMPOO-S,0,3.00,0
2024-01-01,STORE-BLR-02,SKU-BATTERY-AA,3,90.00,0
2024-01-02,STORE-BLR-02,SKU-BATTERY-AA,0,90.00,1
2024-01-03,STORE-BLR-02,SKU-BATTERY-AA,0,90.00,0
2024-01-04,STORE-BLR-02,SKU-BATTERY-AA,0,90.00,1
2024-01-05,STORE-BLR-02,SKU-BATTERY-AA,0,90.00,0
2024-01-06,STORE-BLR-02,SKU-BATTERY-AA,2,90.00,0
2024-01-07,STORE-BLR-02,SKU-BATTERY-AA,0,90.00,0
2024-01-08,STORE-BLR-02,SKU-BATTERY-AA,0,90.00,0
2024-01-09,STORE-BLR-02,SKU-BATTERY-AA,2,90.00,0
2024-01-10,STORE-BLR-02,SKU-BATTERY-AA,0,90.00,0
2024-01-11,STORE-BLR-02,SKU-BATTERY-AA,2,90.00,0
2024-01-12,STORE-BLR-02,SKU-BATTERY-AA,2,90.00,0
2024-01-13,STORE-BLR-02,SKU-BATTERY-AA,0,90.00,0
2024-01-14,STORE-BLR-02,SKU-BATTERY-AA,0,90.00,0
2024-01-15,STORE-BLR-02,SKU-BATTERY-AA,3,90.00,1
2024-01-16,STORE-BLR-02,SKU-BATTERY-AA,0,90.00,1
2024-01-17,STORE-BLR-02,SKU-BATTERY-AA,0,90.00,0
2024-01-18,STORE-BLR-02,SKU-BATTERY-AA,0,90.00,0
2024-01-19,STORE-BLR-02,SKU-BATTERY-AA,2,90.00,0
2024-01-20,STORE-BLR-02,SKU-BATTERY-AA,0,90.00,0
2024-01-21,STORE-BLR-02,SKU-BATTERY-AA,0,90.00,0
2024-01-22,STORE-BLR-02,SKU-BATTERY-AA,0,90.00,0
2024-01-23,STORE-BLR-02,SKU-BATTERY-AA,0,90.00,0
2024-01-24,STORE-BLR-02,SKU-BATTERY-AA,0,90.00,0
2024-01-25,STORE-BLR-02,SKU-BATTERY-AA,6,90.00,0
2024-01-26,STORE-BLR-02,SKU-BATTERY-AA,2,90.00,0
2024-01-27,STORE-BLR-02,SKU-BATTERY-AA,1,90.00,0
2024-01-28,STORE-BLR-02,SKU-BATTERY-AA,0,90.00,1
2024-01-29,STORE-BLR-02,SKU-BATTERY-AA,0,90.00,0
2024-01-30,STORE-BLR-02,SKU-BATTERY-AA,0,90.00,0
2024-01-31,STORE-BLR-02,SKU-BATTERY-AA,0,90.00,0
2024-02-01,STORE-BLR-02,SKU-BATTERY-AA,2,90.00,0
2024-02-02,STORE-BLR-02,SKU-BATTERY-AA,4,90.00,0
2024-02-03,STORE-BLR-02,SKU-BATTERY-AA,0,90.00,0
2024-02-04,STORE-BLR-02,SKU-BATTERY-AA,0,90.00,0
2024-02-05,STORE-BLR-02,SKU-BATTERY-AA,1,90.00,0
2024-02-06,STORE-BLR-02,SKU-BATTERY-AA,3,90.00,0
2024-02-07,STORE-BLR-02,SKU-BATTERY-AA,0,90.00,0
2024-02-08,STORE-BLR-02,SKU-BATTERY-AA,0,90.00,0
2024-02-09,STORE-BLR-02,SKU-BATTERY-AA,5,90.00,0
2024-02-10,STORE-BLR-02,SKU-BATTERY-AA,1,90.00,0
2024-02-11,STORE-BLR-02,SKU-BATTERY-AA,5,90.00,0
2024-02-12,STORE-BLR-02,SKU-BATTERY-AA,0,90.00,0
2024-02-13,STORE-BLR-02,SKU-BATTERY-AA,0,90.00,0
2024-02-14,STORE-BLR-02,SKU-BATTERY-AA,0,90.00,0
2024-02-15,STORE-BLR-02,SKU-BATTERY-AA,0,90.00,0
2024-02-16,STORE-BLR-02,SKU-BATTERY-AA,0,90.00,0
2024-02-17,STORE-BLR-02,SKU-BATTERY-AA,2,90.00,0
2024-02-18,STORE-BLR-02,SKU-BATTERY-AA,0,90.00,0
2024-02-19,STORE-BLR-02,SKU-BATTERY-AA,0,90.00,0
2024-02-20,STORE-BLR-02,SKU-BATTERY-AA,0,90.00,0
2024-02-21,STORE-BLR-02,SKU-BATTERY-AA,0,90.00,0
2024-02-22,STORE-BLR-02,SKU-BATTERY-AA,1,90.00,0
2024-02-23,STORE-BLR-02,SKU-BATTERY-AA,0,90.00,0
2024-02-24,STORE-BLR-02,SKU-BATTERY-AA,0,90.00,0
2024-02-25,STORE-BLR-02,SKU-BATTERY-AA,2,90.00,0
2024-02-26,STORE-BLR-02,SKU-BATTERY-AA,0,90.00,0
2024-02-27,STORE-BLR-02,SKU-BATTERY-AA,2,90.00,0
2024-02-28,STORE-BLR-02,SKU-BATTERY-AA,0,90.00,0
2024-02-29,STORE-BLR-02,SKU-BATTERY-AA,2,90.00,0
2024-03-01,STORE-BLR-02,SKU-BATTERY-AA,1,90.00,0
2024-03-02,STORE-BLR-02,SKU-BATTERY-AA,0,90.00,0
2024-03-03,STORE-BLR-02,SKU-BATTERY-AA,0,90.00,0
2024-03-04,STORE-BLR-02,SKU-BATTERY-AA,0,90.00,0
2024-03-05,STORE-BLR-02,SKU-BATTERY-AA,0,90.00,0
2024-03-06,STORE-BLR-02,SKU-BATTERY-AA,3,90.00,0
2024-03-07,STORE-BLR-02,SKU-BATTERY-AA,5,90.00,0
2024-03-08,STORE-BLR-02,SKU-BATTERY-AA,5,90.00,0
2024-03-09,STORE-BLR-02,SKU-BATTERY-AA,0,90.00,0
2024-03-10,STORE-BLR-02,SKU-BATTERY-AA,0,90.00,0
2024-03-11,STORE-BLR-02,SKU-BATTERY-AA,0,90.00,0
2024-03-12,STORE-BLR-02,SKU-BATTERY-AA,2,90.00,0
2024-03-13,STORE-BLR-02,SKU-BATTERY-AA,3,90.00,0
2024-03-14,STORE-BLR-02,SKU-BATTERY-AA,3,90.00,0
2024-03-15,STORE-BLR-02,SKU-BATTERY-AA,4,90.00,0
2024-03-16,STORE-BLR-02,SKU-BATTERY-AA,0,90.00,0
2024-03-17,STORE-BLR-02,SKU-BATTERY-AA,0,90.00,0
2024-03-18,STORE-BLR-02,SKU-BATTERY-AA,0,90.00,0
2024-03-19,STORE-BLR-02,SKU-BATTERY-AA,2,90.00,0
2024-03-20,STORE-BLR-02,SKU-BATTERY-AA,0,90.00,0
2024-03-21,STORE-BLR-02,SKU-BATTERY-AA,0,90.00,0
2024-03-22,STORE-BLR-02,SKU-BATTERY-AA,0,90.00,0
2024-03-23,STORE-BLR-02,SKU-BATTERY-AA,6,90.00,0
2024-03-24,STORE-BLR-02,SKU-BATTERY-AA,0,90.00,0
2024-03-25,STORE-BLR-02,SKU-BATTERY-AA,9,90.00,0
2024-03-26,STORE-BLR-02,SKU-BATTERY-AA,0,90.00,1
2024-03-27,STORE-BLR-02,SKU-BATTERY-AA,0,90.00,0
2024-03-28,STORE-BLR-02,SKU-BATTERY-AA,0,90.00,0
2024-03-29,STORE-BLR-02,SKU-BATTERY-AA,0,90.00,0
2024-03-30,STORE-BLR-02,SKU-BATTERY-AA,0,90.00,0
2024-03-31,STORE-BLR-02,SKU-BATTERY-AA,2,90.00,0
2024-04-01,STORE-BLR-02,SKU-BATTERY-AA,0,90.00,0
2024-04-02,STORE-BLR-02,SKU-BATTERY-AA,0,90.00,0
2024-04-03,STORE-BLR-02,SKU-BATTERY-AA,0,90.00,0
2024-04-04,STORE-BLR-02,SKU-BATTERY-AA,0,90.00,0
2024-04-05,STORE-BLR-02,SKU-BATTERY-AA,4,90.00,0
2024-04-06,STORE-BLR-02,SKU-BATTERY-AA,1,90.00,0
2024-04-07,STORE-BLR-02,SKU-BATTERY-AA,0,90.00,0
2024-04-08,STORE-BLR-02,SKU-BATTERY-AA,4,90.00,0
2024-04-09,STORE-BLR-02,SKU-BATTERY-AA,0,90.00,0
2024-04-10,STORE-BLR-02,SKU-BATTERY-AA,3,90.00,0
2024-04-11,STORE-BLR-02,SKU-BATTERY-AA,6,90.00,1
2024-04-12,STORE-BLR-02,SKU-BATTERY-AA,0,90.00,0
2024-04-13,STORE-BLR-02,SKU-BATTERY-AA,0,90.00,0
2024-04-14,STORE-BLR-02,SKU-BATTERY-AA,0,90.00,0
2024-04-15,STORE-BLR-02,SKU-BATTERY-AA,0,90.00,0
2024-04-16,STORE-BLR-02,SKU-BATTERY-AA,0,90.00,0
2024-04-17,STORE-BLR-02,SKU-BATTERY-AA,2,90.00,0
2024-04-18,STORE-BLR-02,SKU-BATTERY-AA,0,90.00,0
2024-04-19,STORE-BLR-02,SKU-BATTERY-AA,0,90.00,0
2024-04-20,STORE-BLR-02,SKU-BATTERY-AA,0,90.00,0
2024-04-21,STORE-BLR-02,SKU-BATTERY-AA,4,90.00,0
2024-04-22,STORE-BLR-02,SKU-BATTERY-AA,0,90.00,0
2024-04-23,STORE-BLR-02,SKU-BATTERY-AA,1,90.00,0
2024-04-24,STORE-BLR-02,SKU-BATTERY-AA,0,90.00,0
2024-04-25,STORE-BLR-02,SKU-BATTERY-AA,0,90.00,0
2024-04-26,STORE-BLR-02,SKU-BATTERY-AA,0,90.00,0
2024-04-27,STORE-BLR-02,SKU-BATTERY-AA,0,90.00,0
2024-04-28,STORE-BLR-02,SKU-BATTERY-AA,3,90.00,0
2024-04-29,STORE-BLR-02,SKU-BATTERY-AA,0,90.00,1
2024-04-30,STORE-BLR-02,SKU-BATTERY-AA,5,90.00,0
2024-05-01,STORE-BLR-02,SKU-BATTERY-AA,0,90.00,0
2024-05-02,STORE-BLR-02,SKU-BATTERY-AA,0,90.00,0
2024-05-03,STORE-BLR-02,SKU-BATTERY-AA,0,90.00,0
2024-05-04,STORE-BLR-02,SKU-BATTERY-AA,3,90.00,0
2024-05-05,STORE-BLR-02,SKU-BATTERY-AA,0,90.00,0
2024-05-06,STORE-BLR-02,SKU-BATTERY-AA,1,90.00,0
2024-05-07,STORE-BLR-02,SKU-BATTERY-AA,0,90.00,0
2024-05-08,STORE-BLR-02,SKU-BATTERY-AA,0,90.00,0
2024-05-09,STORE-BLR-02,SKU-BATTERY-AA,0,90.00,0
2024-05-10,STORE-BLR-02,SKU-BATTERY-AA,0,90.00,0
2024-05-11,STORE-BLR-02,SKU-BATTERY-AA,0,90.00,0
2024-05-12,STORE-BLR-02,SKU-BATTERY-AA,3,90.00,0
2024-05-13,STORE-BLR-02,SKU-BATTERY-AA,0,90.00,0
2024-05-14,STORE-BLR-02,SKU-BATTERY-AA,0,90.00,0
2024-05-15,STORE-BLR-02,SKU-BATTERY-AA,0,90.00,0
2024-05-16,STORE-BLR-02,SKU-BATTERY-AA,0,90.00,0
2024-05-17,STORE-BLR-02,SKU-BATTERY-AA,3,90.00,0
2024-05-18,STORE-BLR-02,SKU-BATTERY-AA,0,90.00,0
2024-05-19,STORE-BLR-02,SKU-BATTERY-AA,0,90.00,0
2024-05-20,STORE-BLR-02,SKU-BATTERY-AA,0,90.00,0
2024-05-21,STORE-BLR-02,SKU-BATTERY-AA,0,90.00,0
2024-05-22,STORE-BLR-02,SKU-BATTERY-AA,0,90.00,0
2024-05-23,STORE-BLR-02,SKU-BATTERY-AA,0,90.00,0
2024-05-24,STORE-BLR-02,SKU-BATTERY-AA,1,90.00,0
2024-05-25,STORE-BLR-02,SKU-BATTERY-AA,0,90.00,0
2024-05-26,STORE-BLR-02,SKU-BATTERY-AA,0,90.00,0
2024-05-27,STORE-BLR-02,SKU-BATTERY-AA,0,90.00,1
2024-05-28,STORE-BLR-02,SKU-BATTERY-AA,0,90.00,1
2024-05-29,STORE-BLR-02,SKU-BATTERY-AA,1,90.00,0
2024-05-30,STORE-BLR-02,SKU-BATTERY-AA,0,90.00,0
2024-05-31,STORE-BLR-02,SKU-BATTERY-AA,1,90.00,0
2024-06-01,STORE-BLR-02,SKU-BATTERY-AA,0,90.00,0
2024-06-02,STORE-BLR-02,SKU-BATTERY-AA,0,90.00,0
2024-06-03,STORE-BLR-02,SKU-BATTERY-AA,1,90.00,0
2024-06-04,STORE-BLR-02,SKU-BATTERY-AA,0,90.00,0
2024-06-05,STORE-BLR-02,SKU-BATTERY-AA,0,90.00,0
2024-06-06,STORE-BLR-02,SKU-BATTERY-AA,0,90.00,0
2024-06-07,STORE-BLR-02,SKU-BATTERY-AA,0,90.00,0
2024-06-08,STORE-BLR-02,SKU-BATTERY-AA,0,90.00,0
2024-06-09,STORE-BLR-02,SKU-BATTERY-AA,0,90.00,0
2024-06-10,STORE-BLR-02,SKU-BATTERY-AA,0,90.00,0
2024-06-11,STORE-BLR-02,SKU-BATTERY-AA,0,90.00,0
2024-06-12,STORE-BLR-02,SKU-BATTERY-AA,1,90.00,0
2024-06-13,STORE-BLR-02,SKU-BATTERY-AA,0,90.00,0
2024-06-14,STORE-BLR-02,SKU-BATTERY-AA,0,90.00,0
2024-06-15,STORE-BLR-02,SKU-BATTERY-AA,3,90.00,0
2024-06-16,STORE-BLR-02,SKU-BATTERY-AA,0,90.00,0
2024-06-17,STORE-BLR-02,SKU-BATTERY-AA,0,90.00,0
2024-06-18,STORE-BLR-02,SKU-BATTERY-AA,0,90.00,0
2024-06-19,STORE-BLR-02,SKU-BATTERY-AA,2,90.00,0
2024-06-20,STORE-BLR-02,SKU-BATTERY-AA,0,90.00,0
2024-06-21,STORE-BLR-02,SKU-BATTERY-AA,0,90.00,0
2024-06-22,STORE-BLR-02,SKU-BATTERY-AA,3,90.00,0
2024-06-23,STORE-BLR-02,SKU-BATTERY-AA,0,90.00,0
2024-06-24,STORE-BLR-02,SKU-BATTERY-AA,0,90.00,0
2024-06-25,STORE-BLR-02,SKU-BATTERY-AA,0,90.00,0
2024-06-26,STORE-BLR-02,SKU-BATTERY-AA,0,90.00,0
2024-06-27,STORE-BLR-02,SKU-BATTERY-AA,0,90.00,0
2024-06-28,STORE-BLR-02,SKU-BATTERY-AA,4,90.00,0
2024-06-29,STORE-BLR-02,SKU-BATTERY-AA,0,90.00,0
2024-06-30,STORE-BLR-02,SKU-BATTERY-AA,0,90.00,0
2024-07-01,STORE-BLR-02,SKU-BATTERY-AA,0,90.00,0
2024-07-02,STORE-BLR-02,SKU-BATTERY-AA,0,90.00,0
2024-07-03,STORE-BLR-02,SKU-BATTERY-AA,0,90.00,0
2024-07-04,STORE-BLR-02,SKU-BATTERY-AA,0,90.00,0
2024-07-05,STORE-BLR-02,SKU-BATTERY-AA,0,90.00,1
2024-07-06,STORE-BLR-02,SKU-BATTERY-AA,0,90.00,0
2024-07-07,STORE-BLR-02,SKU-BATTERY-AA,2,90.00,0
2024-07-08,STORE-BLR-02,SKU-BATTERY-AA,0,90.00,0
2024-07-09,STORE-BLR-02,SKU-BATTERY-AA,1,90.00,0
2024-07-10,STORE-BLR-02,SKU-BATTERY-AA,0,90.00,0
2024-07-11,STORE-BLR-02,SKU-BATTERY-AA,0,90.00,1
2024-07-12,STORE-BLR-02,SKU-BATTERY-AA,0,90.00,0
2024-07-13,STORE-BLR-02,SKU-BATTERY-AA,2,90.00,0
2024-07-14,STORE-BLR-02,SKU-BATTERY-AA,0,90.00,0
2024-07-15,STORE-BLR-02,SKU-BATTERY-AA,2,90.00,0
2024-07-16,STORE-BLR-02,SKU-BATTERY-AA,2,90.00,1
2024-07-17,STORE-BLR-02,SKU-BATTERY-AA,2,90.00,0
2024-07-18,STORE-BLR-02,SKU-BATTERY-AA,0,90.00,0
2024-07-19,STORE-BLR-02,SKU-BATTERY-AA,0,90.00,0
2024-07-20,STORE-BLR-02,SKU-BATTERY-AA,0,90.00,0
2024-07-21,STORE-BLR-02,SKU-BATTERY-AA,0,90.00,0
2024-07-22,STORE-BLR-02,SKU-BATTERY-AA,2,90.00,0
2024-07-23,STORE-BLR-02,SKU-BATTERY-AA,3,90.00,0
2024-07-24,STORE-BLR-02,SKU-BATTERY-AA,0,90.00,0
2024-07-25,STORE-BLR-02,SKU-BATTERY-AA,0,90.00,0
2024-07-26,STORE-BLR-02,SKU-BATTERY-AA,5,90.00,0
2024-07-27,STORE-BLR-02,SKU-BATTERY-AA,0,90.00,0
2024-07-28,STORE-BLR-02,SKU-BATTERY-AA,0,90.00,0
2024-07-29,STORE-BLR-02,SKU-BATTERY-AA,0,90.00,0
2024-07-30,STORE-BLR-02,SKU-BATTERY-AA,0,90.00,0
2024-07-31,STORE-BLR-02,SKU-BATTERY-AA,3,90.00,0
2024-08-01,STORE-BLR-02,SKU-BATTERY-AA,0,90.00,0
2024-08-02,STORE-BLR-02,SKU-BATTERY-AA,3,90.00,0
2024-08-03,STORE-BLR-02,SKU-BATTERY-AA,0,90.00,0
2024-08-04,STORE-BLR-02,SKU-BATTERY-AA,0,90.00,0
2024-08-05,STORE-BLR-02,SKU-BATTERY-AA,0,90.00,0
2024-08-06,STORE-BLR-02,SKU-BATTERY-AA,0,90.00,0
2024-08-07,STORE-BLR-02,SKU-BATTERY-AA,0,90.00,0
2024-08-08,STORE-BLR-02,SKU-BATTERY-AA,1,90.00,0
2024-08-09,STORE-BLR-02,SKU-BATTERY-AA,0,90.00,0
2024-08-10,STORE-BLR-02,SKU-BATTERY-AA,0,90.00,0
2024-08-11,STORE-BLR-02,SKU-BATTERY-AA,6,90.00,0
2024-08-12,STORE-BLR-02,SKU-BATTERY-AA,0,90.00,0
2024-08-13,STORE-BLR-02,SKU-BATTERY-AA,0,90.00,0
2024-08-14,STORE-BLR-02,SKU-BATTERY-AA,0,90.00,0
2024-08-15,STORE-BLR-02,SKU-BATTERY-AA,6,90.00,0
2024-08-16,STORE-BLR-02,SKU-BATTERY-AA,3,90.00,0
2024-08-17,STORE-BLR-02,SKU-BATTERY-AA,0,90.00,0
2024-08-18,STORE-BLR-02,SKU-BATTERY-AA,0,90.00,0
2024-08-19,STORE-BLR-02,SKU-BATTERY-AA,0,90.00,0
2024-08-20,STORE-BLR-02,SKU-BATTERY-AA,0,90.00,0
2024-08-21,STORE-BLR-02,SKU-BATTERY-AA,0,90.00,0
2024-08-22,STORE-BLR-02,SKU-BATTERY-AA,2,90.00,0
2024-08-23,STORE-BLR-02,SKU-BATTERY-AA,1,90.00,0
2024-08-24,STORE-BLR-02,SKU-BATTERY-AA,3,90.00,0
2024-08-25,STORE-BLR-02,SKU-BATTERY-AA,1,90.00,1
2024-08-26,STORE-BLR-02,SKU-BATTERY-AA,0,90.00,0
2024-08-27,STORE-BLR-02,SKU-BATTERY-AA,0,90.00,0
2024-08-28,STORE-BLR-02,SKU-BATTERY-AA,0,90.00,0
2024-08-29,STORE-BLR-02,SKU-BATTERY-AA,0,90.00,0
2024-08-30,STORE-BLR-02,SKU-BATTERY-AA,0,90.00,0
2024-08-31,STORE-BLR-02,SKU-BATTERY-AA,0,90.00,0
2024-09-01,STORE-BLR-02,SKU-BATTERY-AA,0,90.00,0
2024-09-02,STORE-BLR-02,SKU-BATTERY-AA,1,90.00,0
2024-09-03,STORE-BLR-02,SKU-BATTERY-AA,3,90.00,0
2024-09-04,STORE-BLR-02,SKU-BATTERY-AA,0,90.00,0
2024-09-05,STORE-BLR-02,SKU-BATTERY-AA,0,90.00,0
2024-09-06,STORE-BLR-02,SKU-BATTERY-AA,1,90.00,0
2024-09-07,STORE-BLR-02,SKU-BATTERY-AA,0,90.00,0
2024-09-08,STORE-BLR-02,SKU-BATTERY-AA,0,90.00,0
2024-09-09,STORE-BLR-02,SKU-BATTERY-AA,0,90.00,1
2024-09-10,STORE-BLR-02,SKU-BATTERY-AA,0,90.00,0
2024-09-11,STORE-BLR-02,SKU-BATTERY-AA,0,90.00,0
2024-09-12,STORE-BLR-02,SKU-BATTERY-AA,0,90.00,0
2024-09-13,STORE-BLR-02,SKU-BATTERY-AA,2,90.00,0
2024-09-14,STORE-BLR-02,SKU-BATTERY-AA,0,90.00,0
2024-09-15,STORE-BLR-02,SKU-BATTERY-AA,1,90.00,0
2024-09-16,STORE-BLR-02,SKU-BATTERY-AA,0,90.00,0
2024-09-17,STORE-BLR-02,SKU-BATTERY-AA,0,90.00,0
2024-09-18,STORE-BLR-02,SKU-BATTERY-AA,0,90.00,0
2024-09-19,STORE-BLR-02,SKU-BATTERY-AA,1,90.00,0
2024-09-20,STORE-BLR-02,SKU-BATTERY-AA,4,90.00,0
2024-09-21,STORE-BLR-02,SKU-BATTERY-AA,0,90.00,0
2024-09-22,STORE-BLR-02,SKU-BATTERY-AA,0,90.00,0
2024-09-23,STORE-BLR-02,SKU-BATTERY-AA,0,90.00,0
2024-09-24,STORE-BLR-02,SKU-BATTERY-AA,0,90.00,1
2024-09-25,STORE-BLR-02,SKU-BATTERY-AA,0,90.00,1
2024-09-26,STORE-BLR-02,SKU-BATTERY-AA,2,90.00,0
2024-09-27,STORE-BLR-02,SKU-BATTERY-AA,3,90.00,0
2024-09-28,STORE-BLR-02,SKU-BATTERY-AA,0,90.00,0
2024-09-29,STORE-BLR-02,SKU-BATTERY-AA,0,90.00,0
2024-09-30,STORE-BLR-02,SKU-BATTERY-AA,0,90.00,0
2024-10-01,STORE-BLR-02,SKU-BATTERY-AA,0,90.00,0
2024-10-02,STORE-BLR-02,SKU-BATTERY-AA,0,90.00,0
2024-10-03,STORE-BLR-02,SKU-BATTERY-AA,4,90.00,0
2024-10-04,STORE-BLR-02,SKU-BATTERY-AA,3,90.00,0
2024-10-05,STORE-BLR-02,SKU-BATTERY-AA,0,90.00,0
2024-10-06,STORE-BLR-02,SKU-BATTERY-AA,0,90.00,0
2024-10-07,STORE-BLR-02,SKU-BATTERY-AA,0,90.00,0
2024-10-08,STORE-BLR-02,SKU-BATTERY-AA,0,90.00,0
2024-10-09,STORE-BLR-02,SKU-BATTERY-AA,0,90.00,0
2024-10-10,STORE-BLR-02,SKU-BATTERY-AA,0,90.00,0
2024-10-11,STORE-BLR-02,SKU-BATTERY-AA,0,90.00,0
2024-10-12,STORE-BLR-02,SKU-BATTERY-AA,1,90.00,0
2024-10-13,STORE-BLR-02,SKU-BATTERY-AA,0,90.00,0
2024-10-14,STORE-BLR-02,SKU-BATTERY-AA,0,90.00,0
2024-10-15,STORE-BLR-02,SKU-BATTERY-AA,0,90.00,0
2024-10-16,STORE-BLR-02,SKU-BATTERY-AA,0,90.00,0
2024-10-17,STORE-BLR-02,SKU-BATTERY-AA,3,90.00,0
2024-10-18,STORE-BLR-02,SKU-BATTERY-AA,0,90.00,0
2024-10-19,STORE-BLR-02,SKU-BATTERY-AA,3,90.00,0
2024-10-20,STORE-BLR-02,SKU-BATTERY-AA,0,90.00,0
2024-10-21,STORE-BLR-02,SKU-BATTERY-AA,0,90.00,0
2024-10-22,STORE-BLR-02,SKU-BATTERY-AA,0,90.00,0
2024-10-23,STORE-BLR-02,SKU-BATTERY-AA,0,90.00,0
2024-10-24,STORE-BLR-02,SKU-BATTERY-AA,0,90.00,1
2024-10-25,STORE-BLR-02,SKU-BATTERY-AA,0,90.00,1
2024-10-26,STORE-BLR-02,SKU-BATTERY-AA,0,90.00,0
2024-10-27,STORE-BLR-02,SKU-BATTERY-AA,0,90.00,0
2024-10-28,STORE-BLR-02,SKU-BATTERY-AA,3,90.00,0
2024-10-29,STORE-BLR-02,SKU-BATTERY-AA,0,90.00,0
2024-10-30,STORE-BLR-02,SKU-BATTERY-AA,0,90.00,0
2024-10-31,STORE-BLR-02,SKU-BATTERY-AA,3,90.00,0
2024-11-01,STORE-BLR-02,SKU-BATTERY-AA,0,90.00,0
2024-11-02,STORE-BLR-02,SKU-BATTERY-AA,0,90.00,0
2024-11-03,STORE-BLR-02,SKU-BATTERY-AA,3,90.00,0
2024-11-04,STORE-BLR-02,SKU-BATTERY-AA,0,90.00,0
2024-11-05,STORE-BLR-02,SKU-BATTERY-AA,0,90.00,0
2024-11-06,STORE-BLR-02,SKU-BATTERY-AA,4,90.00,0
2024-11-07,STORE-BLR-02,SKU-BATTERY-AA,2,90.00,0
2024-11-08,STORE-BLR-02,SKU-BATTERY-AA,0,90.00,0
2024-11-09,STORE-BLR-02,SKU-BATTERY-AA,0,90.00,0
2024-11-10,STORE-BLR-02,SKU-BATTERY-AA,0,90.00,0
2024-11-11,STORE-BLR-02,SKU-BATTERY-AA,0,90.00,0
2024-11-12,STORE-BLR-02,SKU-BATTERY-AA,0,90.00,0
2024-11-13,STORE-BLR-02,SKU-BATTERY-AA,0,90.00,0
2024-11-14,STORE-BLR-02,SKU-BATTERY-AA,4,90.00,0
2024-11-15,STORE-BLR-02,SKU-BATTERY-AA,0,90.00,0
2024-11-16,STORE-BLR-02,SKU-BATTERY-AA,3,90.00,0
2024-11-17,STORE-BLR-02,SKU-BATTERY-AA,0,90.00,0
2024-11-18,STORE-BLR-02,SKU-BATTERY-AA,0,90.00,0
2024-11-19,STORE-BLR-02,SKU-BATTERY-AA,0,90.00,0
2024-11-20,STORE-BLR-02,SKU-BATTERY-AA,0,90.00,0
2024-11-21,STORE-BLR-02,SKU-BATTERY-AA,0,90.00,0
2024-11-22,STORE-BLR-02,SKU-BATTERY-AA,0,90.00,0
2024-11-23,STORE-BLR-02,SKU-BATTERY-AA,4,90.00,0
2024-11-24,STORE-BLR-02,SKU-BATTERY-AA,2,90.00,0
2024-11-25,STORE-BLR-02,SKU-BATTERY-AA,0,90.00,0
2024-11-26,STORE-BLR-02,SKU-BATTERY-AA,3,90.00,0
2024-11-27,STORE-BLR-02,SKU-BATTERY-AA,0,90.00,0
2024-11-28,STORE-BLR-02,SKU-BATTERY-AA,0,90.00,0
2024-11-29,STORE-BLR-02,SKU-BATTERY-AA,0,90.00,0
2024-11-30,STORE-BLR-02,SKU-BATTERY-AA,0,90.00,0
2024-12-01,STORE-BLR-02,SKU-BATTERY-AA,4,90.00,0
2024-12-02,STORE-BLR-02,SKU-BATTERY-AA,0,90.00,0
2024-12-03,STORE-BLR-02,SKU-BATTERY-AA,1,90.00,0
2024-12-04,STORE-BLR-02,SKU-BATTERY-AA,0,90.00,0
2024-12-05,STORE-BLR-02,SKU-BATTERY-AA,0,90.00,0
2024-12-06,STORE-BLR-02,SKU-BATTERY-AA,0,90.00,1
2024-12-07,STORE-BLR-02,SKU-BATTERY-AA,2,90.00,0
2024-12-08,STORE-BLR-02,SKU-BATTERY-AA,1,90.00,0
2024-12-09,STORE-BLR-02,SKU-BATTERY-AA,0,90.00,1
2024-12-10,STORE-BLR-02,SKU-BATTERY-AA,3,90.00,0
2024-12-11,STORE-BLR-02,SKU-BATTERY-AA,0,90.00,0
2024-12-12,STORE-BLR-02,SKU-BATTERY-AA,0,90.00,0
2024-12-13,STORE-BLR-02,SKU-BATTERY-AA,2,90.00,0
2024-12-14,STORE-BLR-02,SKU-BATTERY-AA,0,90.00,0
2024-12-15,STORE-BLR-02,SKU-BATTERY-AA,0,90.00,0
2024-12-16,STORE-BLR-02,SKU-BATTERY-AA,2,90.00,0
2024-12-17,STORE-BLR-02,SKU-BATTERY-AA,0,90.00,0
2024-12-18,STORE-BLR-02,SKU-BATTERY-AA,6,90.00,0
2024-12-19,STORE-BLR-02,SKU-BATTERY-AA,0,90.00,1
2024-12-20,STORE-BLR-02,SKU-BATTERY-AA,0,90.00,0
2024-12-21,STORE-BLR-02,SKU-BATTERY-AA,0,90.00,0
2024-12-22,STORE-BLR-02,SKU-BATTERY-AA,2,90.00,0
2024-12-23,STORE-BLR-02,SKU-BATTERY-AA,0,90.00,0
2024-12-24,STORE-BLR-02,SKU-BATTERY-AA,0,90.00,0
2024-12-25,STORE-BLR-02,SKU-BATTERY-AA,1,90.00,0
2024-12-26,STORE-BLR-02,SKU-BATTERY-AA,1,90.00,1
2024-12-27,STORE-BLR-02,SKU-BATTERY-AA,0,90.00,0
2024-12-28,STORE-BLR-02,SKU-BATTERY-AA,2,90.00,0
2024-12-29,STORE-BLR-02,SKU-BATTERY-AA,0,90.00,0
2024-12-30,STORE-BLR-02,SKU-BATTERY-AA,1,90.00,0
2024-12-31,STORE-BLR-02,SKU-BATTERY-AA,0,90.00,0
2025-01-01,STORE-BLR-02,SKU-BATTERY-AA,3,90.00,0
2025-01-02,STORE-BLR-02,SKU-BATTERY-AA,0,90.00,0
2025-01-03,STORE-BLR-02,SKU-BATTERY-AA,3,90.00,0
2025-01-04,STORE-BLR-02,SKU-BATTERY-AA,0,90.00,0
2025-01-05,STORE-BLR-02,SKU-BATTERY-AA,0,90.00,0
2025-01-06,STORE-BLR-02,SKU-BATTERY-AA,0,90.00,0
2025-01-07,STORE-BLR-02,SKU-BATTERY-AA,0,90.00,0
2025-01-08,STORE-BLR-02,SKU-BATTERY-AA,2,90.00,0
2025-01-09,STORE-BLR-02,SKU-BATTERY-AA,3,90.00,0
2025-01-10,STORE-BLR-02,SKU-BATTERY-AA,0,90.00,0
2025-01-11,STORE-BLR-02,SKU-BATTERY-AA,0,90.00,0
2025-01-12,STORE-BLR-02,SKU-BATTERY-AA,0,90.00,0
2025-01-13,STORE-BLR-02,SKU-BATTERY-AA,0,90.00,0
2025-01-14,STORE-BLR-02,SKU-BATTERY-AA,0,90.00,0
2025-01-15,STORE-BLR-02,SKU-BATTERY-AA,0,90.00,0
2025-01-16,STORE-BLR-02,SKU-BATTERY-AA,0,90.00,0
2025-01-17,STORE-BLR-02,SKU-BATTERY-AA,0,90.00,0
2025-01-18,STORE-BLR-02,SKU-BATTERY-AA,0,90.00,0
2025-01-19,STORE-BLR-02,SKU-BATTERY-AA,0,90.00,0
2025-01-20,STORE-BLR-02,SKU-BATTERY-AA,0,90.00,0
2025-01-21,STORE-BLR-02,SKU-BATTERY-AA,0,90.00,0
2025-01-22,STORE-BLR-02,SKU-BATTERY-AA,2,90.00,0
2025-01-23,STORE-BLR-02,SKU-BATTERY-AA,0,90.00,0
2025-01-24,STORE-BLR-02,SKU-BATTERY-AA,0,90.00,0
2025-01-25,STORE-BLR-02,SKU-BATTERY-AA,0,90.00,0
2025-01-26,STORE-BLR-02,SKU-BATTERY-AA,0,90.00,0
2025-01-27,STORE-BLR-02,SKU-BATTERY-AA,0,90.00,0
2025-01-28,STORE-BLR-02,SKU-BATTERY-AA,0,90.00,0
2025-01-29,STORE-BLR-02,SKU-BATTERY-AA,2,90.00,0
2025-01-30,STORE-BLR-02,SKU-BATTERY-AA,0,90.00,0
2025-01-31,STORE-BLR-02,SKU-BATTERY-AA,0,90.00,0
2025-02-01,STORE-BLR-02,SKU-BATTERY-AA,1,90.00,0
2025-02-02,STORE-BLR-02,SKU-BATTERY-AA,0,90.00,0
2025-02-03,STORE-BLR-02,SKU-BATTERY-AA,0,90.00,0
2025-02-04,STORE-BLR-02,SKU-BATTERY-AA,0,90.00,0
2025-02-05,STORE-BLR-02,SKU-BATTERY-AA,0,90.00,0
2025-02-06,STORE-BLR-02,SKU-BATTERY-AA,0,90.00,0
2025-02-07,STORE-BLR-02,SKU-BATTERY-AA,0,90.00,0
2025-02-08,STORE-BLR-02,SKU-BATTERY-AA,0,90.00,0
2025-02-09,STORE-BLR-02,SKU-BATTERY-AA,0,90.00,0
2025-02-10,STORE-BLR-02,SKU-BATTERY-AA,0,90.00,0
2025-02-11,STORE-BLR-02,SKU-BATTERY-AA,0,90.00,0
2025-02-12,STORE-BLR-02,SKU-BATTERY-AA,0,90.00,0
2025-02-13,STORE-BLR-02,SKU-BATTERY-AA,0,90.00,0
2025-02-14,STORE-BLR-02,SKU-BATTERY-AA,0,90.00,0
2025-02-15,STORE-BLR-02,SKU-BATTERY-AA,3,90.00,0
2025-02-16,STORE-BLR-02,SKU-BATTERY-AA,0,90.00,0
2025-02-17,STORE-BLR-02,SKU-BATTERY-AA,0,90.00,0
2025-02-18,STORE-BLR-02,SKU-BATTERY-AA,5,90.00,0
2025-02-19,STORE-BLR-02,SKU-BATTERY-AA,0,90.00,0
2025-02-20,STORE-BLR-02,SKU-BATTERY-AA,3,90.00,0
2025-02-21,STORE-BLR-02,SKU-BATTERY-AA,0,90.00,0
2025-02-22,STORE-BLR-02,SKU-BATTERY-AA,0,90.00,0
2025-02-23,STORE-BLR-02,SKU-BATTERY-AA,0,90.00,0
2025-02-24,STORE-BLR-02,SKU-BATTERY-AA,0,90.00,0
2025-02-25,STORE-BLR-02,SKU-BATTERY-AA,0,90.00,0
2025-02-26,STORE-BLR-02,SKU-BATTERY-AA,2,90.00,0
2025-02-27,STORE-BLR-02,SKU-BATTERY-AA,0,90.00,0
2025-02-28,STORE-BLR-02,SKU-BATTERY-AA,0,90.00,1
2025-03-01,STORE-BLR-02,SKU-BATTERY-AA,0,90.00,0
2025-03-02,STORE-BLR-02,SKU-BATTERY-AA,0,90.00,0
2025-03-03,STORE-BLR-02,SKU-BATTERY-AA,4,90.00,0
2025-03-04,STORE-BLR-02,SKU-BATTERY-AA,0,90.00,0
2025-03-05,STORE-BLR-02,SKU-BATTERY-AA,0,90.00,0
2025-03-06,STORE-BLR-02,SKU-BATTERY-AA,0,90.00,0
2025-03-07,STORE-BLR-02,SKU-BATTERY-AA,0,90.00,0
2025-03-08,STORE-BLR-02,SKU-BATTERY-AA,6,90.00,1
2025-03-09,STORE-BLR-02,SKU-BATTERY-AA,0,90.00,0
2025-03-10,STORE-BLR-02,SKU-BATTERY-AA,0,90.00,0
2025-03-11,STORE-BLR-02,SKU-BATTERY-AA,1,90.00,0
2025-03-12,STORE-BLR-02,SKU-BATTERY-AA,0,90.00,1
2025-03-13,STORE-BLR-02,SKU-BATTERY-AA,5,90.00,0
2025-03-14,STORE-BLR-02,SKU-BATTERY-AA,12,90.00,0
2025-03-15,STORE-BLR-02,SKU-BATTERY-AA,0,90.00,0
2025-03-16,STORE-BLR-02,SKU-BATTERY-AA,0,90.00,0
2025-03-17,STORE-BLR-02,SKU-BATTERY-AA,0,90.00,0
2025-03-18,STORE-BLR-02,SKU-BATTERY-AA,0,90.00,0
2025-03-19,STORE-BLR-02,SKU-BATTERY-AA,0,90.00,0
2025-03-20,STORE-BLR-02,SKU-BATTERY-AA,0,90.00,0
2025-03-21,STORE-BLR-02,SKU-BATTERY-AA,0,90.00,1
2025-03-22,STORE-BLR-02,SKU-BATTERY-AA,2,90.00,0
2025-03-23,STORE-BLR-02,SKU-BATTERY-AA,0,90.00,0
2025-03-24,STORE-BLR-02,SKU-BATTERY-AA,0,90.00,0
2025-03-25,STORE-BLR-02,SKU-BATTERY-AA,2,90.00,0
2025-03-26,STORE-BLR-02,SKU-BATTERY-AA,0,90.00,0
2025-03-27,STORE-BLR-02,SKU-BATTERY-AA,1,90.00,0
2025-03-28,STORE-BLR-02,SKU-BATTERY-AA,0,90.00,0
2025-03-29,STORE-BLR-02,SKU-BATTERY-AA,0,90.00,0
2025-03-30,STORE-BLR-02,SKU-BATTERY-AA,0,90.00,0
2025-03-31,STORE-BLR-02,SKU-BATTERY-AA,0,90.00,0
2025-04-01,STORE-BLR-02,SKU-BATTERY-AA,0,90.00,0
2025-04-02,STORE-BLR-02,SKU-BATTERY-AA,0,90.00,0
2025-04-03,STORE-BLR-02,SKU-BATTERY-AA,2,90.00,0
2025-04-04,STORE-BLR-02,SKU-BATTERY-AA,0,90.00,0
2025-04-05,STORE-BLR-02,SKU-BATTERY-AA,3,90.00,0
2025-04-06,STORE-BLR-02,SKU-BATTERY-AA,3,90.00,0
2025-04-07,STORE-BLR-02,SKU-BATTERY-AA,0,90.00,0
2025-04-08,STORE-BLR-02,SKU-BATTERY-AA,8,90.00,0
2025-04-09,STORE-BLR-02,SKU-BATTERY-AA,0,90.00,0
2025-04-10,STORE-BLR-02,SKU-BATTERY-AA,1,90.00,0
2025-04-11,STORE-BLR-02,SKU-BATTERY-AA,3,90.00,0
2025-04-12,STORE-BLR-02,SKU-BATTERY-AA,0,90.00,0
2025-04-13,STORE-BLR-02,SKU-BATTERY-AA,3,90.00,0
2025-04-14,STORE-BLR-02,SKU-BATTERY-AA,0,90.00,0
2025-04-15,STORE-BLR-02,SKU-BATTERY-AA,0,90.00,0
2025-04-16,STORE-BLR-02,SKU-BATTERY-AA,0,90.00,0
2025-04-17,STORE-BLR-02,SKU-BATTERY-AA,4,90.00,0
2025-04-18,STORE-BLR-02,SKU-BATTERY-AA,0,90.00,0
2025-04-19,STORE-BLR-02,SKU-BATTERY-AA,0,90.00,0
2025-04-20,STORE-BLR-02,SKU-BATTERY-AA,0,90.00,0
2025-04-21,STORE-BLR-02,SKU-BATTERY-AA,0,90.00,1
2025-04-22,STORE-BLR-02,SKU-BATTERY-AA,0,90.00,1
2025-04-23,STORE-BLR-02,SKU-BATTERY-AA,0,90.00,0
2025-04-24,STORE-BLR-02,SKU-BATTERY-AA,0,90.00,1
2025-04-25,STORE-BLR-02,SKU-BATTERY-AA,0,90.00,0
2025-04-26,STORE-BLR-02,SKU-BATTERY-AA,0,90.00,1
2025-04-27,STORE-BLR-02,SKU-BATTERY-AA,1,90.00,0
2025-04-28,STORE-BLR-02,SKU-BATTERY-AA,2,90.00,0
2025-04-29,STORE-BLR-02,SKU-BATTERY-AA,1,90.00,0
2025-04-30,STORE-BLR-02,SKU-BATTERY-AA,1,90.00,0
2025-05-01,STORE-BLR-02,SKU-BATTERY-AA,4,90.00,0
2025-05-02,STORE-BLR-02,SKU-BATTERY-AA,0,90.00,0
2025-05-03,STORE-BLR-02,SKU-BATTERY-AA,0,90.00,0
2025-05-04,STORE-BLR-02,SKU-BATTERY-AA,9,90.00,0
2025-05-05,STORE-BLR-02,SKU-BATTERY-AA,0,90.00,0
2025-05-06,STORE-BLR-02,SKU-BATTERY-AA,3,90.00,0
2025-05-07,STORE-BLR-02,SKU-BATTERY-AA,0,90.00,1
2025-05-08,STORE-BLR-02,SKU-BATTERY-AA,0,90.00,0
2025-05-09,STORE-BLR-02,SKU-BATTERY-AA,0,90.00,0
2025-05-10,STORE-BLR-02,SKU-BATTERY-AA,1,90.00,0
2025-05-11,STORE-BLR-02,SKU-BATTERY-AA,0,90.00,0
2025-05-12,STORE-BLR-02,SKU-BATTERY-AA,0,90.00,0
2025-05-13,STORE-BLR-02,SKU-BATTERY-AA,0,90.00,0
2025-05-14,STORE-BLR-02,SKU-BATTERY-AA,0,90.00,1
2025-05-15,STORE-BLR-02,SKU-BATTERY-AA,0,90.00,0
2025-05-16,STORE-BLR-02,SKU-BATTERY-AA,2,90.00,0
2025-05-17,STORE-BLR-02,SKU-BATTERY-AA,5,90.00,0
2025-05-18,STORE-BLR-02,SKU-BATTERY-AA,1,90.00,0
2025-05-19,STORE-BLR-02,SKU-BATTERY-AA,0,90.00,0
2025-05-20,STORE-BLR-02,SKU-BATTERY-AA,1,90.00,0
2025-05-21,STORE-BLR-02,SKU-BATTERY-AA,0,90.00,0
2025-05-22,STORE-BLR-02,SKU-BATTERY-AA,0,90.00,0
2025-05-23,STORE-BLR-02,SKU-BATTERY-AA,0,90.00,0
2025-05-24,STORE-BLR-02,SKU-BATTERY-AA,3,90.00,0
2025-05-25,STORE-BLR-02,SKU-BATTERY-AA,5,90.00,0
2025-05-26,STORE-BLR-02,SKU-BATTERY-AA,3,90.00,0
2025-05-27,STORE-BLR-02,SKU-BATTERY-AA,0,90.00,0
2025-05-28,STORE-BLR-02,SKU-BATTERY-AA,0,90.00,1
2025-05-29,STORE-BLR-02,SKU-BATTERY-AA,0,90.00,0
2025-05-30,STORE-BLR-02,SKU-BATTERY-AA,0,90.00,0
2025-05-31,STORE-BLR-02,SKU-BATTERY-AA,0,90.00,0
2025-06-01,STORE-BLR-02,SKU-BATTERY-AA,2,90.00,0
2025-06-02,STORE-BLR-02,SKU-BATTERY-AA,1,90.00,0
2025-06-03,STORE-BLR-02,SKU-BATTERY-AA,1,90.00,0
2025-06-04,STORE-BLR-02,SKU-BATTERY-AA,0,90.00,0
2025-06-05,STORE-BLR-02,SKU-BATTERY-AA,0,90.00,0
2025-06-06,STORE-BLR-02,SKU-BATTERY-AA,0,90.00,0
2025-06-07,STORE-BLR-02,SKU-BATTERY-AA,0,90.00,0
2025-06-08,STORE-BLR-02,SKU-BATTERY-AA,0,90.00,0
2025-06-09,STORE-BLR-02,SKU-BATTERY-AA,0,90.00,0
2025-06-10,STORE-BLR-02,SKU-BATTERY-AA,2,90.00,0
2025-06-11,STORE-BLR-02,SKU-BATTERY-AA,0,90.00,0
2025-06-12,STORE-BLR-02,SKU-BATTERY-AA,5,90.00,0
2025-06-13,STORE-BLR-02,SKU-BATTERY-AA,0,90.00,0
2025-06-14,STORE-BLR-02,SKU-BATTERY-AA,1,90.00,0
2025-06-15,STORE-BLR-02,SKU-BATTERY-AA,0,90.00,0
2025-06-16,STORE-BLR-02,SKU-BATTERY-AA,0,90.00,0
2025-06-17,STORE-BLR-02,SKU-BATTERY-AA,3,90.00,0
2025-06-18,STORE-BLR-02,SKU-BATTERY-AA,0,90.00,0
2025-06-19,STORE-BLR-02,SKU-BATTERY-AA,0,90.00,0
2025-06-20,STORE-BLR-02,SKU-BATTERY-AA,0,90.00,0
2025-06-21,STORE-BLR-02,SKU-BATTERY-AA,0,90.00,0
2025-06-22,STORE-BLR-02,SKU-BATTERY-AA,1,90.00,0
2025-06-23,STORE-BLR-02,SKU-BATTERY-AA,4,90.00,0
2025-06-24,STORE-BLR-02,SKU-BATTERY-AA,5,90.00,0
2025-06-25,STORE-BLR-02,SKU-BATTERY-AA,0,90.00,0
2025-06-26,STORE-BLR-02,SKU-BATTERY-AA,0,90.00,0
2025-06-27,STORE-BLR-02,SKU-BATTERY-AA,0,90.00,0
2025-06-28,STORE-BLR-02,SKU-BATTERY-AA,0,90.00,1
2025-06-29,STORE-BLR-02,SKU-BATTERY-AA,0,90.00,1
2025-06-30,STORE-BLR-02,SKU-BATTERY-AA,0,90.00,0
2025-07-01,STORE-BLR-02,SKU-BATTERY-AA,0,90.00,0
2025-07-02,STORE-BLR-02,SKU-BATTERY-AA,0,90.00,0
2025-07-03,STORE-BLR-02,SKU-BATTERY-AA,0,90.00,0
2025-07-04,STORE-BLR-02,SKU-BATTERY-AA,7,90.00,0
2025-07-05,STORE-BLR-02,SKU-BATTERY-AA,3,90.00,0
2025-07-06,STORE-BLR-02,SKU-BATTERY-AA,2,90.00,1
2025-07-07,STORE-BLR-02,SKU-BATTERY-AA,0,90.00,0
2025-07-08,STORE-BLR-02,SKU-BATTERY-AA,0,90.00,0
2025-07-09,STORE-BLR-02,SKU-BATTERY-AA,0,90.00,0
2025-07-10,STORE-BLR-02,SKU-BATTERY-AA,3,90.00,0
2025-07-11,STORE-BLR-02,SKU-BATTERY-AA,0,90.00,0
2025-07-12,STORE-BLR-02,SKU-BATTERY-AA,0,90.00,0
2025-07-13,STORE-BLR-02,SKU-BATTERY-AA,0,90.00,0
2025-07-14,STORE-BLR-02,SKU-BATTERY-AA,0,90.00,0
2025-07-15,STORE-BLR-02,SKU-BATTERY-AA,4,90.00,0
2025-07-16,STORE-BLR-02,SKU-BATTERY-AA,0,90.00,0
2025-07-17,STORE-BLR-02,SKU-BATTERY-AA,0,90.00,0
2025-07-18,STORE-BLR-02,SKU-BATTERY-AA,0,90.00,0
2025-07-19,STORE-BLR-02,SKU-BATTERY-AA,0,90.00,0
2025-07-20,STORE-BLR-02,SKU-BATTERY-AA,0,90.00,0
2025-07-21,STORE-BLR-02,SKU-BATTERY-AA,1,90.00,0
2025-07-22,STORE-BLR-02,SKU-BATTERY-AA,1,90.00,0
2025-07-23,STORE-BLR-02,SKU-BATTERY-AA,0,90.00,0
2025-07-24,STORE-BLR-02,SKU-BATTERY-AA,0,90.00,0
2025-07-25,STORE-BLR-02,SKU-BATTERY-AA,0,90.00,0
2025-07-26,STORE-BLR-02,SKU-BATTERY-AA,2,90.00,0
2025-07-27,STORE-BLR-02,SKU-BATTERY-AA,0,90.00,0
2025-07-28,STORE-BLR-02,SKU-BATTERY-AA,0,90.00,0
2025-07-29,STORE-BLR-02,SKU-BATTERY-AA,0,90.00,0
2025-07-30,STORE-BLR-02,SKU-BATTERY-AA,0,90.00,0
2025-07-31,STORE-BLR-02,SKU-BATTERY-AA,2,90.00,0
2025-08-01,STORE-BLR-02,SKU-BATTERY-AA,0,90.00,0
2025-08-02,STORE-BLR-02,SKU-BATTERY-AA,0,90.00,0
2025-08-03,STORE-BLR-02,SKU-BATTERY-AA,4,90.00,1
2025-08-04,STORE-BLR-02,SKU-BATTERY-AA,6,90.00,0
2025-08-05,STORE-BLR-02,SKU-BATTERY-AA,0,90.00,0
2025-08-06,STORE-BLR-02,SKU-BATTERY-AA,0,90.00,0
2025-08-07,STORE-BLR-02,SKU-BATTERY-AA,0,90.00,0
2025-08-08,STORE-BLR-02,SKU-BATTERY-AA,13,90.00,0
2025-08-09,STORE-BLR-02,SKU-BATTERY-AA,0,90.00,0
2025-08-10,STORE-BLR-02,SKU-BATTERY-AA,0,90.00,0
2025-08-11,STORE-BLR-02,SKU-BATTERY-AA,0,90.00,0
2025-08-12,STORE-BLR-02,SKU-BATTERY-AA,0,90.00,0
2025-08-13,STORE-BLR-02,SKU-BATTERY-AA,0,90.00,0
2025-08-14,STORE-BLR-02,SKU-BATTERY-AA,2,90.00,0
2025-08-15,STORE-BLR-02,SKU-BATTERY-AA,0,90.00,1
2025-08-16,STORE-BLR-02,SKU-BATTERY-AA,0,90.00,1
2025-08-17,STORE-BLR-02,SKU-BATTERY-AA,0,90.00,0
2025-08-18,STORE-BLR-02,SKU-BATTERY-AA,0,90.00,0
2025-08-19,STORE-BLR-02,SKU-BATTERY-AA,1,90.00,0
2025-08-20,STORE-BLR-02,SKU-BATTERY-AA,1,90.00,0
2025-08-21,STORE-BLR-02,SKU-BATTERY-AA,0,90.00,0
2025-08-22,STORE-BLR-02,SKU-BATTERY-AA,0,90.00,0
2025-08-23,STORE-BLR-02,SKU-BATTERY-AA,0,90.00,0
2025-08-24,STORE-BLR-02,SKU-BATTERY-AA,0,90.00,1
2025-08-25,STORE-BLR-02,SKU-BATTERY-AA,0,90.00,0
2025-08-26,STORE-BLR-02,SKU-BATTERY-AA,0,90.00,0
2025-08-27,STORE-BLR-02,SKU-BATTERY-AA,1,90.00,0
2025-08-28,STORE-BLR-02,SKU-BATTERY-AA,3,90.00,0
2025-08-29,STORE-BLR-02,SKU-BATTERY-AA,0,90.00,0
2025-08-30,STORE-BLR-02,SKU-BATTERY-AA,1,90.00,0
2025-08-31,STORE-BLR-02,SKU-BATTERY-AA,0,90.00,0
2025-09-01,STORE-BLR-02,SKU-BATTERY-AA,0,90.00,0
2025-09-02,STORE-BLR-02,SKU-BATTERY-AA,0,90.00,0
2025-09-03,STORE-BLR-02,SKU-BATTERY-AA,0,90.00,0
2025-09-04,STORE-BLR-02,SKU-BATTERY-AA,6,90.00,0
2025-09-05,STORE-BLR-02,SKU-BATTERY-AA,0,90.00,0
2025-09-06,STORE-BLR-02,SKU-BATTERY-AA,0,90.00,0
2025-09-07,STORE-BLR-02,SKU-BATTERY-AA,0,90.00,0
2025-09-08,STORE-BLR-02,SKU-BATTERY-AA,0,90.00,0
2025-09-09,STORE-BLR-02,SKU-BATTERY-AA,0,90.00,0
2025-09-10,STORE-BLR-02,SKU-BATTERY-AA,0,90.00,0
2025-09-11,STORE-BLR-02,SKU-BATTERY-AA,4,90.00,0
2025-09-12,STORE-BLR-02,SKU-BATTERY-AA,0,90.00,1
2025-09-13,STORE-BLR-02,SKU-BATTERY-AA,0,90.00,0
2025-09-14,STORE-BLR-02,SKU-BATTERY-AA,2,90.00,0
2025-09-15,STORE-BLR-02,SKU-BATTERY-AA,0,90.00,0
2025-09-16,STORE-BLR-02,SKU-BATTERY-AA,0,90.00,0
2025-09-17,STORE-BLR-02,SKU-BATTERY-AA,0,90.00,0
2025-09-18,STORE-BLR-02,SKU-BATTERY-AA,0,90.00,0
2025-09-19,STORE-BLR-02,SKU-BATTERY-AA,0,90.00,0
2025-09-20,STORE-BLR-02,SKU-BATTERY-AA,4,90.00,0
2025-09-21,STORE-BLR-02,SKU-BATTERY-AA,3,90.00,0
2025-09-22,STORE-BLR-02,SKU-BATTERY-AA,0,90.00,0
2025-09-23,STORE-BLR-02,SKU-BATTERY-AA,0,90.00,0
2025-09-24,STORE-BLR-02,SKU-BATTERY-AA,0,90.00,0
2025-09-25,STORE-BLR-02,SKU-BATTERY-AA,2,90.00,0
2025-09-26,STORE-BLR-02,SKU-BATTERY-AA,4,90.00,0
2025-09-27,STORE-BLR-02,SKU-BATTERY-AA,3,90.00,0
2025-09-28,STORE-BLR-02,SKU-BATTERY-AA,0,90.00,0
2025-09-29,STORE-BLR-02,SKU-BATTERY-AA,0,90.00,0
2025-09-30,STORE-BLR-02,SKU-BATTERY-AA,1,90.00,0
2025-10-01,STORE-BLR-02,SKU-BATTERY-AA,0,90.00,0
2025-10-02,STORE-BLR-02,SKU-BATTERY-AA,0,90.00,0
2025-10-03,STORE-BLR-02,SKU-BATTERY-AA,2,90.00,0
2025-10-04,STORE-BLR-02,SKU-BATTERY-AA,0,90.00,0
2025-10-05,STORE-BLR-02,SKU-BATTERY-AA,0,90.00,0
2025-10-06,STORE-BLR-02,SKU-BATTERY-AA,0,90.00,0
2025-10-07,STORE-BLR-02,SKU-BATTERY-AA,0,90.00,0
2025-10-08,STORE-BLR-02,SKU-BATTERY-AA,0,90.00,0
2025-10-09,STORE-BLR-02,SKU-BATTERY-AA,0,90.00,0
2025-10-10,STORE-BLR-02,SKU-BATTERY-AA,5,90.00,1
2025-10-11,STORE-BLR-02,SKU-BATTERY-AA,0,90.00,0
2025-10-12,STORE-BLR-02,SKU-BATTERY-AA,2,90.00,0
2025-10-13,STORE-BLR-02,SKU-BATTERY-AA,2,90.00,0
2025-10-14,STORE-BLR-02,SKU-BATTERY-AA,0,90.00,0
2025-10-15,STORE-BLR-02,SKU-BATTERY-AA,3,90.00,0
2025-10-16,STORE-BLR-02,SKU-BATTERY-AA,1,90.00,0
2025-10-17,STORE-BLR-02,SKU-BATTERY-AA,1,90.00,0
2025-10-18,STORE-BLR-02,SKU-BATTERY-AA,0,90.00,0
2025-10-19,STORE-BLR-02,SKU-BATTERY-AA,0,90.00,1
2025-10-20,STORE-BLR-02,SKU-BATTERY-AA,6,90.00,0
2025-10-21,STORE-BLR-02,SKU-BATTERY-AA,3,90.00,0
2025-10-22,STORE-BLR-02,SKU-BATTERY-AA,9,90.00,0
2025-10-23,STORE-BLR-02,SKU-BATTERY-AA,0,90.00,0
2025-10-24,STORE-BLR-02,SKU-BATTERY-AA,0,90.00,0
2025-10-25,STORE-BLR-02,SKU-BATTERY-AA,3,90.00,0
2025-10-26,STORE-BLR-02,SKU-BATTERY-AA,1,90.00,0
2025-10-27,STORE-BLR-02,SKU-BATTERY-AA,0,90.00,0
2025-10-28,STORE-BLR-02,SKU-BATTERY-AA,0,90.00,1
2025-10-29,STORE-BLR-02,SKU-BATTERY-AA,0,90.00,0
2025-10-30,STORE-BLR-02,SKU-BATTERY-AA,3,90.00,0
2025-10-31,STORE-BLR-02,SKU-BATTERY-AA,1,90.00,0
2025-11-01,STORE-BLR-02,SKU-BATTERY-AA,0,90.00,0
2025-11-02,STORE-BLR-02,SKU-BATTERY-AA,0,90.00,0
2025-11-03,STORE-BLR-02,SKU-BATTERY-AA,0,90.00,0
2025-11-04,STORE-BLR-02,SKU-BATTERY-AA,0,90.00,0
2025-11-05,STORE-BLR-02,SKU-BATTERY-AA,3,90.00,0
2025-11-06,STORE-BLR-02,SKU-BATTERY-AA,2,90.00,0
2025-11-07,STORE-BLR-02,SKU-BATTERY-AA,0,90.00,0
2025-11-08,STORE-BLR-02,SKU-BATTERY-AA,0,90.00,0
2025-11-09,STORE-BLR-02,SKU-BATTERY-AA,0,90.00,0
2025-11-10,STORE-BLR-02,SKU-BATTERY-AA,0,90.00,0
2025-11-11,STORE-BLR-02,SKU-BATTERY-AA,0,90.00,0
2025-11-12,STORE-BLR-02,SKU-BATTERY-AA,0,90.00,0
2025-11-13,STORE-BLR-02,SKU-BATTERY-AA,0,90.00,0
2025-11-14,STORE-BLR-02,SKU-BATTERY-AA,1,90.00,1
2025-11-15,STORE-BLR-02,SKU-BATTERY-AA,0,90.00,0
2025-11-16,STORE-BLR-02,SKU-BATTERY-AA,0,90.00,1
2025-11-17,STORE-BLR-02,SKU-BATTERY-AA,0,90.00,0
2025-11-18,STORE-BLR-02,SKU-BATTERY-AA,3,90.00,0
2025-11-19,STORE-BLR-02,SKU-BATTERY-AA,0,90.00,0
2025-11-20,STORE-BLR-02,SKU-BATTERY-AA,0,90.00,0
2025-11-21,STORE-BLR-02,SKU-BATTERY-AA,0,90.00,0
2025-11-22,STORE-BLR-02,SKU-BATTERY-AA,3,90.00,1
2025-11-23,STORE-BLR-02,SKU-BATTERY-AA,0,90.00,0
2025-11-24,STORE-BLR-02,SKU-BATTERY-AA,0,90.00,0
2025-11-25,STORE-BLR-02,SKU-BATTERY-AA,3,90.00,0
2025-11-26,STORE-BLR-02,SKU-BATTERY-AA,0,90.00,0
2025-11-27,STORE-BLR-02,SKU-BATTERY-AA,1,90.00,0
2025-11-28,STORE-BLR-02,SKU-BATTERY-AA,0,90.00,0
2025-11-29,STORE-BLR-02,SKU-BATTERY-AA,0,90.00,0
2025-11-30,STORE-BLR-02,SKU-BATTERY-AA,0,90.00,0
2025-12-01,STORE-BLR-02,SKU-BATTERY-AA,0,90.00,0
2025-12-02,STORE-BLR-02,SKU-BATTERY-AA,0,90.00,0
2025-12-03,STORE-BLR-02,SKU-BATTERY-AA,2,90.00,0
2025-12-04,STORE-BLR-02,SKU-BATTERY-AA,0,90.00,0
2025-12-05,STORE-BLR-02,SKU-BATTERY-AA,0,90.00,0
2025-12-06,STORE-BLR-02,SKU-BATTERY-AA,8,90.00,0
2025-12-07,STORE-BLR-02,SKU-BATTERY-AA,2,90.00,0
2025-12-08,STORE-BLR-02,SKU-BATTERY-AA,0,90.00,0
2025-12-09,STORE-BLR-02,SKU-BATTERY-AA,2,90.00,0
2025-12-10,STORE-BLR-02,SKU-BATTERY-AA,0,90.00,0
2025-12-11,STORE-BLR-02,SKU-BATTERY-AA,0,90.00,0
2025-12-12,STORE-BLR-02,SKU-BATTERY-AA,0,90.00,0
2025-12-13,STORE-BLR-02,SKU-BATTERY-AA,4,90.00,0
2025-12-14,STORE-BLR-02,SKU-BATTERY-AA,0,90.00,0
2025-12-15,STORE-BLR-02,SKU-BATTERY-AA,0,90.00,0
2025-12-16,STORE-BLR-02,SKU-BATTERY-AA,0,90.00,0
2025-12-17,STORE-BLR-02,SKU-BATTERY-AA,0,90.00,0
2025-12-18,STORE-BLR-02,SKU-BATTERY-AA,0,90.00,0
2025-12-19,STORE-BLR-02,SKU-BATTERY-AA,0,90.00,0
2025-12-20,STORE-BLR-02,SKU-BATTERY-AA,0,90.00,0
2025-12-21,STORE-BLR-02,SKU-BATTERY-AA,0,90.00,0
2025-12-22,STORE-BLR-02,SKU-BATTERY-AA,0,90.00,0
2025-12-23,STORE-BLR-02,SKU-BATTERY-AA,0,90.00,0
2025-12-24,STORE-BLR-02,SKU-BATTERY-AA,0,90.00,0
2025-12-25,STORE-BLR-02,SKU-BATTERY-AA,5,90.00,0
2025-12-26,STORE-BLR-02,SKU-BATTERY-AA,0,90.00,0
2025-12-27,STORE-BLR-02,SKU-BATTERY-AA,0,90.00,0
2025-12-28,STORE-BLR-02,SKU-BATTERY-AA,0,90.00,0
2025-12-29,STORE-BLR-02,SKU-BATTERY-AA,4,90.00,0
2025-12-30,STORE-BLR-02,SKU-BATTERY-AA,0,90.00,0
2024-01-01,STORE-BLR-02,SKU-PRESSURE-CK,0,1850.00,0
2024-01-02,STORE-BLR-02,SKU-PRESSURE-CK,0,1850.00,0
2024-01-03,STORE-BLR-02,SKU-PRESSURE-CK,0,1850.00,0
2024-01-04,STORE-BLR-02,SKU-PRESSURE-CK,0,1850.00,0
2024-01-05,STORE-BLR-02,SKU-PRESSURE-CK,0,1850.00,0
2024-01-06,STORE-BLR-02,SKU-PRESSURE-CK,0,1850.00,0
2024-01-07,STORE-BLR-02,SKU-PRESSURE-CK,0,1850.00,0
2024-01-08,STORE-BLR-02,SKU-PRESSURE-CK,0,1850.00,0
2024-01-09,STORE-BLR-02,SKU-PRESSURE-CK,0,1850.00,0
2024-01-10,STORE-BLR-02,SKU-PRESSURE-CK,0,1850.00,0
2024-01-11,STORE-BLR-02,SKU-PRESSURE-CK,0,1850.00,0
2024-01-12,STORE-BLR-02,SKU-PRESSURE-CK,0,1850.00,0
2024-01-13,STORE-BLR-02,SKU-PRESSURE-CK,0,1850.00,0
2024-01-14,STORE-BLR-02,SKU-PRESSURE-CK,0,1850.00,0
2024-01-15,STORE-BLR-02,SKU-PRESSURE-CK,0,1850.00,0
2024-01-16,STORE-BLR-02,SKU-PRESSURE-CK,2,1850.00,0
2024-01-17,STORE-BLR-02,SKU-PRESSURE-CK,0,1850.00,0
2024-01-18,STORE-BLR-02,SKU-PRESSURE-CK,0,1850.00,0
2024-01-19,STORE-BLR-02,SKU-PRESSURE-CK,0,1850.00,0
2024-01-20,STORE-BLR-02,SKU-PRESSURE-CK,0,1850.00,0
2024-01-21,STORE-BLR-02,SKU-PRESSURE-CK,0,1850.00,0
2024-01-22,STORE-BLR-02,SKU-PRESSURE-CK,0,1850.00,1
2024-01-23,STORE-BLR-02,SKU-PRESSURE-CK,0,1850.00,1
2024-01-24,STORE-BLR-02,SKU-PRESSURE-CK,0,1850.00,0
2024-01-25,STORE-BLR-02,SKU-PRESSURE-CK,0,1850.00,0
2024-01-26,STORE-BLR-02,SKU-PRESSURE-CK,0,1850.00,0
2024-01-27,STORE-BLR-02,SKU-PRESSURE-CK,0,1850.00,0
2024-01-28,STORE-BLR-02,SKU-PRESSURE-CK,0,1850.00,0
2024-01-29,STORE-BLR-02,SKU-PRESSURE-CK,0,1850.00,0
2024-01-30,STORE-BLR-02,SKU-PRESSURE-CK,0,1850.00,0
2024-01-31,STORE-BLR-02,SKU-PRESSURE-CK,0,1850.00,0
2024-02-01,STORE-BLR-02,SKU-PRESSURE-CK,0,1850.00,0
2024-02-02,STORE-BLR-02,SKU-PRESSURE-CK,0,1850.00,0
2024-02-03,STORE-BLR-02,SKU-PRESSURE-CK,0,1850.00,0
2024-02-04,STORE-BLR-02,SKU-PRESSURE-CK,0,1850.00,0
2024-02-05,STORE-BLR-02,SKU-PRESSURE-CK,0,1850.00,0
2024-02-06,STORE-BLR-02,SKU-PRESSURE-CK,0,1850.00,0
2024-02-07,STORE-BLR-02,SKU-PRESSURE-CK,0,1850.00,0
2024-02-08,STORE-BLR-02,SKU-PRESSURE-CK,1,1850.00,0
2024-02-09,STORE-BLR-02,SKU-PRESSURE-CK,0,1850.00,1
2024-02-10,STORE-BLR-02,SKU-PRESSURE-CK,0,1850.00,0
2024-02-11,STORE-BLR-02,SKU-PRESSURE-CK,0,1850.00,0
2024-02-12,STORE-BLR-02,SKU-PRESSURE-CK,0,1850.00,0
2024-02-13,STORE-BLR-02,SKU-PRESSURE-CK,0,1850.00,0
2024-02-14,STORE-BLR-02,SKU-PRESSURE-CK,0,1850.00,0
2024-02-15,STORE-BLR-02,SKU-PRESSURE-CK,0,1850.00,1
2024-02-16,STORE-BLR-02,SKU-PRESSURE-CK,0,1850.00,0
2024-02-17,STORE-BLR-02,SKU-PRESSURE-CK,0,1850.00,0
2024-02-18,STORE-BLR-02,SKU-PRESSURE-CK,0,1850.00,0
2024-02-19,STORE-BLR-02,SKU-PRESSURE-CK,0,1850.00,1
2024-02-20,STORE-BLR-02,SKU-PRESSURE-CK,0,1850.00,0
2024-02-21,STORE-BLR-02,SKU-PRESSURE-CK,0,1850.00,0
2024-02-22,STORE-BLR-02,SKU-PRESSURE-CK,0,1850.00,0
2024-02-23,STORE-BLR-02,SKU-PRESSURE-CK,0,1850.00,0
2024-02-24,STORE-BLR-02,SKU-PRESSURE-CK,0,1850.00,0
2024-02-25,STORE-BLR-02,SKU-PRESSURE-CK,0,1850.00,0
2024-02-26,STORE-BLR-02,SKU-PRESSURE-CK,1,1850.00,0
2024-02-27,STORE-BLR-02,SKU-PRESSURE-CK,0,1850.00,0
2024-02-28,STORE-BLR-02,SKU-PRESSURE-CK,0,1850.00,0
2024-02-29,STORE-BLR-02,SKU-PRESSURE-CK,0,1850.00,0
2024-03-01,STORE-BLR-02,SKU-PRESSURE-CK,0,1850.00,0
2024-03-02,STORE-BLR-02,SKU-PRESSURE-CK,11,1850.00,1
2024-03-03,STORE-BLR-02,SKU-PRESSURE-CK,0,1850.00,0
2024-03-04,STORE-BLR-02,SKU-PRESSURE-CK,0,1850.00,1
2024-03-05,STORE-BLR-02,SKU-PRESSURE-CK,0,1850.00,0
2024-03-06,STORE-BLR-02,SKU-PRESSURE-CK,0,1850.00,1
2024-03-07,STORE-BLR-02,SKU-PRESSURE-CK,0,1850.00,0
2024-03-08,STORE-BLR-02,SKU-PRESSURE-CK,0,1850.00,0
2024-03-09,STORE-BLR-02,SKU-PRESSURE-CK,0,1850.00,0
2024-03-10,STORE-BLR-02,SKU-PRESSURE-CK,0,1850.00,0
2024-03-11,STORE-BLR-02,SKU-PRESSURE-CK,0,1850.00,0
2024-03-12,STORE-BLR-02,SKU-PRESSURE-CK,0,1850.00,1
2024-03-13,STORE-BLR-02,SKU-PRESSURE-CK,0,1850.00,0
2024-03-14,STORE-BLR-02,SKU-PRESSURE-CK,0,1850.00,0
2024-03-15,STORE-BLR-02,SKU-PRESSURE-CK,13,1850.00,1
2024-03-16,STORE-BLR-02,SKU-PRESSURE-CK,0,1850.00,0
2024-03-17,STORE-BLR-02,SKU-PRESSURE-CK,0,1850.00,0
2024-03-18,STORE-BLR-02,SKU-PRESSURE-CK,0,1850.00,0
2024-03-19,STORE-BLR-02,SKU-PRESSURE-CK,0,1850.00,1
2024-03-20,STORE-BLR-02,SKU-PRESSURE-CK,0,1850.00,0
2024-03-21,STORE-BLR-02,SKU-PRESSURE-CK,0,1850.00,0
2024-03-22,STORE-BLR-02,SKU-PRESSURE-CK,0,1850.00,0
2024-03-23,STORE-BLR-02,SKU-PRESSURE-CK,0,1850.00,0
2024-03-24,STORE-BLR-02,SKU-PRESSURE-CK,0,1850.00,0
2024-03-25,STORE-BLR-02,SKU-PRESSURE-CK,0,1850.00,0
2024-03-26,STORE-BLR-02,SKU-PRESSURE-CK,0,1850.00,0
2024-03-27,STORE-BLR-02,SKU-PRESSURE-CK,3,1850.00,0
2024-03-28,STORE-BLR-02,SKU-PRESSURE-CK,0,1850.00,0
2024-03-29,STORE-BLR-02,SKU-PRESSURE-CK,0,1850.00,0
2024-03-30,STORE-BLR-02,SKU-PRESSURE-CK,0,1850.00,1
2024-03-31,STORE-BLR-02,SKU-PRESSURE-CK,7,1850.00,0
2024-04-01,STORE-BLR-02,SKU-PRESSURE-CK,0,1850.00,0
2024-04-02,STORE-BLR-02,SKU-PRESSURE-CK,0,1850.00,0
2024-04-03,STORE-BLR-02,SKU-PRESSURE-CK,0,1850.00,1
2024-04-04,STORE-BLR-02,SKU-PRESSURE-CK,0,1850.00,0
2024-04-05,STORE-BLR-02,SKU-PRESSURE-CK,0,1850.00,0
2024-04-06,STORE-BLR-02,SKU-PRESSURE-CK,2,1850.00,0
2024-04-07,STORE-BLR-02,SKU-PRESSURE-CK,0,1850.00,1
2024-04-08,STORE-BLR-02,SKU-PRESSURE-CK,0,1850.00,0
2024-04-09,STORE-BLR-02,SKU-PRESSURE-CK,0,1850.00,1
2024-04-10,STORE-BLR-02,SKU-PRESSURE-CK,0,1850.00,0
2024-04-11,STORE-BLR-02,SKU-PRESSURE-CK,0,1850.00,0
2024-04-12,STORE-BLR-02,SKU-PRESSURE-CK,0,1850.00,0
2024-04-13,STORE-BLR-02,SKU-PRESSURE-CK,0,1850.00,0
2024-04-14,STORE-BLR-02,SKU-PRESSURE-CK,5,1850.00,0
2024-04-15,STORE-BLR-02,SKU-PRESSURE-CK,0,1850.00,0
2024-04-16,STORE-BLR-02,SKU-PRESSURE-CK,0,1850.00,0
2024-04-17,STORE-BLR-02,SKU-PRESSURE-CK,0,1850.00,0
2024-04-18,STORE-BLR-02,SKU-PRESSURE-CK,0,1850.00,0
2024-04-19,STORE-BLR-02,SKU-PRESSURE-CK,2,1850.00,0
2024-04-20,STORE-BLR-02,SKU-PRESSURE-CK,0,1850.00,0
2024-04-21,STORE-BLR-02,SKU-PRESSURE-CK,0,1850.00,0
2024-04-22,STORE-BLR-02,SKU-PRESSURE-CK,0,1850.00,0
2024-04-23,STORE-BLR-02,SKU-PRESSURE-CK,0,1850.00,0
2024-04-24,STORE-BLR-02,SKU-PRESSURE-CK,0,1850.00,0
2024-04-25,STORE-BLR-02,SKU-PRESSURE-CK,0,1850.00,0
2024-04-26,STORE-BLR-02,SKU-PRESSURE-CK,0,1850.00,0
2024-04-27,STORE-BLR-02,SKU-PRESSURE-CK,0,1850.00,0
2024-04-28,STORE-BLR-02,SKU-PRESSURE-CK,0,1850.00,0
2024-04-29,STORE-BLR-02,SKU-PRESSURE-CK,0,1850.00,0
2024-04-30,STORE-BLR-02,SKU-PRESSURE-CK,0,1850.00,0
2024-05-01,STORE-BLR-02,SKU-PRESSURE-CK,4,1850.00,0
2024-05-02,STORE-BLR-02,SKU-PRESSURE-CK,0,1850.00,0
2024-05-03,STORE-BLR-02,SKU-PRESSURE-CK,0,1850.00,0
2024-05-04,STORE-BLR-02,SKU-PRESSURE-CK,0,1850.00,0
2024-05-05,STORE-BLR-02,SKU-PRESSURE-CK,0,1850.00,0
2024-05-06,STORE-BLR-02,SKU-PRESSURE-CK,0,1850.00,0
2024-05-07,STORE-BLR-02,SKU-PRESSURE-CK,0,1850.00,0
2024-05-08,STORE-BLR-02,SKU-PRESSURE-CK,0,1850.00,1
2024-05-09,STORE-BLR-02,SKU-PRESSURE-CK,0,1850.00,0
2024-05-10,STORE-BLR-02,SKU-PRESSURE-CK,0,1850.00,0
2024-05-11,STORE-BLR-02,SKU-PRESSURE-CK,0,1850.00,0
2024-05-12,STORE-BLR-02,SKU-PRESSURE-CK,0,1850.00,0
2024-05-13,STORE-BLR-02,SKU-PRESSURE-CK,0,1850.00,0
2024-05-14,STORE-BLR-02,SKU-PRESSURE-CK,2,1850.00,0
2024-05-15,STORE-BLR-02,SKU-PRESSURE-CK,0,1850.00,0
2024-05-16,STORE-BLR-02,SKU-PRESSURE-CK,0,1850.00,0
2024-05-17,STORE-BLR-02,SKU-PRESSURE-CK,0,1850.00,0
2024-05-18,STORE-BLR-02,SKU-PRESSURE-CK,0,1850.00,0
2024-05-19,STORE-BLR-02,SKU-PRESSURE-CK,0,1850.00,0
2024-05-20,STORE-BLR-02,SKU-PRESSURE-CK,6,1850.00,0
2024-05-21,STORE-BLR-02,SKU-PRESSURE-CK,0,1850.00,0
2024-05-22,STORE-BLR-02,SKU-PRESSURE-CK,0,1850.00,0
2024-05-23,STORE-BLR-02,SKU-PRESSURE-CK,0,1850.00,0
2024-05-24,STORE-BLR-02,SKU-PRESSURE-CK,0,1850.00,1
2024-05-25,STORE-BLR-02,SKU-PRESSURE-CK,0,1850.00,0
2024-05-26,STORE-BLR-02,SKU-PRESSURE-CK,0,1850.00,1
2024-05-27,STORE-BLR-02,SKU-PRESSURE-CK,7,1850.00,0
2024-05-28,STORE-BLR-02,SKU-PRESSURE-CK,0,1850.00,1
2024-05-29,STORE-BLR-02,SKU-PRESSURE-CK,0,1850.00,0
2024-05-30,STORE-BLR-02,SKU-PRESSURE-CK,1,1850.00,0
2024-05-31,STORE-BLR-02,SKU-PRESSURE-CK,0,1850.00,0
2024-06-01,STORE-BLR-02,SKU-PRESSURE-CK,0,1850.00,0
2024-06-02,STORE-BLR-02,SKU-PRESSURE-CK,0,1850.00,0
2024-06-03,STORE-BLR-02,SKU-PRESSURE-CK,0,1850.00,0
2024-06-04,STORE-BLR-02,SKU-PRESSURE-CK,0,1850.00,0
2024-06-05,STORE-BLR-02,SKU-PRESSURE-CK,0,1850.00,0
2024-06-06,STORE-BLR-02,SKU-PRESSURE-CK,0,1850.00,0
2024-06-07,STORE-BLR-02,SKU-PRESSURE-CK,0,1850.00,0
2024-06-08,STORE-BLR-02,SKU-PRESSURE-CK,0,1850.00,0
2024-06-09,STORE-BLR-02,SKU-PRESSURE-CK,0,1850.00,0
2024-06-10,STORE-BLR-02,SKU-PRESSURE-CK,0,1850.00,1
2024-06-11,STORE-BLR-02,SKU-PRESSURE-CK,14,1850.00,0
2024-06-12,STORE-BLR-02,SKU-PRESSURE-CK,0,1850.00,0
2024-06-13,STORE-BLR-02,SKU-PRESSURE-CK,0,1850.00,0
2024-06-14,STORE-BLR-02,SKU-PRESSURE-CK,0,1850.00,0
2024-06-15,STORE-BLR-02,SKU-PRESSURE-CK,0,1850.00,0
2024-06-16,STORE-BLR-02,SKU-PRESSURE-CK,0,1850.00,0
2024-06-17,STORE-BLR-02,SKU-PRESSURE-CK,0,1850.00,1
2024-06-18,STORE-BLR-02,SKU-PRESSURE-CK,0,1850.00,0
2024-06-19,STORE-BLR-02,SKU-PRESSURE-CK,0,1850.00,0
2024-06-20,STORE-BLR-02,SKU-PRESSURE-CK,0,1850.00,0
2024-06-21,STORE-BLR-02,SKU-PRESSURE-CK,0,1850.00,0
2024-06-22,STORE-BLR-02,SKU-PRESSURE-CK,0,1850.00,0
2024-06-23,STORE-BLR-02,SKU-PRESSURE-CK,0,1850.00,0
2024-06-24,STORE-BLR-02,SKU-PRESSURE-CK,0,1850.00,0
2024-06-25,STORE-BLR-02,SKU-PRESSURE-CK,0,1850.00,0
2024-06-26,STORE-BLR-02,SKU-PRESSURE-CK,0,1850.00,0
2024-06-27,STORE-BLR-02,SKU-PRESSURE-CK,0,1850.00,0
2024-06-28,STORE-BLR-02,SKU-PRESSURE-CK,0,1850.00,0
2024-06-29,STORE-BLR-02,SKU-PRESSURE-CK,0,1850.00,0
2024-06-30,STORE-BLR-02,SKU-PRESSURE-CK,0,1850.00,0
2024-07-01,STORE-BLR-02,SKU-PRESSURE-CK,0,1850.00,0
2024-07-02,STORE-BLR-02,SKU-PRESSURE-CK,0,1850.00,0
2024-07-03,STORE-BLR-02,SKU-PRESSURE-CK,0,1850.00,0
2024-07-04,STORE-BLR-02,SKU-PRESSURE-CK,0,1850.00,0
2024-07-05,STORE-BLR-02,SKU-PRESSURE-CK,0,1850.00,0
2024-07-06,STORE-BLR-02,SKU-PRESSURE-CK,0,1850.00,0
2024-07-07,STORE-BLR-02,SKU-PRESSURE-CK,0,1850.00,0
2024-07-08,STORE-BLR-02,SKU-PRESSURE-CK,3,1850.00,0
2024-07-09,STORE-BLR-02,SKU-PRESSURE-CK,0,1850.00,0
2024-07-10,STORE-BLR-02,SKU-PRESSURE-CK,0,1850.00,0
2024-07-11,STORE-BLR-02,SKU-PRESSURE-CK,0,1850.00,0
2024-07-12,STORE-BLR-02,SKU-PRESSURE-CK,0,1850.00,0
2024-07-13,STORE-BLR-02,SKU-PRESSURE-CK,0,1850.00,0
2024-07-14,STORE-BLR-02,SKU-PRESSURE-CK,0,1850.00,0
2024-07-15,STORE-BLR-02,SKU-PRESSURE-CK,0,1850.00,0
2024-07-16,STORE-BLR-02,SKU-PRESSURE-CK,0,1850.00,0
2024-07-17,STORE-BLR-02,SKU-PRESSURE-CK,0,1850.00,0
2024-07-18,STORE-BLR-02,SKU-PRESSURE-CK,0,1850.00,0
2024-07-19,STORE-BLR-02,SKU-PRESSURE-CK,0,1850.00,0
2024-07-20,STORE-BLR-02,SKU-PRESSURE-CK,0,1850.00,0
2024-07-21,STORE-BLR-02,SKU-PRESSURE-CK,0,1850.00,0
2024-07-22,STORE-BLR-02,SKU-PRESSURE-CK,0,1850.00,0
2024-07-23,STORE-BLR-02,SKU-PRESSURE-CK,3,1850.00,1
2024-07-24,STORE-BLR-02,SKU-PRESSURE-CK,0,1850.00,0
2024-07-25,STORE-BLR-02,SKU-PRESSURE-CK,0,1850.00,0
2024-07-26,STORE-BLR-02,SKU-PRESSURE-CK,0,1850.00,0
2024-07-27,STORE-BLR-02,SKU-PRESSURE-CK,0,1850.00,0
2024-07-28,STORE-BLR-02,SKU-PRESSURE-CK,0,1850.00,0
2024-07-29,STORE-BLR-02,SKU-PRESSURE-CK,0,1850.00,0
2024-07-30,STORE-BLR-02,SKU-PRESSURE-CK,0,1850.00,1
2024-07-31,STORE-BLR-02,SKU-PRESSURE-CK,0,1850.00,0
2024-08-01,STORE-BLR-02,SKU-PRESSURE-CK,0,1850.00,0
2024-08-02,STORE-BLR-02,SKU-PRESSURE-CK,0,1850.00,0
2024-08-03,STORE-BLR-02,SKU-PRESSURE-CK,0,1850.00,0
2024-08-04,STORE-BLR-02,SKU-PRESSURE-CK,3,1850.00,0
2024-08-05,STORE-BLR-02,SKU-PRESSURE-CK,0,1850.00,0
2024-08-06,STORE-BLR-02,SKU-PRESSURE-CK,0,1850.00,0
2024-08-07,STORE-BLR-02,SKU-PRESSURE-CK,0,1850.00,1
2024-08-08,STORE-BLR-02,SKU-PRESSURE-CK,0,1850.00,0
2024-08-09,STORE-BLR-02,SKU-PRESSURE-CK,0,1850.00,0
2024-08-10,STORE-BLR-02,SKU-PRESSURE-CK,0,1850.00,1
2024-08-11,STORE-BLR-02,SKU-PRESSURE-CK,0,1850.00,0
2024-08-12,STORE-BLR-02,SKU-PRESSURE-CK,0,1850.00,1
2024-08-13,STORE-BLR-02,SKU-PRESSURE-CK,0,1850.00,1
2024-08-14,STORE-BLR-02,SKU-PRESSURE-CK,0,1850.00,0
2024-08-15,STORE-BLR-02,SKU-PRESSURE-CK,0,1850.00,0
2024-08-16,STORE-BLR-02,SKU-PRESSURE-CK,0,1850.00,0
2024-08-17,STORE-BLR-02,SKU-PRESSURE-CK,0,1850.00,0
2024-08-18,STORE-BLR-02,SKU-PRESSURE-CK,0,1850.00,1
2024-08-19,STORE-BLR-02,SKU-PRESSURE-CK,0,1850.00,0
2024-08-20,STORE-BLR-02,SKU-PRESSURE-CK,0,1850.00,0
2024-08-21,STORE-BLR-02,SKU-PRESSURE-CK,0,1850.00,0
2024-08-22,STORE-BLR-02,SKU-PRESSURE-CK,0,1850.00,0
2024-08-23,STORE-BLR-02,SKU-PRESSURE-CK,2,1850.00,1
2024-08-24,STORE-BLR-02,SKU-PRESSURE-CK,2,1850.00,0
2024-08-25,STORE-BLR-02,SKU-PRESSURE-CK,0,1850.00,0
2024-08-26,STORE-BLR-02,SKU-PRESSURE-CK,0,1850.00,0
2024-08-27,STORE-BLR-02,SKU-PRESSURE-CK,0,1850.00,0
2024-08-28,STORE-BLR-02,SKU-PRESSURE-CK,2,1850.00,0
2024-08-29,STORE-BLR-02,SKU-PRESSURE-CK,0,1850.00,0
2024-08-30,STORE-BLR-02,SKU-PRESSURE-CK,0,1850.00,0
2024-08-31,STORE-BLR-02,SKU-PRESSURE-CK,0,1850.00,0
2024-09-01,STORE-BLR-02,SKU-PRESSURE-CK,0,1850.00,0
2024-09-02,STORE-BLR-02,SKU-PRESSURE-CK,0,1850.00,0
2024-09-03,STORE-BLR-02,SKU-PRESSURE-CK,0,1850.00,0
2024-09-04,STORE-BLR-02,SKU-PRESSURE-CK,0,1850.00,0
2024-09-05,STORE-BLR-02,SKU-PRESSURE-CK,0,1850.00,0
2024-09-06,STORE-BLR-02,SKU-PRESSURE-CK,0,1850.00,0
2024-09-07,STORE-BLR-02,SKU-PRESSURE-CK,0,1850.00,0
2024-09-08,STORE-BLR-02,SKU-PRESSURE-CK,0,1850.00,0
2024-09-09,STORE-BLR-02,SKU-PRESSURE-CK,0,1850.00,0
2024-09-10,STORE-BLR-02,SKU-PRESSURE-CK,0,1850.00,0
2024-09-11,STORE-BLR-02,SKU-PRESSURE-CK,0,1850.00,0
2024-09-12,STORE-BLR-02,SKU-PRESSURE-CK,0,1850.00,0
2024-09-13,STORE-BLR-02,SKU-PRESSURE-CK,0,1850.00,1
2024-09-14,STORE-BLR-02,SKU-PRESSURE-CK,0,1850.00,1
2024-09-15,STORE-BLR-02,SKU-PRESSURE-CK,0,1850.00,0
2024-09-16,STORE-BLR-02,SKU-PRESSURE-CK,0,1850.00,0
2024-09-17,STORE-BLR-02,SKU-PRESSURE-CK,0,1850.00,0
2024-09-18,STORE-BLR-02,SKU-PRESSURE-CK,0,1850.00,0
2024-09-19,STORE-BLR-02,SKU-PRESSURE-CK,0,1850.00,0
2024-09-20,STORE-BLR-02,SKU-PRESSURE-CK,0,1850.00,0
2024-09-21,STORE-BLR-02,SKU-PRESSURE-CK,0,1850.00,0
2024-09-22,STORE-BLR-02,SKU-PRESSURE-CK,0,1850.00,0
2024-09-23,STORE-BLR-02,SKU-PRESSURE-CK,0,1850.00,0
2024-09-24,STORE-BLR-02,SKU-PRESSURE-CK,0,1850.00,1
2024-09-25,STORE-BLR-02,SKU-PRESSURE-CK,0,1850.00,0
2024-09-26,STORE-BLR-02,SKU-PRESSURE-CK,0,1850.00,0
2024-09-27,STORE-BLR-02,SKU-PRESSURE-CK,0,1850.00,0
2024-09-28,STORE-BLR-02,SKU-PRESSURE-CK,0,1850.00,0
2024-09-29,STORE-BLR-02,SKU-PRESSURE-CK,0,1850.00,0
2024-09-30,STORE-BLR-02,SKU-PRESSURE-CK,0,1850.00,0
2024-10-01,STORE-BLR-02,SKU-PRESSURE-CK,0,1850.00,0
2024-10-02,STORE-BLR-02,SKU-PRESSURE-CK,0,1850.00,0
2024-10-03,STORE-BLR-02,SKU-PRESSURE-CK,0,1850.00,0
2024-10-04,STORE-BLR-02,SKU-PRESSURE-CK,0,1850.00,0
2024-10-05,STORE-BLR-02,SKU-PRESSURE-CK,0,1850.00,0
2024-10-06,STORE-BLR-02,SKU-PRESSURE-CK,0,1850.00,0
2024-10-07,STORE-BLR-02,SKU-PRESSURE-CK,0,1850.00,0
2024-10-08,STORE-BLR-02,SKU-PRESSURE-CK,0,1850.00,0
2024-10-09,STORE-BLR-02,SKU-PRESSURE-CK,1,1850.00,0
2024-10-10,STORE-BLR-02,SKU-PRESSURE-CK,0,1850.00,0
2024-10-11,STORE-BLR-02,SKU-PRESSURE-CK,0,1850.00,0
2024-10-12,STORE-BLR-02,SKU-PRESSURE-CK,0,1850.00,0
2024-10-13,STORE-BLR-02,SKU-PRESSURE-CK,0,1850.00,0
2024-10-14,STORE-BLR-02,SKU-PRESSURE-CK,0,1850.00,0
2024-10-15,STORE-BLR-02,SKU-PRESSURE-CK,0,1850.00,0
2024-10-16,STORE-BLR-02,SKU-PRESSURE-CK,0,1850.00,1
2024-10-17,STORE-BLR-02,SKU-PRESSURE-CK,0,1850.00,0
2024-10-18,STORE-BLR-02,SKU-PRESSURE-CK,0,1850.00,0
2024-10-19,STORE-BLR-02,SKU-PRESSURE-CK,12,1850.00,0
2024-10-20,STORE-BLR-02,SKU-PRESSURE-CK,0,1850.00,0
2024-10-21,STORE-BLR-02,SKU-PRESSURE-CK,0,1850.00,0
2024-10-22,STORE-BLR-02,SKU-PRESSURE-CK,0,1850.00,0
2024-10-23,STORE-BLR-02,SKU-PRESSURE-CK,0,1850.00,1
2024-10-24,STORE-BLR-02,SKU-PRESSURE-CK,0,1850.00,0
2024-10-25,STORE-BLR-02,SKU-PRESSURE-CK,0,1850.00,0
2024-10-26,STORE-BLR-02,SKU-PRESSURE-CK,1,1850.00,0
2024-10-27,STORE-BLR-02,SKU-PRESSURE-CK,0,1850.00,0
2024-10-28,STORE-BLR-02,SKU-PRESSURE-CK,0,1850.00,0
2024-10-29,STORE-BLR-02,SKU-PRESSURE-CK,0,1850.00,0
2024-10-30,STORE-BLR-02,SKU-PRESSURE-CK,0,1850.00,0
2024-10-31,STORE-BLR-02,SKU-PRESSURE-CK,1,1850.00,0
2024-11-01,STORE-BLR-02,SKU-PRESSURE-CK,0,1850.00,0
2024-11-02,STORE-BLR-02,SKU-PRESSURE-CK,0,1850.00,0
2024-11-03,STORE-BLR-02,SKU-PRESSURE-CK,0,1850.00,0
2024-11-04,STORE-BLR-02,SKU-PRESSURE-CK,0,1850.00,0
2024-11-05,STORE-BLR-02,SKU-PRESSURE-CK,2,1850.00,0
2024-11-06,STORE-BLR-02,SKU-PRESSURE-CK,0,1850.00,0
2024-11-07,STORE-BLR-02,SKU-PRESSURE-CK,0,1850.00,0
2024-11-08,STORE-BLR-02,SKU-PRESSURE-CK,0,1850.00,0
2024-11-09,STORE-BLR-02,SKU-PRESSURE-CK,0,1850.00,0
2024-11-10,STORE-BLR-02,SKU-PRESSURE-CK,0,1850.00,0
2024-11-11,STORE-BLR-02,SKU-PRESSURE-CK,0,1850.00,0
2024-11-12,STORE-BLR-02,SKU-PRESSURE-CK,0,1850.00,0
2024-11-13,STORE-BLR-02,SKU-PRESSURE-CK,0,1850.00,0
2024-11-14,STORE-BLR-02,SKU-PRESSURE-CK,0,1850.00,0
2024-11-15,STORE-BLR-02,SKU-PRESSURE-CK,0,1850.00,1
2024-11-16,STORE-BLR-02,SKU-PRESSURE-CK,0,1850.00,0
2024-11-17,STORE-BLR-02,SKU-PRESSURE-CK,0,1850.00,0
2024-11-18,STORE-BLR-02,SKU-PRESSURE-CK,6,1850.00,1
2024-11-19,STORE-BLR-02,SKU-PRESSURE-CK,0,1850.00,0
2024-11-20,STORE-BLR-02,SKU-PRESSURE-CK,0,1850.00,0
2024-11-21,STORE-BLR-02,SKU-PRESSURE-CK,0,1850.00,0
2024-11-22,STORE-BLR-02,SKU-PRESSURE-CK,0,1850.00,0
2024-11-23,STORE-BLR-02,SKU-PRESSURE-CK,0,1850.00,0
2024-11-24,STORE-BLR-02,SKU-PRESSURE-CK,0,1850.00,0
2024-11-25,STORE-BLR-02,SKU-PRESSURE-CK,0,1850.00,0
2024-11-26,STORE-BLR-02,SKU-PRESSURE-CK,0,1850.00,0
2024-11-27,STORE-BLR-02,SKU-PRESSURE-CK,0,1850.00,0
2024-11-28,STORE-BLR-02,SKU-PRESSURE-CK,0,1850.00,0
2024-11-29,STORE-BLR-02,SKU-PRESSURE-CK,0,1850.00,0
2024-11-30,STORE-BLR-02,SKU-PRESSURE-CK,0,1850.00,0
2024-12-01,STORE-BLR-02,SKU-PRESSURE-CK,0,1850.00,0
2024-12-02,STORE-BLR-02,SKU-PRESSURE-CK,0,1850.00,0
2024-12-03,STORE-BLR-02,SKU-PRESSURE-CK,0,1850.00,0
2024-12-04,STORE-BLR-02,SKU-PRESSURE-CK,0,1850.00,0
2024-12-05,STORE-BLR-02,SKU-PRESSURE-CK,0,1850.00,0
2024-12-06,STORE-BLR-02,SKU-PRESSURE-CK,0,1850.00,0
2024-12-07,STORE-BLR-02,SKU-PRESSURE-CK,0,1850.00,0
2024-12-08,STORE-BLR-02,SKU-PRESSURE-CK,0,1850.00,0
2024-12-09,STORE-BLR-02,SKU-PRESSURE-CK,2,1850.00,0
2024-12-10,STORE-BLR-02,SKU-PRESSURE-CK,0,1850.00,0
2024-12-11,STORE-BLR-02,SKU-PRESSURE-CK,6,1850.00,1
2024-12-12,STORE-BLR-02,SKU-PRESSURE-CK,0,1850.00,0
2024-12-13,STORE-BLR-02,SKU-PRESSURE-CK,0,1850.00,0
2024-12-14,STORE-BLR-02,SKU-PRESSURE-CK,0,1850.00,0
2024-12-15,STORE-BLR-02,SKU-PRESSURE-CK,0,1850.00,0
2024-12-16,STORE-BLR-02,SKU-PRESSURE-CK,0,1850.00,0
2024-12-17,STORE-BLR-02,SKU-PRESSURE-CK,0,1850.00,0
2024-12-18,STORE-BLR-02,SKU-PRESSURE-CK,0,1850.00,0
2024-12-19,STORE-BLR-02,SKU-PRESSURE-CK,6,1850.00,0
2024-12-20,STORE-BLR-02,SKU-PRESSURE-CK,0,1850.00,0
2024-12-21,STORE-BLR-02,SKU-PRESSURE-CK,0,1850.00,0
2024-12-22,STORE-BLR-02,SKU-PRESSURE-CK,0,1850.00,0
2024-12-23,STORE-BLR-02,SKU-PRESSURE-CK,0,1850.00,0
2024-12-24,STORE-BLR-02,SKU-PRESSURE-CK,0,1850.00,0
2024-12-25,STORE-BLR-02,SKU-PRESSURE-CK,0,1850.00,0
2024-12-26,STORE-BLR-02,SKU-PRESSURE-CK,4,1850.00,0
2024-12-27,STORE-BLR-02,SKU-PRESSURE-CK,0,1850.00,0
2024-12-28,STORE-BLR-02,SKU-PRESSURE-CK,0,1850.00,0
2024-12-29,STORE-BLR-02,SKU-PRESSURE-CK,0,1850.00,0
2024-12-30,STORE-BLR-02,SKU-PRESSURE-CK,0,1850.00,0
2024-12-31,STORE-BLR-02,SKU-PRESSURE-CK,0,1850.00,0
2025-01-01,STORE-BLR-02,SKU-PRESSURE-CK,0,1850.00,0
2025-01-02,STORE-BLR-02,SKU-PRESSURE-CK,0,1850.00,0
2025-01-03,STORE-BLR-02,SKU-PRESSURE-CK,0,1850.00,0
2025-01-04,STORE-BLR-02,SKU-PRESSURE-CK,0,1850.00,0
2025-01-05,STORE-BLR-02,SKU-PRESSURE-CK,0,1850.00,0
2025-01-06,STORE-BLR-02,SKU-PRESSURE-CK,0,1850.00,0
2025-01-07,STORE-BLR-02,SKU-PRESSURE-CK,2,1850.00,0
2025-01-08,STORE-BLR-02,SKU-PRESSURE-CK,0,1850.00,1
2025-01-09,STORE-BLR-02,SKU-PRESSURE-CK,0,1850.00,0
2025-01-10,STORE-BLR-02,SKU-PRESSURE-CK,0,1850.00,0
2025-01-11,STORE-BLR-02,SKU-PRESSURE-CK,0,1850.00,0
2025-01-12,STORE-BLR-02,SKU-PRESSURE-CK,0,1850.00,0
2025-01-13,STORE-BLR-02,SKU-PRESSURE-CK,1,1850.00,0
2025-01-14,STORE-BLR-02,SKU-PRESSURE-CK,0,1850.00,0
2025-01-15,STORE-BLR-02,SKU-PRESSURE-CK,0,1850.00,1
2025-01-16,STORE-BLR-02,SKU-PRESSURE-CK,0,1850.00,0
2025-01-17,STORE-BLR-02,SKU-PRESSURE-CK,0,1850.00,0
2025-01-18,STORE-BLR-02,SKU-PRESSURE-CK,0,1850.00,0
2025-01-19,STORE-BLR-02,SKU-PRESSURE-CK,0,1850.00,0
2025-01-20,STORE-BLR-02,SKU-PRESSURE-CK,0,1850.00,0
2025-01-21,STORE-BLR-02,SKU-PRESSURE-CK,0,1850.00,0
2025-01-22,STORE-BLR-02,SKU-PRESSURE-CK,0,1850.00,1
2025-01-23,STORE-BLR-02,SKU-PRESSURE-CK,0,1850.00,1
2025-01-24,STORE-BLR-02,SKU-PRESSURE-CK,0,1850.00,0
2025-01-25,STORE-BLR-02,SKU-PRESSURE-CK,0,1850.00,0
2025-01-26,STORE-BLR-02,SKU-PRESSURE-CK,0,1850.00,0
2025-01-27,STORE-BLR-02,SKU-PRESSURE-CK,0,1850.00,0
2025-01-28,STORE-BLR-02,SKU-PRESSURE-CK,0,1850.00,0
2025-01-29,STORE-BLR-02,SKU-PRESSURE-CK,0,1850.00,1
2025-01-30,STORE-BLR-02,SKU-PRESSURE-CK,0,1850.00,0
2025-01-31,STORE-BLR-02,SKU-PRESSURE-CK,0,1850.00,1
2025-02-01,STORE-BLR-02,SKU-PRESSURE-CK,0,1850.00,0
2025-02-02,STORE-BLR-02,SKU-PRESSURE-CK,0,1850.00,0
2025-02-03,STORE-BLR-02,SKU-PRESSURE-CK,0,1850.00,1
2025-02-04,STORE-BLR-02,SKU-PRESSURE-CK,0,1850.00,0
2025-02-05,STORE-BLR-02,SKU-PRESSURE-CK,0,1850.00,0
2025-02-06,STORE-BLR-02,SKU-PRESSURE-CK,0,1850.00,0
2025-02-07,STORE-BLR-02,SKU-PRESSURE-CK,0,1850.00,0
2025-02-08,STORE-BLR-02,SKU-PRESSURE-CK,0,1850.00,0
2025-02-09,STORE-BLR-02,SKU-PRESSURE-CK,0,1850.00,0
2025-02-10,STORE-BLR-02,SKU-PRESSURE-CK,0,1850.00,0
2025-02-11,STORE-BLR-02,SKU-PRESSURE-CK,6,1850.00,0
2025-02-12,STORE-BLR-02,SKU-PRESSURE-CK,0,1850.00,0
2025-02-13,STORE-BLR-02,SKU-PRESSURE-CK,3,1850.00,0
2025-02-14,STORE-BLR-02,SKU-PRESSURE-CK,1,1850.00,0
2025-02-15,STORE-BLR-02,SKU-PRESSURE-CK,0,1850.00,0
2025-02-16,STORE-BLR-02,SKU-PRESSURE-CK,0,1850.00,0
2025-02-17,STORE-BLR-02,SKU-PRESSURE-CK,14,1850.00,0
2025-02-18,STORE-BLR-02,SKU-PRESSURE-CK,0,1850.00,0
2025-02-19,STORE-BLR-02,SKU-PRESSURE-CK,0,1850.00,0
2025-02-20,STORE-BLR-02,SKU-PRESSURE-CK,0,1850.00,0
2025-02-21,STORE-BLR-02,SKU-PRESSURE-CK,0,1850.00,0
2025-02-22,STORE-BLR-02,SKU-PRESSURE-CK,47,1850.00,0
2025-02-23,STORE-BLR-02,SKU-PRESSURE-CK,0,1850.00,0
2025-02-24,STORE-BLR-02,SKU-PRESSURE-CK,0,1850.00,0
2025-02-25,STORE-BLR-02,SKU-PRESSURE-CK,0,1850.00,0
2025-02-26,STORE-BLR-02,SKU-PRESSURE-CK,3,1850.00,0
2025-02-27,STORE-BLR-02,SKU-PRESSURE-CK,0,1850.00,0
2025-02-28,STORE-BLR-02,SKU-PRESSURE-CK,0,1850.00,0
2025-03-01,STORE-BLR-02,SKU-PRESSURE-CK,0,1850.00,1
2025-03-02,STORE-BLR-02,SKU-PRESSURE-CK,0,1850.00,0
2025-03-03,STORE-BLR-02,SKU-PRESSURE-CK,0,1850.00,0
2025-03-04,STORE-BLR-02,SKU-PRESSURE-CK,0,1850.00,0
2025-03-05,STORE-BLR-02,SKU-PRESSURE-CK,0,1850.00,0
2025-03-06,STORE-BLR-02,SKU-PRESSURE-CK,0,1850.00,0
2025-03-07,STORE-BLR-02,SKU-PRESSURE-CK,0,1850.00,0
2025-03-08,STORE-BLR-02,SKU-PRESSURE-CK,0,1850.00,0
2025-03-09,STORE-BLR-02,SKU-PRESSURE-CK,0,1850.00,0
2025-03-10,STORE-BLR-02,SKU-PRESSURE-CK,0,1850.00,0
2025-03-11,STORE-BLR-02,SKU-PRESSURE-CK,7,1850.00,0
2025-03-12,STORE-BLR-02,SKU-PRESSURE-CK,40,1850.00,0
2025-03-13,STORE-BLR-02,SKU-PRESSURE-CK,0,1850.00,0
2025-03-14,STORE-BLR-02,SKU-PRESSURE-CK,0,1850.00,0
2025-03-15,STORE-BLR-02,SKU-PRESSURE-CK,0,1850.00,0
2025-03-16,STORE-BLR-02,SKU-PRESSURE-CK,0,1850.00,0
2025-03-17,STORE-BLR-02,SKU-PRESSURE-CK,0,1850.00,0
2025-03-18,STORE-BLR-02,SKU-PRESSURE-CK,0,1850.00,0
2025-03-19,STORE-BLR-02,SKU-PRESSURE-CK,0,1850.00,0
2025-03-20,STORE-BLR-02,SKU-PRESSURE-CK,0,1850.00,0
2025-03-21,STORE-BLR-02,SKU-PRESSURE-CK,0,1850.00,0
2025-03-22,STORE-BLR-02,SKU-PRESSURE-CK,0,1850.00,1
2025-03-23,STORE-BLR-02,SKU-PRESSURE-CK,0,1850.00,0
2025-03-24,STORE-BLR-02,SKU-PRESSURE-CK,0,1850.00,0
2025-03-25,STORE-BLR-02,SKU-PRESSURE-CK,0,1850.00,1
2025-03-26,STORE-BLR-02,SKU-PRESSURE-CK,0,1850.00,0
2025-03-27,STORE-BLR-02,SKU-PRESSURE-CK,0,1850.00,0
2025-03-28,STORE-BLR-02,SKU-PRESSURE-CK,0,1850.00,0
2025-03-29,STORE-BLR-02,SKU-PRESSURE-CK,0,1850.00,0
2025-03-30,STORE-BLR-02,SKU-PRESSURE-CK,0,1850.00,0
2025-03-31,STORE-BLR-02,SKU-PRESSURE-CK,0,1850.00,0
2025-04-01,STORE-BLR-02,SKU-PRESSURE-CK,0,1850.00,0
2025-04-02,STORE-BLR-02,SKU-PRESSURE-CK,0,1850.00,0
2025-04-03,STORE-BLR-02,SKU-PRESSURE-CK,0,1850.00,0
2025-04-04,STORE-BLR-02,SKU-PRESSURE-CK,0,1850.00,0
2025-04-05,STORE-BLR-02,SKU-PRESSURE-CK,2,1850.00,0
2025-04-06,STORE-BLR-02,SKU-PRESSURE-CK,0,1850.00,0
2025-04-07,STORE-BLR-02,SKU-PRESSURE-CK,0,1850.00,1
2025-04-08,STORE-BLR-02,SKU-PRESSURE-CK,0,1850.00,0
2025-04-09,STORE-BLR-02,SKU-PRESSURE-CK,0,1850.00,1
2025-04-10,STORE-BLR-02,SKU-PRESSURE-CK,0,1850.00,0
2025-04-11,STORE-BLR-02,SKU-PRESSURE-CK,0,1850.00,0
2025-04-12,STORE-BLR-02,SKU-PRESSURE-CK,0,1850.00,0
2025-04-13,STORE-BLR-02,SKU-PRESSURE-CK,0,1850.00,0
2025-04-14,STORE-BLR-02,SKU-PRESSURE-CK,28,1850.00,0
2025-04-15,STORE-BLR-02,SKU-PRESSURE-CK,0,1850.00,1
2025-04-16,STORE-BLR-02,SKU-PRESSURE-CK,1,1850.00,0
2025-04-17,STORE-BLR-02,SKU-PRESSURE-CK,0,1850.00,0
2025-04-18,STORE-BLR-02,SKU-PRESSURE-CK,0,1850.00,0
2025-04-19,STORE-BLR-02,SKU-PRESSURE-CK,0,1850.00,0
2025-04-20,STORE-BLR-02,SKU-PRESSURE-CK,0,1850.00,0
2025-04-21,STORE-BLR-02,SKU-PRESSURE-CK,0,1850.00,0
2025-04-22,STORE-BLR-02,SKU-PRESSURE-CK,0,1850.00,0
2025-04-23,STORE-BLR-02,SKU-PRESSURE-CK,0,1850.00,0
2025-04-24,STORE-BLR-02,SKU-PRESSURE-CK,0,1850.00,0
2025-04-25,STORE-BLR-02,SKU-PRESSURE-CK,0,1850.00,0
2025-04-26,STORE-BLR-02,SKU-PRESSURE-CK,0,1850.00,0
2025-04-27,STORE-BLR-02,SKU-PRESSURE-CK,0,1850.00,0
2025-04-28,STORE-BLR-02,SKU-PRESSURE-CK,0,1850.00,0
2025-04-29,STORE-BLR-02,SKU-PRESSURE-CK,0,1850.00,0
2025-04-30,STORE-BLR-02,SKU-PRESSURE-CK,0,1850.00,0
2025-05-01,STORE-BLR-02,SKU-PRESSURE-CK,0,1850.00,0
2025-05-02,STORE-BLR-02,SKU-PRESSURE-CK,0,1850.00,0
2025-05-03,STORE-BLR-02,SKU-PRESSURE-CK,0,1850.00,0
2025-05-04,STORE-BLR-02,SKU-PRESSURE-CK,0,1850.00,0
2025-05-05,STORE-BLR-02,SKU-PRESSURE-CK,0,1850.00,0
2025-05-06,STORE-BLR-02,SKU-PRESSURE-CK,0,1850.00,0
2025-05-07,STORE-BLR-02,SKU-PRESSURE-CK,0,1850.00,0
2025-05-08,STORE-BLR-02,SKU-PRESSURE-CK,0,1850.00,0
2025-05-09,STORE-BLR-02,SKU-PRESSURE-CK,0,1850.00,0
2025-05-10,STORE-BLR-02,SKU-PRESSURE-CK,0,1850.00,1
2025-05-11,STORE-BLR-02,SKU-PRESSURE-CK,0,1850.00,0
2025-05-12,STORE-BLR-02,SKU-PRESSURE-CK,0,1850.00,0
2025-05-13,STORE-BLR-02,SKU-PRESSURE-CK,0,1850.00,0
2025-05-14,STORE-BLR-02,SKU-PRESSURE-CK,0,1850.00,0
2025-05-15,STORE-BLR-02,SKU-PRESSURE-CK,0,1850.00,1
2025-05-16,STORE-BLR-02,SKU-PRESSURE-CK,0,1850.00,0
2025-05-17,STORE-BLR-02,SKU-PRESSURE-CK,0,1850.00,0
2025-05-18,STORE-BLR-02,SKU-PRESSURE-CK,0,1850.00,0
2025-05-19,STORE-BLR-02,SKU-PRESSURE-CK,0,1850.00,1
2025-05-20,STORE-BLR-02,SKU-PRESSURE-CK,0,1850.00,0
2025-05-21,STORE-BLR-02,SKU-PRESSURE-CK,0,1850.00,0
2025-05-22,STORE-BLR-02,SKU-PRESSURE-CK,0,1850.00,0
2025-05-23,STORE-BLR-02,SKU-PRESSURE-CK,0,1850.00,0
2025-05-24,STORE-BLR-02,SKU-PRESSURE-CK,0,1850.00,0
2025-05-25,STORE-BLR-02,SKU-PRESSURE-CK,0,1850.00,1
2025-05-26,STORE-BLR-02,SKU-PRESSURE-CK,6,1850.00,0
2025-05-27,STORE-BLR-02,SKU-PRESSURE-CK,0,1850.00,1
2025-05-28,STORE-BLR-02,SKU-PRESSURE-CK,3,1850.00,0
2025-05-29,STORE-BLR-02,SKU-PRESSURE-CK,0,1850.00,0
2025-05-30,STORE-BLR-02,SKU-PRESSURE-CK,0,1850.00,0
2025-05-31,STORE-BLR-02,SKU-PRESSURE-CK,0,1850.00,0
2025-06-01,STORE-BLR-02,SKU-PRESSURE-CK,0,1850.00,0
2025-06-02,STORE-BLR-02,SKU-PRESSURE-CK,0,1850.00,0
2025-06-03,STORE-BLR-02,SKU-PRESSURE-CK,0,1850.00,0
2025-06-04,STORE-BLR-02,SKU-PRESSURE-CK,0,1850.00,0
2025-06-05,STORE-BLR-02,SKU-PRESSURE-CK,0,1850.00,0
2025-06-06,STORE-BLR-02,SKU-PRESSURE-CK,0,1850.00,0
2025-06-07,STORE-BLR-02,SKU-PRESSURE-CK,0,1850.00,0
2025-06-08,STORE-BLR-02,SKU-PRESSURE-CK,3,1850.00,0
2025-06-09,STORE-BLR-02,SKU-PRESSURE-CK,0,1850.00,0
2025-06-10,STORE-BLR-02,SKU-PRESSURE-CK,0,1850.00,0
2025-06-11,STORE-BLR-02,SKU-PRESSURE-CK,0,1850.00,0
2025-06-12,STORE-BLR-02,SKU-PRESSURE-CK,0,1850.00,0
2025-06-13,STORE-BLR-02,SKU-PRESSURE-CK,0,1850.00,0
2025-06-14,STORE-BLR-02,SKU-PRESSURE-CK,0,1850.00,0
2025-06-15,STORE-BLR-02,SKU-PRESSURE-CK,0,1850.00,0
2025-06-16,STORE-BLR-02,SKU-PRESSURE-CK,0,1850.00,0
2025-06-17,STORE-BLR-02,SKU-PRESSURE-CK,0,1850.00,0
2025-06-18,STORE-BLR-02,SKU-PRESSURE-CK,0,1850.00,1
2025-06-19,STORE-BLR-02,SKU-PRESSURE-CK,0,1850.00,0
2025-06-20,STORE-BLR-02,SKU-PRESSURE-CK,0,1850.00,0
2025-06-21,STORE-BLR-02,SKU-PRESSURE-CK,0,1850.00,0
2025-06-22,STORE-BLR-02,SKU-PRESSURE-CK,0,1850.00,0
2025-06-23,STORE-BLR-02,SKU-PRESSURE-CK,0,1850.00,0
2025-06-24,STORE-BLR-02,SKU-PRESSURE-CK,0,1850.00,0
2025-06-25,STORE-BLR-02,SKU-PRESSURE-CK,0,1850.00,0
2025-06-26,STORE-BLR-02,SKU-PRESSURE-CK,0,1850.00,0
2025-06-27,STORE-BLR-02,SKU-PRESSURE-CK,1,1850.00,0
2025-06-28,STORE-BLR-02,SKU-PRESSURE-CK,11,1850.00,1
2025-06-29,STORE-BLR-02,SKU-PRESSURE-CK,0,1850.00,1
2025-06-30,STORE-BLR-02,SKU-PRESSURE-CK,0,1850.00,0
2025-07-01,STORE-BLR-02,SKU-PRESSURE-CK,0,1850.00,0
2025-07-02,STORE-BLR-02,SKU-PRESSURE-CK,0,1850.00,1
2025-07-03,STORE-BLR-02,SKU-PRESSURE-CK,0,1850.00,0
2025-07-04,STORE-BLR-02,SKU-PRESSURE-CK,3,1850.00,0
2025-07-05,STORE-BLR-02,SKU-PRESSURE-CK,0,1850.00,0
2025-07-06,STORE-BLR-02,SKU-PRESSURE-CK,0,1850.00,0
2025-07-07,STORE-BLR-02,SKU-PRESSURE-CK,0,1850.00,0
2025-07-08,STORE-BLR-02,SKU-PRESSURE-CK,0,1850.00,0
2025-07-09,STORE-BLR-02,SKU-PRESSURE-CK,0,1850.00,1
2025-07-10,STORE-BLR-02,SKU-PRESSURE-CK,0,1850.00,1
2025-07-11,STORE-BLR-02,SKU-PRESSURE-CK,0,1850.00,0
2025-07-12,STORE-BLR-02,SKU-PRESSURE-CK,0,1850.00,0
2025-07-13,STORE-BLR-02,SKU-PRESSURE-CK,0,1850.00,0
2025-07-14,STORE-BLR-02,SKU-PRESSURE-CK,0,1850.00,0
2025-07-15,STORE-BLR-02,SKU-PRESSURE-CK,0,1850.00,0
2025-07-16,STORE-BLR-02,SKU-PRESSURE-CK,0,1850.00,0
2025-07-17,STORE-BLR-02,SKU-PRESSURE-CK,0,1850.00,1
2025-07-18,STORE-BLR-02,SKU-PRESSURE-CK,1,1850.00,0
2025-07-19,STORE-BLR-02,SKU-PRESSURE-CK,0,1850.00,0
2025-07-20,STORE-BLR-02,SKU-PRESSURE-CK,0,1850.00,0
2025-07-21,STORE-BLR-02,SKU-PRESSURE-CK,0,1850.00,0
2025-07-22,STORE-BLR-02,SKU-PRESSURE-CK,0,1850.00,0
2025-07-23,STORE-BLR-02,SKU-PRESSURE-CK,0,1850.00,0
2025-07-24,STORE-BLR-02,SKU-PRESSURE-CK,0,1850.00,0
2025-07-25,STORE-BLR-02,SKU-PRESSURE-CK,0,1850.00,0
2025-07-26,STORE-BLR-02,SKU-PRESSURE-CK,0,1850.00,0
2025-07-27,STORE-BLR-02,SKU-PRESSURE-CK,0,1850.00,0
2025-07-28,STORE-BLR-02,SKU-PRESSURE-CK,0,1850.00,0
2025-07-29,STORE-BLR-02,SKU-PRESSURE-CK,0,1850.00,0
2025-07-30,STORE-BLR-02,SKU-PRESSURE-CK,2,1850.00,0
2025-07-31,STORE-BLR-02,SKU-PRESSURE-CK,0,1850.00,0
2025-08-01,STORE-BLR-02,SKU-PRESSURE-CK,0,1850.00,1
2025-08-02,STORE-BLR-02,SKU-PRESSURE-CK,0,1850.00,0
2025-08-03,STORE-BLR-02,SKU-PRESSURE-CK,0,1850.00,0
2025-08-04,STORE-BLR-02,SKU-PRESSURE-CK,0,1850.00,0
2025-08-05,STORE-BLR-02,SKU-PRESSURE-CK,2,1850.00,0
2025-08-06,STORE-BLR-02,SKU-PRESSURE-CK,0,1850.00,0
2025-08-07,STORE-BLR-02,SKU-PRESSURE-CK,0,1850.00,1
2025-08-08,STORE-BLR-02,SKU-PRESSURE-CK,7,1850.00,0
2025-08-09,STORE-BLR-02,SKU-PRESSURE-CK,0,1850.00,0
2025-08-10,STORE-BLR-02,SKU-PRESSURE-CK,0,1850.00,0
2025-08-11,STORE-BLR-02,SKU-PRESSURE-CK,0,1850.00,1
2025-08-12,STORE-BLR-02,SKU-PRESSURE-CK,0,1850.00,1
2025-08-13,STORE-BLR-02,SKU-PRESSURE-CK,0,1850.00,0
2025-08-14,STORE-BLR-02,SKU-PRESSURE-CK,0,1850.00,0
2025-08-15,STORE-BLR-02,SKU-PRESSURE-CK,7,1850.00,0
2025-08-16,STORE-BLR-02,SKU-PRESSURE-CK,5,1850.00,0
2025-08-17,STORE-BLR-02,SKU-PRESSURE-CK,1,1850.00,0
2025-08-18,STORE-BLR-02,SKU-PRESSURE-CK,0,1850.00,0
2025-08-19,STORE-BLR-02,SKU-PRESSURE-CK,3,1850.00,0
2025-08-20,STORE-BLR-02,SKU-PRESSURE-CK,0,1850.00,0
2025-08-21,STORE-BLR-02,SKU-PRESSURE-CK,1,1850.00,0
2025-08-22,STORE-BLR-02,SKU-PRESSURE-CK,0,1850.00,0
2025-08-23,STORE-BLR-02,SKU-PRESSURE-CK,0,1850.00,0
2025-08-24,STORE-BLR-02,SKU-PRESSURE-CK,0,1850.00,0
2025-08-25,STORE-BLR-02,SKU-PRESSURE-CK,0,1850.00,0
2025-08-26,STORE-BLR-02,SKU-PRESSURE-CK,0,1850.00,0
2025-08-27,STORE-BLR-02,SKU-PRESSURE-CK,0,1850.00,1
2025-08-28,STORE-BLR-02,SKU-PRESSURE-CK,0,1850.00,0
2025-08-29,STORE-BLR-02,SKU-PRESSURE-CK,0,1850.00,0
2025-08-30,STORE-BLR-02,SKU-PRESSURE-CK,0,1850.00,0
2025-08-31,STORE-BLR-02,SKU-PRESSURE-CK,0,1850.00,0
2025-09-01,STORE-BLR-02,SKU-PRESSURE-CK,2,1850.00,0
2025-09-02,STORE-BLR-02,SKU-PRESSURE-CK,0,1850.00,0
2025-09-03,STORE-BLR-02,SKU-PRESSURE-CK,0,1850.00,0
2025-09-04,STORE-BLR-02,SKU-PRESSURE-CK,0,1850.00,0
2025-09-05,STORE-BLR-02,SKU-PRESSURE-CK,0,1850.00,0
2025-09-06,STORE-BLR-02,SKU-PRESSURE-CK,0,1850.00,0
2025-09-07,STORE-BLR-02,SKU-PRESSURE-CK,0,1850.00,0
2025-09-08,STORE-BLR-02,SKU-PRESSURE-CK,0,1850.00,1
2025-09-09,STORE-BLR-02,SKU-PRESSURE-CK,0,1850.00,0
2025-09-10,STORE-BLR-02,SKU-PRESSURE-CK,0,1850.00,0
2025-09-11,STORE-BLR-02,SKU-PRESSURE-CK,0,1850.00,0
2025-09-12,STORE-BLR-02,SKU-PRESSURE-CK,0,1850.00,0
2025-09-13,STORE-BLR-02,SKU-PRESSURE-CK,0,1850.00,0
2025-09-14,STORE-BLR-02,SKU-PRESSURE-CK,0,1850.00,0
2025-09-15,STORE-BLR-02,SKU-PRESSURE-CK,0,1850.00,0
2025-09-16,STORE-BLR-02,SKU-PRESSURE-CK,0,1850.00,0
2025-09-17,STORE-BLR-02,SKU-PRESSURE-CK,0,1850.00,0
2025-09-18,STORE-BLR-02,SKU-PRESSURE-CK,0,1850.00,1
2025-09-19,STORE-BLR-02,SKU-PRESSURE-CK,0,1850.00,0
2025-09-20,STORE-BLR-02,SKU-PRESSURE-CK,0,1850.00,0
2025-09-21,STORE-BLR-02,SKU-PRESSURE-CK,0,1850.00,0
2025-09-22,STORE-BLR-02,SKU-PRESSURE-CK,0,1850.00,0
2025-09-23,STORE-BLR-02,SKU-PRESSURE-CK,0,1850.00,0
2025-09-24,STORE-BLR-02,SKU-PRESSURE-CK,0,1850.00,0
2025-09-25,STORE-BLR-02,SKU-PRESSURE-CK,0,1850.00,0
2025-09-26,STORE-BLR-02,SKU-PRESSURE-CK,0,1850.00,0
2025-09-27,STORE-BLR-02,SKU-PRESSURE-CK,0,1850.00,0
2025-09-28,STORE-BLR-02,SKU-PRESSURE-CK,0,1850.00,0
2025-09-29,STORE-BLR-02,SKU-PRESSURE-CK,0,1850.00,0
2025-09-30,STORE-BLR-02,SKU-PRESSURE-CK,0,1850.00,0
2025-10-01,STORE-BLR-02,SKU-PRESSURE-CK,0,1850.00,1
2025-10-02,STORE-BLR-02,SKU-PRESSURE-CK,11,1850.00,0
2025-10-03,STORE-BLR-02,SKU-PRESSURE-CK,0,1850.00,0
2025-10-04,STORE-BLR-02,SKU-PRESSURE-CK,3,1850.00,0
2025-10-05,STORE-BLR-02,SKU-PRESSURE-CK,0,1850.00,0
2025-10-06,STORE-BLR-02,SKU-PRESSURE-CK,0,1850.00,0
2025-10-07,STORE-BLR-02,SKU-PRESSURE-CK,0,1850.00,0
2025-10-08,STORE-BLR-02,SKU-PRESSURE-CK,3,1850.00,1
2025-10-09,STORE-BLR-02,SKU-PRESSURE-CK,0,1850.00,0
2025-10-10,STORE-BLR-02,SKU-PRESSURE-CK,0,1850.00,0
2025-10-11,STORE-BLR-02,SKU-PRESSURE-CK,0,1850.00,0
2025-10-12,STORE-BLR-02,SKU-PRESSURE-CK,0,1850.00,0
2025-10-13,STORE-BLR-02,SKU-PRESSURE-CK,0,1850.00,1
2025-10-14,STORE-BLR-02,SKU-PRESSURE-CK,0,1850.00,0
2025-10-15,STORE-BLR-02,SKU-PRESSURE-CK,0,1850.00,0
2025-10-16,STORE-BLR-02,SKU-PRESSURE-CK,0,1850.00,0
2025-10-17,STORE-BLR-02,SKU-PRESSURE-CK,0,1850.00,0
2025-10-18,STORE-BLR-02,SKU-PRESSURE-CK,0,1850.00,0
2025-10-19,STORE-BLR-02,SKU-PRESSURE-CK,0,1850.00,0
2025-10-20,STORE-BLR-02,SKU-PRESSURE-CK,0,1850.00,0
2025-10-21,STORE-BLR-02,SKU-PRESSURE-CK,0,1850.00,1
2025-10-22,STORE-BLR-02,SKU-PRESSURE-CK,0,1850.00,0
2025-10-23,STORE-BLR-02,SKU-PRESSURE-CK,0,1850.00,0
2025-10-24,STORE-BLR-02,SKU-PRESSURE-CK,0,1850.00,0
2025-10-25,STORE-BLR-02,SKU-PRESSURE-CK,0,1850.00,1
2025-10-26,STORE-BLR-02,SKU-PRESSURE-CK,1,1850.00,0
2025-10-27,STORE-BLR-02,SKU-PRESSURE-CK,0,1850.00,0
2025-10-28,STORE-BLR-02,SKU-PRESSURE-CK,0,1850.00,0
2025-10-29,STORE-BLR-02,SKU-PRESSURE-CK,0,1850.00,0
2025-10-30,STORE-BLR-02,SKU-PRESSURE-CK,0,1850.00,0
2025-10-31,STORE-BLR-02,SKU-PRESSURE-CK,0,1850.00,0
2025-11-01,STORE-BLR-02,SKU-PRESSURE-CK,0,1850.00,0
2025-11-02,STORE-BLR-02,SKU-PRESSURE-CK,0,1850.00,0
2025-11-03,STORE-BLR-02,SKU-PRESSURE-CK,0,1850.00,0
2025-11-04,STORE-BLR-02,SKU-PRESSURE-CK,0,1850.00,0
2025-11-05,STORE-BLR-02,SKU-PRESSURE-CK,0,1850.00,0
2025-11-06,STORE-BLR-02,SKU-PRESSURE-CK,0,1850.00,0
2025-11-07,STORE-BLR-02,SKU-PRESSURE-CK,0,1850.00,0
2025-11-08,STORE-BLR-02,SKU-PRESSURE-CK,0,1850.00,0
2025-11-09,STORE-BLR-02,SKU-PRESSURE-CK,0,1850.00,0
2025-11-10,STORE-BLR-02,SKU-PRESSURE-CK,0,1850.00,0
2025-11-11,STORE-BLR-02,SKU-PRESSURE-CK,6,1850.00,0
2025-11-12,STORE-BLR-02,SKU-PRESSURE-CK,0,1850.00,0
2025-11-13,STORE-BLR-02,SKU-PRESSURE-CK,0,1850.00,0
2025-11-14,STORE-BLR-02,SKU-PRESSURE-CK,0,1850.00,0
2025-11-15,STORE-BLR-02,SKU-PRESSURE-CK,0,1850.00,0
2025-11-16,STORE-BLR-02,SKU-PRESSURE-CK,0,1850.00,0
2025-11-17,STORE-BLR-02,SKU-PRESSURE-CK,1,1850.00,0
2025-11-18,STORE-BLR-02,SKU-PRESSURE-CK,0,1850.00,1
2025-11-19,STORE-BLR-02,SKU-PRESSURE-CK,0,1850.00,0
2025-11-20,STORE-BLR-02,SKU-PRESSURE-CK,0,1850.00,0
2025-11-21,STORE-BLR-02,SKU-PRESSURE-CK,0,1850.00,0
2025-11-22,STORE-BLR-02,SKU-PRESSURE-CK,0,1850.00,0
2025-11-23,STORE-BLR-02,SKU-PRESSURE-CK,0,1850.00,0
2025-11-24,STORE-BLR-02,SKU-PRESSURE-CK,0,1850.00,0
2025-11-25,STORE-BLR-02,SKU-PRESSURE-CK,0,1850.00,0
2025-11-26,STORE-BLR-02,SKU-PRESSURE-CK,0,1850.00,0
2025-11-27,STORE-BLR-02,SKU-PRESSURE-CK,0,1850.00,0
2025-11-28,STORE-BLR-02,SKU-PRESSURE-CK,0,1850.00,0
2025-11-29,STORE-BLR-02,SKU-PRESSURE-CK,0,1850.00,0
2025-11-30,STORE-BLR-02,SKU-PRESSURE-CK,0,1850.00,0
2025-12-01,STORE-BLR-02,SKU-PRESSURE-CK,0,1850.00,0
2025-12-02,STORE-BLR-02,SKU-PRESSURE-CK,0,1850.00,0
2025-12-03,STORE-BLR-02,SKU-PRESSURE-CK,0,1850.00,0
2025-12-04,STORE-BLR-02,SKU-PRESSURE-CK,0,1850.00,0
2025-12-05,STORE-BLR-02,SKU-PRESSURE-CK,0,1850.00,0
2025-12-06,STORE-BLR-02,SKU-PRESSURE-CK,0,1850.00,1
2025-12-07,STORE-BLR-02,SKU-PRESSURE-CK,0,1850.00,0
2025-12-08,STORE-BLR-02,SKU-PRESSURE-CK,0,1850.00,0
2025-12-09,STORE-BLR-02,SKU-PRESSURE-CK,0,1850.00,0
2025-12-10,STORE-BLR-02,SKU-PRESSURE-CK,0,1850.00,0
2025-12-11,STORE-BLR-02,SKU-PRESSURE-CK,0,1850.00,1
2025-12-12,STORE-BLR-02,SKU-PRESSURE-CK,0,1850.00,0
2025-12-13,STORE-BLR-02,SKU-PRESSURE-CK,0,1850.00,0
2025-12-14,STORE-BLR-02,SKU-PRESSURE-CK,0,1850.00,0
2025-12-15,STORE-BLR-02,SKU-PRESSURE-CK,0,1850.00,1
2025-12-16,STORE-BLR-02,SKU-PRESSURE-CK,0,1850.00,1
2025-12-17,STORE-BLR-02,SKU-PRESSURE-CK,0,1850.00,0
2025-12-18,STORE-BLR-02,SKU-PRESSURE-CK,11,1850.00,0
2025-12-19,STORE-BLR-02,SKU-PRESSURE-CK,0,1850.00,0
2025-12-20,STORE-BLR-02,SKU-PRESSURE-CK,0,1850.00,0
2025-12-21,STORE-BLR-02,SKU-PRESSURE-CK,0,1850.00,0
2025-12-22,STORE-BLR-02,SKU-PRESSURE-CK,0,1850.00,0
2025-12-23,STORE-BLR-02,SKU-PRESSURE-CK,0,1850.00,0
2025-12-24,STORE-BLR-02,SKU-PRESSURE-CK,1,1850.00,1
2025-12-25,STORE-BLR-02,SKU-PRESSURE-CK,6,1850.00,0
2025-12-26,STORE-BLR-02,SKU-PRESSURE-CK,0,1850.00,0
2025-12-27,STORE-BLR-02,SKU-PRESSURE-CK,3,1850.00,1
2025-12-28,STORE-BLR-02,SKU-PRESSURE-CK,0,1850.00,0
2025-12-29,STORE-BLR-02,SKU-PRESSURE-CK,0,1850.00,0
2025-12-30,STORE-BLR-02,SKU-PRESSURE-CK,0,1850.00,0
2024-01-01,STORE-BLR-02,SKU-GIFT-BOX,0,450.00,0
2024-01-02,STORE-BLR-02,SKU-GIFT-BOX,0,450.00,1
2024-01-03,STORE-BLR-02,SKU-GIFT-BOX,0,450.00,0
2024-01-04,STORE-BLR-02,SKU-GIFT-BOX,0,450.00,0
2024-01-05,STORE-BLR-02,SKU-GIFT-BOX,3,450.00,0
2024-01-06,STORE-BLR-02,SKU-GIFT-BOX,0,450.00,0
2024-01-07,STORE-BLR-02,SKU-GIFT-BOX,0,450.00,0
2024-01-08,STORE-BLR-02,SKU-GIFT-BOX,0,450.00,0
2024-01-09,STORE-BLR-02,SKU-GIFT-BOX,0,450.00,1
2024-01-10,STORE-BLR-02,SKU-GIFT-BOX,0,450.00,0
2024-01-11,STORE-BLR-02,SKU-GIFT-BOX,0,450.00,0
2024-01-12,STORE-BLR-02,SKU-GIFT-BOX,0,450.00,0
2024-01-13,STORE-BLR-02,SKU-GIFT-BOX,0,450.00,0
2024-01-14,STORE-BLR-02,SKU-GIFT-BOX,0,450.00,0
2024-01-15,STORE-BLR-02,SKU-GIFT-BOX,0,450.00,0
2024-01-16,STORE-BLR-02,SKU-GIFT-BOX,0,450.00,1
2024-01-17,STORE-BLR-02,SKU-GIFT-BOX,0,450.00,0
2024-01-18,STORE-BLR-02,SKU-GIFT-BOX,0,450.00,1
2024-01-19,STORE-BLR-02,SKU-GIFT-BOX,4,450.00,0
2024-01-20,STORE-BLR-02,SKU-GIFT-BOX,0,450.00,0
2024-01-21,STORE-BLR-02,SKU-GIFT-BOX,0,450.00,1
2024-01-22,STORE-BLR-02,SKU-GIFT-BOX,0,450.00,0
2024-01-23,STORE-BLR-02,SKU-GIFT-BOX,0,450.00,0
2024-01-24,STORE-BLR-02,SKU-GIFT-BOX,0,450.00,0
2024-01-25,STORE-BLR-02,SKU-GIFT-BOX,0,450.00,0
2024-01-26,STORE-BLR-02,SKU-GIFT-BOX,0,450.00,0
2024-01-27,STORE-BLR-02,SKU-GIFT-BOX,0,450.00,0
2024-01-28,STORE-BLR-02,SKU-GIFT-BOX,0,450.00,0
2024-01-29,STORE-BLR-02,SKU-GIFT-BOX,0,450.00,0
2024-01-30,STORE-BLR-02,SKU-GIFT-BOX,0,450.00,0
2024-01-31,STORE-BLR-02,SKU-GIFT-BOX,0,450.00,0
2024-02-01,STORE-BLR-02,SKU-GIFT-BOX,0,450.00,0
2024-02-02,STORE-BLR-02,SKU-GIFT-BOX,0,450.00,0
2024-02-03,STORE-BLR-02,SKU-GIFT-BOX,0,450.00,0
2024-02-04,STORE-BLR-02,SKU-GIFT-BOX,0,450.00,0
2024-02-05,STORE-BLR-02,SKU-GIFT-BOX,0,450.00,0
2024-02-06,STORE-BLR-02,SKU-GIFT-BOX,0,450.00,1
2024-02-07,STORE-BLR-02,SKU-GIFT-BOX,0,450.00,0
2024-02-08,STORE-BLR-02,SKU-GIFT-BOX,0,450.00,1
2024-02-09,STORE-BLR-02,SKU-GIFT-BOX,0,450.00,0
2024-02-10,STORE-BLR-02,SKU-GIFT-BOX,0,450.00,0
2024-02-11,STORE-BLR-02,SKU-GIFT-BOX,0,450.00,0
2024-02-12,STORE-BLR-02,SKU-GIFT-BOX,0,450.00,1
2024-02-13,STORE-BLR-02,SKU-GIFT-BOX,0,450.00,1
2024-02-14,STORE-BLR-02,SKU-GIFT-BOX,0,450.00,0
2024-02-15,STORE-BLR-02,SKU-GIFT-BOX,0,450.00,0
2024-02-16,STORE-BLR-02,SKU-GIFT-BOX,0,450.00,1
2024-02-17,STORE-BLR-02,SKU-GIFT-BOX,0,450.00,0
2024-02-18,STORE-BLR-02,SKU-GIFT-BOX,0,450.00,0
2024-02-19,STORE-BLR-02,SKU-GIFT-BOX,0,450.00,1
2024-02-20,STORE-BLR-02,SKU-GIFT-BOX,0,450.00,0
2024-02-21,STORE-BLR-02,SKU-GIFT-BOX,0,450.00,1
2024-02-22,STORE-BLR-02,SKU-GIFT-BOX,0,450.00,0
2024-02-23,STORE-BLR-02,SKU-GIFT-BOX,0,450.00,0
2024-02-24,STORE-BLR-02,SKU-GIFT-BOX,0,450.00,0
2024-02-25,STORE-BLR-02,SKU-GIFT-BOX,15,450.00,0
2024-02-26,STORE-BLR-02,SKU-GIFT-BOX,0,450.00,0
2024-02-27,STORE-BLR-02,SKU-GIFT-BOX,0,450.00,1
2024-02-28,STORE-BLR-02,SKU-GIFT-BOX,0,450.00,0
2024-02-29,STORE-BLR-02,SKU-GIFT-BOX,0,450.00,0
2024-03-01,STORE-BLR-02,SKU-GIFT-BOX,0,450.00,0
2024-03-02,STORE-BLR-02,SKU-GIFT-BOX,0,450.00,0
2024-03-03,STORE-BLR-02,SKU-GIFT-BOX,0,450.00,0
2024-03-04,STORE-BLR-02,SKU-GIFT-BOX,0,450.00,1
2024-03-05,STORE-BLR-02,SKU-GIFT-BOX,0,450.00,0
2024-03-06,STORE-BLR-02,SKU-GIFT-BOX,0,450.00,1
2024-03-07,STORE-BLR-02,SKU-GIFT-BOX,0,450.00,0
2024-03-08,STORE-BLR-02,SKU-GIFT-BOX,0,450.00,0
2024-03-09,STORE-BLR-02,SKU-GIFT-BOX,0,450.00,0
2024-03-10,STORE-BLR-02,SKU-GIFT-BOX,0,450.00,0
2024-03-11,STORE-BLR-02,SKU-GIFT-BOX,0,450.00,0
2024-03-12,STORE-BLR-02,SKU-GIFT-BOX,0,450.00,0
2024-03-13,STORE-BLR-02,SKU-GIFT-BOX,0,450.00,0
2024-03-14,STORE-BLR-02,SKU-GIFT-BOX,0,450.00,0
2024-03-15,STORE-BLR-02,SKU-GIFT-BOX,0,450.00,0
2024-03-16,STORE-BLR-02,SKU-GIFT-BOX,0,450.00,0
2024-03-17,STORE-BLR-02,SKU-GIFT-BOX,0,450.00,1
2024-03-18,STORE-BLR-02,SKU-GIFT-BOX,3,450.00,1
2024-03-19,STORE-BLR-02,SKU-GIFT-BOX,0,450.00,0
2024-03-20,STORE-BLR-02,SKU-GIFT-BOX,0,450.00,0
2024-03-21,STORE-BLR-02,SKU-GIFT-BOX,0,450.00,0
2024-03-22,STORE-BLR-02,SKU-GIFT-BOX,3,450.00,1
2024-03-23,STORE-BLR-02,SKU-GIFT-BOX,2,450.00,1
2024-03-24,STORE-BLR-02,SKU-GIFT-BOX,0,450.00,0
2024-03-25,STORE-BLR-02,SKU-GIFT-BOX,0,450.00,1
2024-03-26,STORE-BLR-02,SKU-GIFT-BOX,0,450.00,0
2024-03-27,STORE-BLR-02,SKU-GIFT-BOX,0,450.00,0
2024-03-28,STORE-BLR-02,SKU-GIFT-BOX,0,450.00,1
2024-03-29,STORE-BLR-02,SKU-GIFT-BOX,0,450.00,0
2024-03-30,STORE-BLR-02,SKU-GIFT-BOX,0,450.00,0
2024-03-31,STORE-BLR-02,SKU-GIFT-BOX,0,450.00,0
2024-04-01,STORE-BLR-02,SKU-GIFT-BOX,0,450.00,0
2024-04-02,STORE-BLR-02,SKU-GIFT-BOX,13,450.00,0
2024-04-03,STORE-BLR-02,SKU-GIFT-BOX,0,450.00,0
2024-04-04,STORE-BLR-02,SKU-GIFT-BOX,1,450.00,0
2024-04-05,STORE-BLR-02,SKU-GIFT-BOX,0,450.00,0
2024-04-06,STORE-BLR-02,SKU-GIFT-BOX,0,450.00,0
2024-04-07,STORE-BLR-02,SKU-GIFT-BOX,0,450.00,0
2024-04-08,STORE-BLR-02,SKU-GIFT-BOX,8,450.00,0
2024-04-09,STORE-BLR-02,SKU-GIFT-BOX,0,450.00,0
2024-04-10,STORE-BLR-02,SKU-GIFT-BOX,0,450.00,0
2024-04-11,STORE-BLR-02,SKU-GIFT-BOX,0,450.00,1
2024-04-12,STORE-BLR-02,SKU-GIFT-BOX,0,450.00,0
2024-04-13,STORE-BLR-02,SKU-GIFT-BOX,0,450.00,0
2024-04-14,STORE-BLR-02,SKU-GIFT-BOX,0,450.00,0
2024-04-15,STORE-BLR-02,SKU-GIFT-BOX,0,450.00,0
2024-04-16,STORE-BLR-02,SKU-GIFT-BOX,0,450.00,0
2024-04-17,STORE-BLR-02,SKU-GIFT-BOX,0,450.00,0
2024-04-18,STORE-BLR-02,SKU-GIFT-BOX,9,450.00,0
2024-04-19,STORE-BLR-02,SKU-GIFT-BOX,0,450.00,0
2024-04-20,STORE-BLR-02,SKU-GIFT-BOX,0,450.00,0
2024-04-21,STORE-BLR-02,SKU-GIFT-BOX,0,450.00,0
2024-04-22,STORE-BLR-02,SKU-GIFT-BOX,0,450.00,0
2024-04-23,STORE-BLR-02,SKU-GIFT-BOX,0,450.00,0
2024-04-24,STORE-BLR-02,SKU-GIFT-BOX,0,450.00,0
2024-04-25,STORE-BLR-02,SKU-GIFT-BOX,0,450.00,0
2024-04-26,STORE-BLR-02,SKU-GIFT-BOX,0,450.00,0
2024-04-27,STORE-BLR-02,SKU-GIFT-BOX,1,450.00,0
2024-04-28,STORE-BLR-02,SKU-GIFT-BOX,0,450.00,0
2024-04-29,STORE-BLR-02,SKU-GIFT-BOX,1,450.00,0
2024-04-30,STORE-BLR-02,SKU-GIFT-BOX,0,450.00,0
2024-05-01,STORE-BLR-02,SKU-GIFT-BOX,0,450.00,0
2024-05-02,STORE-BLR-02,SKU-GIFT-BOX,0,450.00,1
2024-05-03,STORE-BLR-02,SKU-GIFT-BOX,0,450.00,0
2024-05-04,STORE-BLR-02,SKU-GIFT-BOX,0,450.00,0
2024-05-05,STORE-BLR-02,SKU-GIFT-BOX,0,450.00,0
2024-05-06,STORE-BLR-02,SKU-GIFT-BOX,0,450.00,0
2024-05-07,STORE-BLR-02,SKU-GIFT-BOX,0,450.00,0
2024-05-08,STORE-BLR-02,SKU-GIFT-BOX,0,450.00,0
2024-05-09,STORE-BLR-02,SKU-GIFT-BOX,0,450.00,0
2024-05-10,STORE-BLR-02,SKU-GIFT-BOX,0,450.00,0
2024-05-11,STORE-BLR-02,SKU-GIFT-BOX,0,450.00,0
2024-05-12,STORE-BLR-02,SKU-GIFT-BOX,4,450.00,1
2024-05-13,STORE-BLR-02,SKU-GIFT-BOX,0,450.00,0
2024-05-14,STORE-BLR-02,SKU-GIFT-BOX,0,450.00,0
2024-05-15,STORE-BLR-02,SKU-GIFT-BOX,2,450.00,0
2024-05-16,STORE-BLR-02,SKU-GIFT-BOX,0,450.00,0
2024-05-17,STORE-BLR-02,SKU-GIFT-BOX,0,450.00,0
2024-05-18,STORE-BLR-02,SKU-GIFT-BOX,0,450.00,0
2024-05-19,STORE-BLR-02,SKU-GIFT-BOX,0,450.00,0
2024-05-20,STORE-BLR-02,SKU-GIFT-BOX,0,450.00,0
2024-05-21,STORE-BLR-02,SKU-GIFT-BOX,0,450.00,0
2024-05-22,STORE-BLR-02,SKU-GIFT-BOX,0,450.00,0
2024-05-23,STORE-BLR-02,SKU-GIFT-BOX,0,450.00,0
2024-05-24,STORE-BLR-02,SKU-GIFT-BOX,0,450.00,0
2024-05-25,STORE-BLR-02,SKU-GIFT-BOX,0,450.00,0
2024-05-26,STORE-BLR-02,SKU-GIFT-BOX,0,450.00,0
2024-05-27,STORE-BLR-02,SKU-GIFT-BOX,0,450.00,0
2024-05-28,STORE-BLR-02,SKU-GIFT-BOX,0,450.00,0
2024-05-29,STORE-BLR-02,SKU-GIFT-BOX,0,450.00,0
2024-05-30,STORE-BLR-02,SKU-GIFT-BOX,0,450.00,0
2024-05-31,STORE-BLR-02,SKU-GIFT-BOX,0,450.00,1
2024-06-01,STORE-BLR-02,SKU-GIFT-BOX,0,450.00,0
2024-06-02,STORE-BLR-02,SKU-GIFT-BOX,0,450.00,0
2024-06-03,STORE-BLR-02,SKU-GIFT-BOX,0,450.00,0
2024-06-04,STORE-BLR-02,SKU-GIFT-BOX,0,450.00,0
2024-06-05,STORE-BLR-02,SKU-GIFT-BOX,0,450.00,0
2024-06-06,STORE-BLR-02,SKU-GIFT-BOX,0,450.00,0
2024-06-07,STORE-BLR-02,SKU-GIFT-BOX,0,450.00,1
2024-06-08,STORE-BLR-02,SKU-GIFT-BOX,0,450.00,0
2024-06-09,STORE-BLR-02,SKU-GIFT-BOX,0,450.00,0
2024-06-10,STORE-BLR-02,SKU-GIFT-BOX,2,450.00,0
2024-06-11,STORE-BLR-02,SKU-GIFT-BOX,0,450.00,0
2024-06-12,STORE-BLR-02,SKU-GIFT-BOX,0,450.00,0
2024-06-13,STORE-BLR-02,SKU-GIFT-BOX,0,450.00,0
2024-06-14,STORE-BLR-02,SKU-GIFT-BOX,0,450.00,0
2024-06-15,STORE-BLR-02,SKU-GIFT-BOX,0,450.00,0
2024-06-16,STORE-BLR-02,SKU-GIFT-BOX,0,450.00,0
2024-06-17,STORE-BLR-02,SKU-GIFT-BOX,0,450.00,1
2024-06-18,STORE-BLR-02,SKU-GIFT-BOX,0,450.00,0
2024-06-19,STORE-BLR-02,SKU-GIFT-BOX,0,450.00,0
2024-06-20,STORE-BLR-02,SKU-GIFT-BOX,0,450.00,0
2024-06-21,STORE-BLR-02,SKU-GIFT-BOX,0,450.00,0
2024-06-22,STORE-BLR-02,SKU-GIFT-BOX,1,450.00,0
2024-06-23,STORE-BLR-02,SKU-GIFT-BOX,0,450.00,0
2024-06-24,STORE-BLR-02,SKU-GIFT-BOX,0,450.00,0
2024-06-25,STORE-BLR-02,SKU-GIFT-BOX,0,450.00,0
2024-06-26,STORE-BLR-02,SKU-GIFT-BOX,0,450.00,0
2024-06-27,STORE-BLR-02,SKU-GIFT-BOX,0,450.00,0
2024-06-28,STORE-BLR-02,SKU-GIFT-BOX,0,450.00,0
2024-06-29,STORE-BLR-02,SKU-GIFT-BOX,0,450.00,0
2024-06-30,STORE-BLR-02,SKU-GIFT-BOX,0,450.00,0
2024-07-01,STORE-BLR-02,SKU-GIFT-BOX,0,450.00,0
2024-07-02,STORE-BLR-02,SKU-GIFT-BOX,0,450.00,0
2024-07-03,STORE-BLR-02,SKU-GIFT-BOX,8,450.00,0
2024-07-04,STORE-BLR-02,SKU-GIFT-BOX,0,450.00,0
2024-07-05,STORE-BLR-02,SKU-GIFT-BOX,0,450.00,0
2024-07-06,STORE-BLR-02,SKU-GIFT-BOX,0,450.00,0
2024-07-07,STORE-BLR-02,SKU-GIFT-BOX,0,450.00,0
2024-07-08,STORE-BLR-02,SKU-GIFT-BOX,0,450.00,0
2024-07-09,STORE-BLR-02,SKU-GIFT-BOX,0,450.00,0
2024-07-10,STORE-BLR-02,SKU-GIFT-BOX,0,450.00,0
2024-07-11,STORE-BLR-02,SKU-GIFT-BOX,0,450.00,0
2024-07-12,STORE-BLR-02,SKU-GIFT-BOX,0,450.00,1
2024-07-13,STORE-BLR-02,SKU-GIFT-BOX,0,450.00,0
2024-07-14,STORE-BLR-02,SKU-GIFT-BOX,0,450.00,0
2024-07-15,STORE-BLR-02,SKU-GIFT-BOX,0,450.00,0
2024-07-16,STORE-BLR-02,SKU-GIFT-BOX,0,450.00,0
2024-07-17,STORE-BLR-02,SKU-GIFT-BOX,0,450.00,0
2024-07-18,STORE-BLR-02,SKU-GIFT-BOX,0,450.00,0
2024-07-19,STORE-BLR-02,SKU-GIFT-BOX,0,450.00,0
2024-07-20,STORE-BLR-02,SKU-GIFT-BOX,0,450.00,0
2024-07-21,STORE-BLR-02,SKU-GIFT-BOX,0,450.00,0
2024-07-22,STORE-BLR-02,SKU-GIFT-BOX,0,450.00,0
2024-07-23,STORE-BLR-02,SKU-GIFT-BOX,0,450.00,1
2024-07-24,STORE-BLR-02,SKU-GIFT-BOX,0,450.00,0
2024-07-25,STORE-BLR-02,SKU-GIFT-BOX,0,450.00,0
2024-07-26,STORE-BLR-02,SKU-GIFT-BOX,0,450.00,0
2024-07-27,STORE-BLR-02,SKU-GIFT-BOX,0,450.00,1
2024-07-28,STORE-BLR-02,SKU-GIFT-BOX,0,450.00,0
2024-07-29,STORE-BLR-02,SKU-GIFT-BOX,0,450.00,1
2024-07-30,STORE-BLR-02,SKU-GIFT-BOX,0,450.00,0
2024-07-31,STORE-BLR-02,SKU-GIFT-BOX,0,450.00,0
2024-08-01,STORE-BLR-02,SKU-GIFT-BOX,0,450.00,0
2024-08-02,STORE-BLR-02,SKU-GIFT-BOX,10,450.00,0
2024-08-03,STORE-BLR-02,SKU-GIFT-BOX,0,450.00,0
2024-08-04,STORE-BLR-02,SKU-GIFT-BOX,0,450.00,0
2024-08-05,STORE-BLR-02,SKU-GIFT-BOX,0,450.00,0
2024-08-06,STORE-BLR-02,SKU-GIFT-BOX,0,450.00,0
2024-08-07,STORE-BLR-02,SKU-GIFT-BOX,0,450.00,0
2024-08-08,STORE-BLR-02,SKU-GIFT-BOX,0,450.00,0
2024-08-09,STORE-BLR-02,SKU-GIFT-BOX,0,450.00,0
2024-08-10,STORE-BLR-02,SKU-GIFT-BOX,0,450.00,0
2024-08-11,STORE-BLR-02,SKU-GIFT-BOX,0,450.00,0
2024-08-12,STORE-BLR-02,SKU-GIFT-BOX,0,450.00,0
2024-08-13,STORE-BLR-02,SKU-GIFT-BOX,0,450.00,0
2024-08-14,STORE-BLR-02,SKU-GIFT-BOX,0,450.00,0
2024-08-15,STORE-BLR-02,SKU-GIFT-BOX,0,450.00,0
2024-08-16,STORE-BLR-02,SKU-GIFT-BOX,0,450.00,0
2024-08-17,STORE-BLR-02,SKU-GIFT-BOX,0,450.00,0
2024-08-18,STORE-BLR-02,SKU-GIFT-BOX,0,450.00,0
2024-08-19,STORE-BLR-02,SKU-GIFT-BOX,0,450.00,0
2024-08-20,STORE-BLR-02,SKU-GIFT-BOX,0,450.00,0
2024-08-21,STORE-BLR-02,SKU-GIFT-BOX,0,450.00,1
2024-08-22,STORE-BLR-02,SKU-GIFT-BOX,0,450.00,1
2024-08-23,STORE-BLR-02,SKU-GIFT-BOX,0,450.00,0
2024-08-24,STORE-BLR-02,SKU-GIFT-BOX,0,450.00,0
2024-08-25,STORE-BLR-02,SKU-GIFT-BOX,0,450.00,0
2024-08-26,STORE-BLR-02,SKU-GIFT-BOX,0,450.00,0
2024-08-27,STORE-BLR-02,SKU-GIFT-BOX,0,450.00,0
2024-08-28,STORE-BLR-02,SKU-GIFT-BOX,0,450.00,0
2024-08-29,STORE-BLR-02,SKU-GIFT-BOX,1,450.00,0
2024-08-30,STORE-BLR-02,SKU-GIFT-BOX,0,450.00,0
2024-08-31,STORE-BLR-02,SKU-GIFT-BOX,0,450.00,0
2024-09-01,STORE-BLR-02,SKU-GIFT-BOX,0,450.00,0
2024-09-02,STORE-BLR-02,SKU-GIFT-BOX,0,450.00,0
2024-09-03,STORE-BLR-02,SKU-GIFT-BOX,0,450.00,1
2024-09-04,STORE-BLR-02,SKU-GIFT-BOX,0,450.00,0
2024-09-05,STORE-BLR-02,SKU-GIFT-BOX,0,450.00,0
2024-09-06,STORE-BLR-02,SKU-GIFT-BOX,0,450.00,0
2024-09-07,STORE-BLR-02,SKU-GIFT-BOX,0,450.00,0
2024-09-08,STORE-BLR-02,SKU-GIFT-BOX,0,450.00,0
2024-09-09,STORE-BLR-02,SKU-GIFT-BOX,0,450.00,1
2024-09-10,STORE-BLR-02,SKU-GIFT-BOX,0,450.00,0
2024-09-11,STORE-BLR-02,SKU-GIFT-BOX,0,450.00,0
2024-09-12,STORE-BLR-02,SKU-GIFT-BOX,0,450.00,0
2024-09-13,STORE-BLR-02,SKU-GIFT-BOX,0,450.00,0
2024-09-14,STORE-BLR-02,SKU-GIFT-BOX,0,450.00,0
2024-09-15,STORE-BLR-02,SKU-GIFT-BOX,0,450.00,0
2024-09-16,STORE-BLR-02,SKU-GIFT-BOX,0,450.00,0
2024-09-17,STORE-BLR-02,SKU-GIFT-BOX,0,450.00,0
2024-09-18,STORE-BLR-02,SKU-GIFT-BOX,0,450.00,0
2024-09-19,STORE-BLR-02,SKU-GIFT-BOX,0,450.00,0
2024-09-20,STORE-BLR-02,SKU-GIFT-BOX,0,450.00,0
2024-09-21,STORE-BLR-02,SKU-GIFT-BOX,0,450.00,0
2024-09-22,STORE-BLR-02,SKU-GIFT-BOX,0,450.00,0
2024-09-23,STORE-BLR-02,SKU-GIFT-BOX,0,450.00,1
2024-09-24,STORE-BLR-02,SKU-GIFT-BOX,0,450.00,0
2024-09-25,STORE-BLR-02,SKU-GIFT-BOX,0,450.00,0
2024-09-26,STORE-BLR-02,SKU-GIFT-BOX,0,450.00,0
2024-09-27,STORE-BLR-02,SKU-GIFT-BOX,0,450.00,1
2024-09-28,STORE-BLR-02,SKU-GIFT-BOX,0,450.00,1
2024-09-29,STORE-BLR-02,SKU-GIFT-BOX,0,450.00,1
2024-09-30,STORE-BLR-02,SKU-GIFT-BOX,0,450.00,0
2024-10-01,STORE-BLR-02,SKU-GIFT-BOX,0,450.00,0
2024-10-02,STORE-BLR-02,SKU-GIFT-BOX,1,450.00,0
2024-10-03,STORE-BLR-02,SKU-GIFT-BOX,0,450.00,0
2024-10-04,STORE-BLR-02,SKU-GIFT-BOX,0,450.00,0
2024-10-05,STORE-BLR-02,SKU-GIFT-BOX,0,450.00,0
2024-10-06,STORE-BLR-02,SKU-GIFT-BOX,0,450.00,0
2024-10-07,STORE-BLR-02,SKU-GIFT-BOX,0,450.00,0
2024-10-08,STORE-BLR-02,SKU-GIFT-BOX,0,450.00,1
2024-10-09,STORE-BLR-02,SKU-GIFT-BOX,0,450.00,0
2024-10-10,STORE-BLR-02,SKU-GIFT-BOX,0,450.00,0
2024-10-11,STORE-BLR-02,SKU-GIFT-BOX,0,450.00,1
2024-10-12,STORE-BLR-02,SKU-GIFT-BOX,0,450.00,0
2024-10-13,STORE-BLR-02,SKU-GIFT-BOX,0,450.00,0
2024-10-14,STORE-BLR-02,SKU-GIFT-BOX,0,450.00,0
2024-10-15,STORE-BLR-02,SKU-GIFT-BOX,0,450.00,0
2024-10-16,STORE-BLR-02,SKU-GIFT-BOX,0,450.00,0
2024-10-17,STORE-BLR-02,SKU-GIFT-BOX,0,450.00,0
2024-10-18,STORE-BLR-02,SKU-GIFT-BOX,0,450.00,0
2024-10-19,STORE-BLR-02,SKU-GIFT-BOX,0,450.00,1
2024-10-20,STORE-BLR-02,SKU-GIFT-BOX,0,450.00,1
2024-10-21,STORE-BLR-02,SKU-GIFT-BOX,0,450.00,0
2024-10-22,STORE-BLR-02,SKU-GIFT-BOX,0,450.00,0
2024-10-23,STORE-BLR-02,SKU-GIFT-BOX,0,450.00,0
2024-10-24,STORE-BLR-02,SKU-GIFT-BOX,0,450.00,0
2024-10-25,STORE-BLR-02,SKU-GIFT-BOX,0,450.00,0
2024-10-26,STORE-BLR-02,SKU-GIFT-BOX,0,450.00,0
2024-10-27,STORE-BLR-02,SKU-GIFT-BOX,8,450.00,0
2024-10-28,STORE-BLR-02,SKU-GIFT-BOX,0,450.00,0
2024-10-29,STORE-BLR-02,SKU-GIFT-BOX,0,450.00,0
2024-10-30,STORE-BLR-02,SKU-GIFT-BOX,0,450.00,0
2024-10-31,STORE-BLR-02,SKU-GIFT-BOX,0,450.00,0
2024-11-01,STORE-BLR-02,SKU-GIFT-BOX,0,450.00,0
2024-11-02,STORE-BLR-02,SKU-GIFT-BOX,0,450.00,0
2024-11-03,STORE-BLR-02,SKU-GIFT-BOX,0,450.00,0
2024-11-04,STORE-BLR-02,SKU-GIFT-BOX,0,450.00,0
2024-11-05,STORE-BLR-02,SKU-GIFT-BOX,0,450.00,0
2024-11-06,STORE-BLR-02,SKU-GIFT-BOX,0,450.00,0
2024-11-07,STORE-BLR-02,SKU-GIFT-BOX,0,450.00,0
2024-11-08,STORE-BLR-02,SKU-GIFT-BOX,0,450.00,0
2024-11-09,STORE-BLR-02,SKU-GIFT-BOX,0,450.00,0
2024-11-10,STORE-BLR-02,SKU-GIFT-BOX,13,450.00,0
2024-11-11,STORE-BLR-02,SKU-GIFT-BOX,0,450.00,0
2024-11-12,STORE-BLR-02,SKU-GIFT-BOX,0,450.00,0
2024-11-13,STORE-BLR-02,SKU-GIFT-BOX,0,450.00,0
2024-11-14,STORE-BLR-02,SKU-GIFT-BOX,0,450.00,0
2024-11-15,STORE-BLR-02,SKU-GIFT-BOX,0,450.00,0
2024-11-16,STORE-BLR-02,SKU-GIFT-BOX,0,450.00,0
2024-11-17,STORE-BLR-02,SKU-GIFT-BOX,0,450.00,1
2024-11-18,STORE-BLR-02,SKU-GIFT-BOX,0,450.00,0
2024-11-19,STORE-BLR-02,SKU-GIFT-BOX,0,450.00,0
2024-11-20,STORE-BLR-02,SKU-GIFT-BOX,0,450.00,0
2024-11-21,STORE-BLR-02,SKU-GIFT-BOX,0,450.00,0
2024-11-22,STORE-BLR-02,SKU-GIFT-BOX,0,450.00,0
2024-11-23,STORE-BLR-02,SKU-GIFT-BOX,0,450.00,0
2024-11-24,STORE-BLR-02,SKU-GIFT-BOX,0,450.00,0
2024-11-25,STORE-BLR-02,SKU-GIFT-BOX,0,450.00,0
2024-11-26,STORE-BLR-02,SKU-GIFT-BOX,0,450.00,1
2024-11-27,STORE-BLR-02,SKU-GIFT-BOX,0,450.00,0
2024-11-28,STORE-BLR-02,SKU-GIFT-BOX,0,450.00,0
2024-11-29,STORE-BLR-02,SKU-GIFT-BOX,0,450.00,0
2024-11-30,STORE-BLR-02,SKU-GIFT-BOX,0,450.00,0
2024-12-01,STORE-BLR-02,SKU-GIFT-BOX,0,450.00,0
2024-12-02,STORE-BLR-02,SKU-GIFT-BOX,0,450.00,0
2024-12-03,STORE-BLR-02,SKU-GIFT-BOX,0,450.00,0
2024-12-04,STORE-BLR-02,SKU-GIFT-BOX,0,450.00,0
2024-12-05,STORE-BLR-02,SKU-GIFT-BOX,0,450.00,0
2024-12-06,STORE-BLR-02,SKU-GIFT-BOX,0,450.00,0
2024-12-07,STORE-BLR-02,SKU-GIFT-BOX,0,450.00,0
2024-12-08,STORE-BLR-02,SKU-GIFT-BOX,0,450.00,1
2024-12-09,STORE-BLR-02,SKU-GIFT-BOX,0,450.00,0
2024-12-10,STORE-BLR-02,SKU-GIFT-BOX,0,450.00,1
2024-12-11,STORE-BLR-02,SKU-GIFT-BOX,0,450.00,0
2024-12-12,STORE-BLR-02,SKU-GIFT-BOX,2,450.00,1
2024-12-13,STORE-BLR-02,SKU-GIFT-BOX,0,450.00,0
2024-12-14,STORE-BLR-02,SKU-GIFT-BOX,0,450.00,1
2024-12-15,STORE-BLR-02,SKU-GIFT-BOX,0,450.00,0
2024-12-16,STORE-BLR-02,SKU-GIFT-BOX,0,450.00,0
2024-12-17,STORE-BLR-02,SKU-GIFT-BOX,0,450.00,1
2024-12-18,STORE-BLR-02,SKU-GIFT-BOX,0,450.00,1
2024-12-19,STORE-BLR-02,SKU-GIFT-BOX,0,450.00,0
2024-12-20,STORE-BLR-02,SKU-GIFT-BOX,0,450.00,0
2024-12-21,STORE-BLR-02,SKU-GIFT-BOX,0,450.00,1
2024-12-22,STORE-BLR-02,SKU-GIFT-BOX,3,450.00,0
2024-12-23,STORE-BLR-02,SKU-GIFT-BOX,0,450.00,0
2024-12-24,STORE-BLR-02,SKU-GIFT-BOX,0,450.00,0
2024-12-25,STORE-BLR-02,SKU-GIFT-BOX,0,450.00,0
2024-12-26,STORE-BLR-02,SKU-GIFT-BOX,0,450.00,0
2024-12-27,STORE-BLR-02,SKU-GIFT-BOX,0,450.00,1
2024-12-28,STORE-BLR-02,SKU-GIFT-BOX,0,450.00,0
2024-12-29,STORE-BLR-02,SKU-GIFT-BOX,0,450.00,0
2024-12-30,STORE-BLR-02,SKU-GIFT-BOX,2,450.00,0
2024-12-31,STORE-BLR-02,SKU-GIFT-BOX,0,450.00,0
2025-01-01,STORE-BLR-02,SKU-GIFT-BOX,0,450.00,0
2025-01-02,STORE-BLR-02,SKU-GIFT-BOX,0,450.00,0
2025-01-03,STORE-BLR-02,SKU-GIFT-BOX,0,450.00,1
2025-01-04,STORE-BLR-02,SKU-GIFT-BOX,0,450.00,0
2025-01-05,STORE-BLR-02,SKU-GIFT-BOX,0,450.00,0
2025-01-06,STORE-BLR-02,SKU-GIFT-BOX,0,450.00,0
2025-01-07,STORE-BLR-02,SKU-GIFT-BOX,0,450.00,1
2025-01-08,STORE-BLR-02,SKU-GIFT-BOX,0,450.00,1
2025-01-09,STORE-BLR-02,SKU-GIFT-BOX,0,450.00,0
2025-01-10,STORE-BLR-02,SKU-GIFT-BOX,2,450.00,0
2025-01-11,STORE-BLR-02,SKU-GIFT-BOX,0,450.00,0
2025-01-12,STORE-BLR-02,SKU-GIFT-BOX,0,450.00,0
2025-01-13,STORE-BLR-02,SKU-GIFT-BOX,1,450.00,0
2025-01-14,STORE-BLR-02,SKU-GIFT-BOX,0,450.00,0
2025-01-15,STORE-BLR-02,SKU-GIFT-BOX,0,450.00,0
2025-01-16,STORE-BLR-02,SKU-GIFT-BOX,0,450.00,0
2025-01-17,STORE-BLR-02,SKU-GIFT-BOX,0,450.00,0
2025-01-18,STORE-BLR-02,SKU-GIFT-BOX,0,450.00,0
2025-01-19,STORE-BLR-02,SKU-GIFT-BOX,0,450.00,0
2025-01-20,STORE-BLR-02,SKU-GIFT-BOX,0,450.00,0
2025-01-21,STORE-BLR-02,SKU-GIFT-BOX,0,450.00,1
2025-01-22,STORE-BLR-02,SKU-GIFT-BOX,0,450.00,0
2025-01-23,STORE-BLR-02,SKU-GIFT-BOX,0,450.00,0
2025-01-24,STORE-BLR-02,SKU-GIFT-BOX,0,450.00,0
2025-01-25,STORE-BLR-02,SKU-GIFT-BOX,0,450.00,0
2025-01-26,STORE-BLR-02,SKU-GIFT-BOX,0,450.00,0
2025-01-27,STORE-BLR-02,SKU-GIFT-BOX,0,450.00,0
2025-01-28,STORE-BLR-02,SKU-GIFT-BOX,0,450.00,1
2025-01-29,STORE-BLR-02,SKU-GIFT-BOX,0,450.00,0
2025-01-30,STORE-BLR-02,SKU-GIFT-BOX,0,450.00,0
2025-01-31,STORE-BLR-02,SKU-GIFT-BOX,0,450.00,0
2025-02-01,STORE-BLR-02,SKU-GIFT-BOX,0,450.00,0
2025-02-02,STORE-BLR-02,SKU-GIFT-BOX,0,450.00,0
2025-02-03,STORE-BLR-02,SKU-GIFT-BOX,0,450.00,1
2025-02-04,STORE-BLR-02,SKU-GIFT-BOX,0,450.00,0
2025-02-05,STORE-BLR-02,SKU-GIFT-BOX,0,450.00,0
2025-02-06,STORE-BLR-02,SKU-GIFT-BOX,0,450.00,0
2025-02-07,STORE-BLR-02,SKU-GIFT-BOX,0,450.00,0
2025-02-08,STORE-BLR-02,SKU-GIFT-BOX,0,450.00,0
2025-02-09,STORE-BLR-02,SKU-GIFT-BOX,0,450.00,0
2025-02-10,STORE-BLR-02,SKU-GIFT-BOX,0,450.00,1
2025-02-11,STORE-BLR-02,SKU-GIFT-BOX,0,450.00,0
2025-02-12,STORE-BLR-02,SKU-GIFT-BOX,0,450.00,0
2025-02-13,STORE-BLR-02,SKU-GIFT-BOX,0,450.00,0
2025-02-14,STORE-BLR-02,SKU-GIFT-BOX,0,450.00,0
2025-02-15,STORE-BLR-02,SKU-GIFT-BOX,0,450.00,0
2025-02-16,STORE-BLR-02,SKU-GIFT-BOX,0,450.00,0
2025-02-17,STORE-BLR-02,SKU-GIFT-BOX,0,450.00,0
2025-02-18,STORE-BLR-02,SKU-GIFT-BOX,0,450.00,0
2025-02-19,STORE-BLR-02,SKU-GIFT-BOX,0,450.00,0
2025-02-20,STORE-BLR-02,SKU-GIFT-BOX,0,450.00,0
2025-02-21,STORE-BLR-02,SKU-GIFT-BOX,0,450.00,0
2025-02-22,STORE-BLR-02,SKU-GIFT-BOX,0,450.00,0
2025-02-23,STORE-BLR-02,SKU-GIFT-BOX,0,450.00,0
2025-02-24,STORE-BLR-02,SKU-GIFT-BOX,20,450.00,0
2025-02-25,STORE-BLR-02,SKU-GIFT-BOX,0,450.00,0
2025-02-26,STORE-BLR-02,SKU-GIFT-BOX,0,450.00,0
2025-02-27,STORE-BLR-02,SKU-GIFT-BOX,0,450.00,0
2025-02-28,STORE-BLR-02,SKU-GIFT-BOX,0,450.00,0
2025-03-01,STORE-BLR-02,SKU-GIFT-BOX,0,450.00,0
2025-03-02,STORE-BLR-02,SKU-GIFT-BOX,0,450.00,0
2025-03-03,STORE-BLR-02,SKU-GIFT-BOX,0,450.00,0
2025-03-04,STORE-BLR-02,SKU-GIFT-BOX,0,450.00,0
2025-03-05,STORE-BLR-02,SKU-GIFT-BOX,0,450.00,0
2025-03-06,STORE-BLR-02,SKU-GIFT-BOX,0,450.00,0
2025-03-07,STORE-BLR-02,SKU-GIFT-BOX,0,450.00,1
2025-03-08,STORE-BLR-02,SKU-GIFT-BOX,0,450.00,0
2025-03-09,STORE-BLR-02,SKU-GIFT-BOX,0,450.00,0
2025-03-10,STORE-BLR-02,SKU-GIFT-BOX,0,450.00,0
2025-03-11,STORE-BLR-02,SKU-GIFT-BOX,0,450.00,0
2025-03-12,STORE-BLR-02,SKU-GIFT-BOX,0,450.00,1
2025-03-13,STORE-BLR-02,SKU-GIFT-BOX,0,450.00,0
2025-03-14,STORE-BLR-02,SKU-GIFT-BOX,0,450.00,0
2025-03-15,STORE-BLR-02,SKU-GIFT-BOX,0,450.00,0
2025-03-16,STORE-BLR-02,SKU-GIFT-BOX,0,450.00,0
2025-03-17,STORE-BLR-02,SKU-GIFT-BOX,0,450.00,0
2025-03-18,STORE-BLR-02,SKU-GIFT-BOX,0,450.00,0
2025-03-19,STORE-BLR-02,SKU-GIFT-BOX,0,450.00,0
2025-03-20,STORE-BLR-02,SKU-GIFT-BOX,0,450.00,0
2025-03-21,STORE-BLR-02,SKU-GIFT-BOX,0,450.00,0
2025-03-22,STORE-BLR-02,SKU-GIFT-BOX,0,450.00,0
2025-03-23,STORE-BLR-02,SKU-GIFT-BOX,0,450.00,0
2025-03-24,STORE-BLR-02,SKU-GIFT-BOX,0,450.00,0
2025-03-25,STORE-BLR-02,SKU-GIFT-BOX,2,450.00,0
2025-03-26,STORE-BLR-02,SKU-GIFT-BOX,0,450.00,0
2025-03-27,STORE-BLR-02,SKU-GIFT-BOX,0,450.00,0
2025-03-28,STORE-BLR-02,SKU-GIFT-BOX,0,450.00,0
2025-03-29,STORE-BLR-02,SKU-GIFT-BOX,0,450.00,0
2025-03-30,STORE-BLR-02,SKU-GIFT-BOX,0,450.00,0
2025-03-31,STORE-BLR-02,SKU-GIFT-BOX,0,450.00,0
2025-04-01,STORE-BLR-02,SKU-GIFT-BOX,0,450.00,0
2025-04-02,STORE-BLR-02,SKU-GIFT-BOX,0,450.00,1
2025-04-03,STORE-BLR-02,SKU-GIFT-BOX,0,450.00,0
2025-04-04,STORE-BLR-02,SKU-GIFT-BOX,0,450.00,0
2025-04-05,STORE-BLR-02,SKU-GIFT-BOX,0,450.00,0
2025-04-06,STORE-BLR-02,SKU-GIFT-BOX,0,450.00,0
2025-04-07,STORE-BLR-02,SKU-GIFT-BOX,0,450.00,0
2025-04-08,STORE-BLR-02,SKU-GIFT-BOX,0,450.00,0
2025-04-09,STORE-BLR-02,SKU-GIFT-BOX,3,450.00,0
2025-04-10,STORE-BLR-02,SKU-GIFT-BOX,0,450.00,0
2025-04-11,STORE-BLR-02,SKU-GIFT-BOX,0,450.00,0
2025-04-12,STORE-BLR-02,SKU-GIFT-BOX,0,450.00,0
2025-04-13,STORE-BLR-02,SKU-GIFT-BOX,0,450.00,0
2025-04-14,STORE-BLR-02,SKU-GIFT-BOX,0,450.00,0
2025-04-15,STORE-BLR-02,SKU-GIFT-BOX,0,450.00,0
2025-04-16,STORE-BLR-02,SKU-GIFT-BOX,0,450.00,0
2025-04-17,STORE-BLR-02,SKU-GIFT-BOX,0,450.00,0
2025-04-18,STORE-BLR-02,SKU-GIFT-BOX,0,450.00,0
2025-04-19,STORE-BLR-02,SKU-GIFT-BOX,0,450.00,0
2025-04-20,STORE-BLR-02,SKU-GIFT-BOX,0,450.00,0
2025-04-21,STORE-BLR-02,SKU-GIFT-BOX,0,450.00,0
2025-04-22,STORE-BLR-02,SKU-GIFT-BOX,0,450.00,0
2025-04-23,STORE-BLR-02,SKU-GIFT-BOX,3,450.00,0
2025-04-24,STORE-BLR-02,SKU-GIFT-BOX,0,450.00,0
2025-04-25,STORE-BLR-02,SKU-GIFT-BOX,0,450.00,0
2025-04-26,STORE-BLR-02,SKU-GIFT-BOX,0,450.00,0
2025-04-27,STORE-BLR-02,SKU-GIFT-BOX,0,450.00,1
2025-04-28,STORE-BLR-02,SKU-GIFT-BOX,0,450.00,0
2025-04-29,STORE-BLR-02,SKU-GIFT-BOX,0,450.00,0
2025-04-30,STORE-BLR-02,SKU-GIFT-BOX,0,450.00,0
2025-05-01,STORE-BLR-02,SKU-GIFT-BOX,4,450.00,0
2025-05-02,STORE-BLR-02,SKU-GIFT-BOX,0,450.00,0
2025-05-03,STORE-BLR-02,SKU-GIFT-BOX,0,450.00,0
2025-05-04,STORE-BLR-02,SKU-GIFT-BOX,0,450.00,1
2025-05-05,STORE-BLR-02,SKU-GIFT-BOX,0,450.00,0
2025-05-06,STORE-BLR-02,SKU-GIFT-BOX,2,450.00,0
2025-05-07,STORE-BLR-02,SKU-GIFT-BOX,0,450.00,0
2025-05-08,STORE-BLR-02,SKU-GIFT-BOX,0,450.00,1
2025-05-09,STORE-BLR-02,SKU-GIFT-BOX,0,450.00,0
2025-05-10,STORE-BLR-02,SKU-GIFT-BOX,0,450.00,1
2025-05-11,STORE-BLR-02,SKU-GIFT-BOX,0,450.00,0
2025-05-12,STORE-BLR-02,SKU-GIFT-BOX,0,450.00,0
2025-05-13,STORE-BLR-02,SKU-GIFT-BOX,0,450.00,1
2025-05-14,STORE-BLR-02,SKU-GIFT-BOX,0,450.00,0
2025-05-15,STORE-BLR-02,SKU-GIFT-BOX,0,450.00,0
2025-05-16,STORE-BLR-02,SKU-GIFT-BOX,0,450.00,0
2025-05-17,STORE-BLR-02,SKU-GIFT-BOX,0,450.00,0
2025-05-18,STORE-BLR-02,SKU-GIFT-BOX,3,450.00,0
2025-05-19,STORE-BLR-02,SKU-GIFT-BOX,0,450.00,0
2025-05-20,STORE-BLR-02,SKU-GIFT-BOX,0,450.00,0
2025-05-21,STORE-BLR-02,SKU-GIFT-BOX,0,450.00,0
2025-05-22,STORE-BLR-02,SKU-GIFT-BOX,0,450.00,0
2025-05-23,STORE-BLR-02,SKU-GIFT-BOX,0,450.00,0
2025-05-24,STORE-BLR-02,SKU-GIFT-BOX,0,450.00,0
2025-05-25,STORE-BLR-02,SKU-GIFT-BOX,0,450.00,0
2025-05-26,STORE-BLR-02,SKU-GIFT-BOX,0,450.00,0
2025-05-27,STORE-BLR-02,SKU-GIFT-BOX,0,450.00,0
2025-05-28,STORE-BLR-02,SKU-GIFT-BOX,0,450.00,1
2025-05-29,STORE-BLR-02,SKU-GIFT-BOX,0,450.00,0
2025-05-30,STORE-BLR-02,SKU-GIFT-BOX,0,450.00,0
2025-05-31,STORE-BLR-02,SKU-GIFT-BOX,0,450.00,0
2025-06-01,STORE-BLR-02,SKU-GIFT-BOX,0,450.00,0
2025-06-02,STORE-BLR-02,SKU-GIFT-BOX,0,450.00,1
2025-06-03,STORE-BLR-02,SKU-GIFT-BOX,0,450.00,1
2025-06-04,STORE-BLR-02,SKU-GIFT-BOX,0,450.00,0
2025-06-05,STORE-BLR-02,SKU-GIFT-BOX,0,450.00,1
2025-06-06,STORE-BLR-02,SKU-GIFT-BOX,0,450.00,0
2025-06-07,STORE-BLR-02,SKU-GIFT-BOX,4,450.00,0
2025-06-08,STORE-BLR-02,SKU-GIFT-BOX,0,450.00,0
2025-06-09,STORE-BLR-02,SKU-GIFT-BOX,2,450.00,0
2025-06-10,STORE-BLR-02,SKU-GIFT-BOX,0,450.00,0
2025-06-11,STORE-BLR-02,SKU-GIFT-BOX,0,450.00,0
2025-06-12,STORE-BLR-02,SKU-GIFT-BOX,0,450.00,1
2025-06-13,STORE-BLR-02,SKU-GIFT-BOX,0,450.00,0
2025-06-14,STORE-BLR-02,SKU-GIFT-BOX,0,450.00,0
2025-06-15,STORE-BLR-02,SKU-GIFT-BOX,0,450.00,0
2025-06-16,STORE-BLR-02,SKU-GIFT-BOX,0,450.00,1
2025-06-17,STORE-BLR-02,SKU-GIFT-BOX,0,450.00,0
2025-06-18,STORE-BLR-02,SKU-GIFT-BOX,0,450.00,0
2025-06-19,STORE-BLR-02,SKU-GIFT-BOX,0,450.00,0
2025-06-20,STORE-BLR-02,SKU-GIFT-BOX,0,450.00,0
2025-06-21,STORE-BLR-02,SKU-GIFT-BOX,0,450.00,0
2025-06-22,STORE-BLR-02,SKU-GIFT-BOX,0,450.00,0
2025-06-23,STORE-BLR-02,SKU-GIFT-BOX,0,450.00,1
2025-06-24,STORE-BLR-02,SKU-GIFT-BOX,0,450.00,0
2025-06-25,STORE-BLR-02,SKU-GIFT-BOX,2,450.00,0
2025-06-26,STORE-BLR-02,SKU-GIFT-BOX,0,450.00,0
2025-06-27,STORE-BLR-02,SKU-GIFT-BOX,0,450.00,0
2025-06-28,STORE-BLR-02,SKU-GIFT-BOX,0,450.00,0
2025-06-29,STORE-BLR-02,SKU-GIFT-BOX,1,450.00,0
2025-06-30,STORE-BLR-02,SKU-GIFT-BOX,0,450.00,0
2025-07-01,STORE-BLR-02,SKU-GIFT-BOX,0,450.00,1
2025-07-02,STORE-BLR-02,SKU-GIFT-BOX,0,450.00,1
2025-07-03,STORE-BLR-02,SKU-GIFT-BOX,0,450.00,0
2025-07-04,STORE-BLR-02,SKU-GIFT-BOX,0,450.00,0
2025-07-05,STORE-BLR-02,SKU-GIFT-BOX,0,450.00,0
2025-07-06,STORE-BLR-02,SKU-GIFT-BOX,0,450.00,0
2025-07-07,STORE-BLR-02,SKU-GIFT-BOX,0,450.00,0
2025-07-08,STORE-BLR-02,SKU-GIFT-BOX,0,450.00,0
2025-07-09,STORE-BLR-02,SKU-GIFT-BOX,0,450.00,0
2025-07-10,STORE-BLR-02,SKU-GIFT-BOX,0,450.00,0
2025-07-11,STORE-BLR-02,SKU-GIFT-BOX,0,450.00,0
2025-07-12,STORE-BLR-02,SKU-GIFT-BOX,0,450.00,0
2025-07-13,STORE-BLR-02,SKU-GIFT-BOX,0,450.00,0
2025-07-14,STORE-BLR-02,SKU-GIFT-BOX,8,450.00,0
2025-07-15,STORE-BLR-02,SKU-GIFT-BOX,0,450.00,0
2025-07-16,STORE-BLR-02,SKU-GIFT-BOX,0,450.00,1
2025-07-17,STORE-BLR-02,SKU-GIFT-BOX,0,450.00,0
2025-07-18,STORE-BLR-02,SKU-GIFT-BOX,0,450.00,0
2025-07-19,STORE-BLR-02,SKU-GIFT-BOX,0,450.00,0
2025-07-20,STORE-BLR-02,SKU-GIFT-BOX,0,450.00,0
2025-07-21,STORE-BLR-02,SKU-GIFT-BOX,10,450.00,0
2025-07-22,STORE-BLR-02,SKU-GIFT-BOX,0,450.00,0
2025-07-23,STORE-BLR-02,SKU-GIFT-BOX,0,450.00,1
2025-07-24,STORE-BLR-02,SKU-GIFT-BOX,0,450.00,0
2025-07-25,STORE-BLR-02,SKU-GIFT-BOX,0,450.00,0
2025-07-26,STORE-BLR-02,SKU-GIFT-BOX,0,450.00,0
2025-07-27,STORE-BLR-02,SKU-GIFT-BOX,0,450.00,0
2025-07-28,STORE-BLR-02,SKU-GIFT-BOX,0,450.00,0
2025-07-29,STORE-BLR-02,SKU-GIFT-BOX,0,450.00,0
2025-07-30,STORE-BLR-02,SKU-GIFT-BOX,2,450.00,1
2025-07-31,STORE-BLR-02,SKU-GIFT-BOX,0,450.00,0
2025-08-01,STORE-BLR-02,SKU-GIFT-BOX,0,450.00,0
2025-08-02,STORE-BLR-02,SKU-GIFT-BOX,0,450.00,0
2025-08-03,STORE-BLR-02,SKU-GIFT-BOX,0,450.00,0
2025-08-04,STORE-BLR-02,SKU-GIFT-BOX,0,450.00,0
2025-08-05,STORE-BLR-02,SKU-GIFT-BOX,0,450.00,0
2025-08-06,STORE-BLR-02,SKU-GIFT-BOX,0,450.00,0
2025-08-07,STORE-BLR-02,SKU-GIFT-BOX,0,450.00,0
2025-08-08,STORE-BLR-02,SKU-GIFT-BOX,0,450.00,1
2025-08-09,STORE-BLR-02,SKU-GIFT-BOX,0,450.00,0
2025-08-10,STORE-BLR-02,SKU-GIFT-BOX,0,450.00,0
2025-08-11,STORE-BLR-02,SKU-GIFT-BOX,0,450.00,0
2025-08-12,STORE-BLR-02,SKU-GIFT-BOX,0,450.00,0
2025-08-13,STORE-BLR-02,SKU-GIFT-BOX,0,450.00,0
2025-08-14,STORE-BLR-02,SKU-GIFT-BOX,0,450.00,0
2025-08-15,STORE-BLR-02,SKU-GIFT-BOX,2,450.00,0
2025-08-16,STORE-BLR-02,SKU-GIFT-BOX,0,450.00,0
2025-08-17,STORE-BLR-02,SKU-GIFT-BOX,0,450.00,0
2025-08-18,STORE-BLR-02,SKU-GIFT-BOX,0,450.00,0
2025-08-19,STORE-BLR-02,SKU-GIFT-BOX,0,450.00,1
2025-08-20,STORE-BLR-02,SKU-GIFT-BOX,0,450.00,0
2025-08-21,STORE-BLR-02,SKU-GIFT-BOX,0,450.00,0
2025-08-22,STORE-BLR-02,SKU-GIFT-BOX,0,450.00,0
2025-08-23,STORE-BLR-02,SKU-GIFT-BOX,0,450.00,0
2025-08-24,STORE-BLR-02,SKU-GIFT-BOX,0,450.00,0
2025-08-25,STORE-BLR-02,SKU-GIFT-BOX,0,450.00,0
2025-08-26,STORE-BLR-02,SKU-GIFT-BOX,0,450.00,0
2025-08-27,STORE-BLR-02,SKU-GIFT-BOX,0,450.00,0
2025-08-28,STORE-BLR-02,SKU-GIFT-BOX,0,450.00,0
2025-08-29,STORE-BLR-02,SKU-GIFT-BOX,0,450.00,1
2025-08-30,STORE-BLR-02,SKU-GIFT-BOX,0,450.00,0
2025-08-31,STORE-BLR-02,SKU-GIFT-BOX,0,450.00,1
2025-09-01,STORE-BLR-02,SKU-GIFT-BOX,0,450.00,0
2025-09-02,STORE-BLR-02,SKU-GIFT-BOX,0,450.00,0
2025-09-03,STORE-BLR-02,SKU-GIFT-BOX,0,450.00,1
2025-09-04,STORE-BLR-02,SKU-GIFT-BOX,0,450.00,0
2025-09-05,STORE-BLR-02,SKU-GIFT-BOX,0,450.00,0
2025-09-06,STORE-BLR-02,SKU-GIFT-BOX,0,450.00,0
2025-09-07,STORE-BLR-02,SKU-GIFT-BOX,2,450.00,0
2025-09-08,STORE-BLR-02,SKU-GIFT-BOX,0,450.00,1
2025-09-09,STORE-BLR-02,SKU-GIFT-BOX,2,450.00,0
2025-09-10,STORE-BLR-02,SKU-GIFT-BOX,0,450.00,0
2025-09-11,STORE-BLR-02,SKU-GIFT-BOX,0,450.00,0
2025-09-12,STORE-BLR-02,SKU-GIFT-BOX,0,450.00,1
2025-09-13,STORE-BLR-02,SKU-GIFT-BOX,0,450.00,0
2025-09-14,STORE-BLR-02,SKU-GIFT-BOX,9,450.00,0
2025-09-15,STORE-BLR-02,SKU-GIFT-BOX,0,450.00,0
2025-09-16,STORE-BLR-02,SKU-GIFT-BOX,0,450.00,0
2025-09-17,STORE-BLR-02,SKU-GIFT-BOX,0,450.00,0
2025-09-18,STORE-BLR-02,SKU-GIFT-BOX,0,450.00,0
2025-09-19,STORE-BLR-02,SKU-GIFT-BOX,0,450.00,0
2025-09-20,STORE-BLR-02,SKU-GIFT-BOX,0,450.00,0
2025-09-21,STORE-BLR-02,SKU-GIFT-BOX,0,450.00,0
2025-09-22,STORE-BLR-02,SKU-GIFT-BOX,0,450.00,0
2025-09-23,STORE-BLR-02,SKU-GIFT-BOX,0,450.00,0
2025-09-24,STORE-BLR-02,SKU-GIFT-BOX,0,450.00,0
2025-09-25,STORE-BLR-02,SKU-GIFT-BOX,0,450.00,0
2025-09-26,STORE-BLR-02,SKU-GIFT-BOX,0,450.00,0
2025-09-27,STORE-BLR-02,SKU-GIFT-BOX,0,450.00,0
2025-09-28,STORE-BLR-02,SKU-GIFT-BOX,0,450.00,0
2025-09-29,STORE-BLR-02,SKU-GIFT-BOX,0,450.00,1
2025-09-30,STORE-BLR-02,SKU-GIFT-BOX,3,450.00,0
2025-10-01,STORE-BLR-02,SKU-GIFT-BOX,0,450.00,0
2025-10-02,STORE-BLR-02,SKU-GIFT-BOX,0,450.00,0
2025-10-03,STORE-BLR-02,SKU-GIFT-BOX,0,450.00,0
2025-10-04,STORE-BLR-02,SKU-GIFT-BOX,0,450.00,0
2025-10-05,STORE-BLR-02,SKU-GIFT-BOX,0,450.00,0
2025-10-06,STORE-BLR-02,SKU-GIFT-BOX,0,450.00,0
2025-10-07,STORE-BLR-02,SKU-GIFT-BOX,0,450.00,1
2025-10-08,STORE-BLR-02,SKU-GIFT-BOX,0,450.00,1
2025-10-09,STORE-BLR-02,SKU-GIFT-BOX,0,450.00,0
2025-10-10,STORE-BLR-02,SKU-GIFT-BOX,0,450.00,0
2025-10-11,STORE-BLR-02,SKU-GIFT-BOX,0,450.00,0
2025-10-12,STORE-BLR-02,SKU-GIFT-BOX,0,450.00,0
2025-10-13,STORE-BLR-02,SKU-GIFT-BOX,0,450.00,0
2025-10-14,STORE-BLR-02,SKU-GIFT-BOX,0,450.00,0
2025-10-15,STORE-BLR-02,SKU-GIFT-BOX,0,450.00,1
2025-10-16,STORE-BLR-02,SKU-GIFT-BOX,0,450.00,0
2025-10-17,STORE-BLR-02,SKU-GIFT-BOX,0,450.00,1
2025-10-18,STORE-BLR-02,SKU-GIFT-BOX,0,450.00,1
2025-10-19,STORE-BLR-02,SKU-GIFT-BOX,0,450.00,0
2025-10-20,STORE-BLR-02,SKU-GIFT-BOX,0,450.00,0
2025-10-21,STORE-BLR-02,SKU-GIFT-BOX,1,450.00,0
2025-10-22,STORE-BLR-02,SKU-GIFT-BOX,0,450.00,0
2025-10-23,STORE-BLR-02,SKU-GIFT-BOX,0,450.00,0
2025-10-24,STORE-BLR-02,SKU-GIFT-BOX,0,450.00,0
2025-10-25,STORE-BLR-02,SKU-GIFT-BOX,0,450.00,0
2025-10-26,STORE-BLR-02,SKU-GIFT-BOX,0,450.00,0
2025-10-27,STORE-BLR-02,SKU-GIFT-BOX,0,450.00,0
2025-10-28,STORE-BLR-02,SKU-GIFT-BOX,0,450.00,0
2025-10-29,STORE-BLR-02,SKU-GIFT-BOX,2,450.00,0
2025-10-30,STORE-BLR-02,SKU-GIFT-BOX,0,450.00,0
2025-10-31,STORE-BLR-02,SKU-GIFT-BOX,0,450.00,0
2025-11-01,STORE-BLR-02,SKU-GIFT-BOX,0,450.00,0
2025-11-02,STORE-BLR-02,SKU-GIFT-BOX,0,450.00,0
2025-11-03,STORE-BLR-02,SKU-GIFT-BOX,0,450.00,0
2025-11-04,STORE-BLR-02,SKU-GIFT-BOX,0,450.00,0
2025-11-05,STORE-BLR-02,SKU-GIFT-BOX,0,450.00,0
2025-11-06,STORE-BLR-02,SKU-GIFT-BOX,0,450.00,0
2025-11-07,STORE-BLR-02,SKU-GIFT-BOX,0,450.00,0
2025-11-08,STORE-BLR-02,SKU-GIFT-BOX,0,450.00,0
2025-11-09,STORE-BLR-02,SKU-GIFT-BOX,0,450.00,0
2025-11-10,STORE-BLR-02,SKU-GIFT-BOX,4,450.00,0
2025-11-11,STORE-BLR-02,SKU-GIFT-BOX,0,450.00,0
2025-11-12,STORE-BLR-02,SKU-GIFT-BOX,0,450.00,0
2025-11-13,STORE-BLR-02,SKU-GIFT-BOX,0,450.00,0
2025-11-14,STORE-BLR-02,SKU-GIFT-BOX,0,450.00,0
2025-11-15,STORE-BLR-02,SKU-GIFT-BOX,0,450.00,1
2025-11-16,STORE-BLR-02,SKU-GIFT-BOX,1,450.00,0
2025-11-17,STORE-BLR-02,SKU-GIFT-BOX,0,450.00,0
2025-11-18,STORE-BLR-02,SKU-GIFT-BOX,0,450.00,0
2025-11-19,STORE-BLR-02,SKU-GIFT-BOX,0,450.00,1
2025-11-20,STORE-BLR-02,SKU-GIFT-BOX,0,450.00,0
2025-11-21,STORE-BLR-02,SKU-GIFT-BOX,0,450.00,0
2025-11-22,STORE-BLR-02,SKU-GIFT-BOX,0,450.00,0
2025-11-23,STORE-BLR-02,SKU-GIFT-BOX,0,450.00,0
2025-11-24,STORE-BLR-02,SKU-GIFT-BOX,0,450.00,0
2025-11-25,STORE-BLR-02,SKU-GIFT-BOX,0,450.00,1
2025-11-26,STORE-BLR-02,SKU-GIFT-BOX,0,450.00,1
2025-11-27,STORE-BLR-02,SKU-GIFT-BOX,0,450.00,0
2025-11-28,STORE-BLR-02,SKU-GIFT-BOX,0,450.00,0
2025-11-29,STORE-BLR-02,SKU-GIFT-BOX,0,450.00,0
2025-11-30,STORE-BLR-02,SKU-GIFT-BOX,3,450.00,0
2025-12-01,STORE-BLR-02,SKU-GIFT-BOX,0,450.00,0
2025-12-02,STORE-BLR-02,SKU-GIFT-BOX,0,450.00,0
2025-12-03,STORE-BLR-02,SKU-GIFT-BOX,0,450.00,0
2025-12-04,STORE-BLR-02,SKU-GIFT-BOX,0,450.00,0
2025-12-05,STORE-BLR-02,SKU-GIFT-BOX,0,450.00,0
2025-12-06,STORE-BLR-02,SKU-GIFT-BOX,0,450.00,0
2025-12-07,STORE-BLR-02,SKU-GIFT-BOX,0,450.00,0
2025-12-08,STORE-BLR-02,SKU-GIFT-BOX,0,450.00,0
2025-12-09,STORE-BLR-02,SKU-GIFT-BOX,0,450.00,0
2025-12-10,STORE-BLR-02,SKU-GIFT-BOX,0,450.00,0
2025-12-11,STORE-BLR-02,SKU-GIFT-BOX,4,450.00,0
2025-12-12,STORE-BLR-02,SKU-GIFT-BOX,0,450.00,0
2025-12-13,STORE-BLR-02,SKU-GIFT-BOX,0,450.00,0
2025-12-14,STORE-BLR-02,SKU-GIFT-BOX,18,450.00,0
2025-12-15,STORE-BLR-02,SKU-GIFT-BOX,0,450.00,0
2025-12-16,STORE-BLR-02,SKU-GIFT-BOX,0,450.00,0
2025-12-17,STORE-BLR-02,SKU-GIFT-BOX,0,450.00,0
2025-12-18,STORE-BLR-02,SKU-GIFT-BOX,8,450.00,0
2025-12-19,STORE-BLR-02,SKU-GIFT-BOX,0,450.00,0
2025-12-20,STORE-BLR-02,SKU-GIFT-BOX,0,450.00,0
2025-12-21,STORE-BLR-02,SKU-GIFT-BOX,0,450.00,0
2025-12-22,STORE-BLR-02,SKU-GIFT-BOX,0,450.00,0
2025-12-23,STORE-BLR-02,SKU-GIFT-BOX,0,450.00,0
2025-12-24,STORE-BLR-02,SKU-GIFT-BOX,0,450.00,0
2025-12-25,STORE-BLR-02,SKU-GIFT-BOX,0,450.00,1
2025-12-26,STORE-BLR-02,SKU-GIFT-BOX,0,450.00,1
2025-12-27,STORE-BLR-02,SKU-GIFT-BOX,0,450.00,1
2025-12-28,STORE-BLR-02,SKU-GIFT-BOX,5,450.00,0
2025-12-29,STORE-BLR-02,SKU-GIFT-BOX,0,450.00,0
2025-12-30,STORE-BLR-02,SKU-GIFT-BOX,0,450.00,0
